LabourName,HSNACSNo,OutSideLabour,Rate,Remarks,Service,Vat,AVat,InvGroupName,InvSubGroupName,LabourDesc,TotalAmount,LabourName1,MainDepartmentName
360° CAMERA FITTING,998729,1,5245.76,,9,9,0,ACCESSORIES,CAMERA FITTING,SEG-SUV,6190,360° CAMERA FITTING - SEG-SUV,Accessories
A PILLER GARNISH O/F,998729,1,1000,,9,9,0,BODY PARTS,BODY PILLAR REPAIR,,1180,A PILLER GARNISH O/F - ,Bodyshop
A/C OVERHAUL ,998729,0,8627.12,,9,9,0,AIR CONDITIONER,AC SERVICE,SEG-P3,10180,A/C OVERHAUL  - SEG-P3,Mechanical
ABS CODING,998729,1,1220.34,,9,9,0,SCANNING SERVICE,CODING,SEG-B,1440,ABS CODING - SEG-B,Mechanical
ABS CODING,998729,0,1466.1,,9,9,0,SCANNING SERVICE,CODING,SEG-C,1730,ABS CODING - SEG-C,Mechanical
ABS CODING,998729,0,1220.34,,9,9,0,SCANNING SERVICE,CODING,SEG-A,1440,ABS CODING - SEG-A,Mechanical
ABS CODING,998729,0,1830.51,,9,9,0,SCANNING SERVICE,CODING,SEG-D,2160,ABS CODING - SEG-D,Mechanical
ABS CODING,998729,0,1525.42,,9,9,0,SCANNING SERVICE,CODING,SEG-E,1800,ABS CODING - SEG-E,Mechanical
ABS CODING,998729,0,1830.51,,9,9,0,SCANNING SERVICE,CODING,SEG-F,2160,ABS CODING - SEG-F,Mechanical
ABS CODING,998729,0,2440.68,,9,9,0,SCANNING SERVICE,CODING,SEG-P1,2880,ABS CODING - SEG-P1,Mechanical
ABS CODING,998729,0,2440.68,,9,9,0,SCANNING SERVICE,CODING,SEG-P2,2880,ABS CODING - SEG-P2,Mechanical
ABS CODING,998729,0,2440.68,,9,9,0,SCANNING SERVICE,CODING,SEG-P3,2880,ABS CODING - SEG-P3,Mechanical
ABS CODING,998729,0,2440.68,,9,9,0,SCANNING SERVICE,CODING,SEG-P4,2880,ABS CODING - SEG-P4,Mechanical
ABS MODULE CALIBRATION,998729,0,7194.92,,9,9,0,SCANNING SERVICE,CALIBRATION,SEG-P2,8490,ABS MODULE CALIBRATION - SEG-P2,Mechanical
ABS MODULE O/F,998729,1,1440.68,,9,9,0,BRAKE,ABS MODULE O/F,,1700,ABS MODULE O/F - ,Mechanical
ABS MODULE REPAIR,998729,0,5033.9,,9,9,0,BRAKE,ABS REPAIR,SEG-C,5940,ABS MODULE REPAIR - SEG-C,Mechanical
ABS SENSOR WIRING,998729,0,152.54,,9,9,0,BRAKE,ABS REPAIR,,180,ABS SENSOR WIRING - ,Mechanical
ABS UNIT O/F,998729,0,1466.1,,9,9,0,BRAKE,ABS UNIT O/F,SEG-E,1730,ABS UNIT O/F - SEG-E,Mechanical
ABS UNIT O/F,998729,0,8525.42,,9,9,0,BRAKE,ABS UNIT O/F,SEG-P4,10060,ABS UNIT O/F - SEG-P4,Mechanical
ABS UNIT O/F,998729,0,1220.34,,9,9,0,BRAKE,ABS UNIT O/F,SEG-A,1440,ABS UNIT O/F - SEG-A,Mechanical
ABS UNIT O/F,998729,0,1220.34,,9,9,0,BRAKE,ABS UNIT O/F,SEG-B,1440,ABS UNIT O/F - SEG-B,Mechanical
ABS UNIT O/F,998729,0,1466.1,,9,9,0,BRAKE,ABS UNIT O/F,SEG-C,1730,ABS UNIT O/F - SEG-C,Mechanical
ABS UNIT O/F,998729,0,1466.1,,9,9,0,BRAKE,ABS UNIT O/F,SEG-D,1730,ABS UNIT O/F - SEG-D,Mechanical
ABS UNIT O/F,998729,0,1949.15,,9,9,0,BRAKE,ABS UNIT O/F,SEG-F,2300,ABS UNIT O/F - SEG-F,Mechanical
ABS UNIT O/F,998729,0,4872.88,,9,9,0,BRAKE,ABS UNIT O/F,SEG-P1,5750,ABS UNIT O/F - SEG-P1,Mechanical
ABS UNIT O/F,998729,0,6093.22,,9,9,0,BRAKE,ABS UNIT O/F,SEG-P2,7190,ABS UNIT O/F - SEG-P2,Mechanical
ABS UNIT O/F,998729,0,7313.56,,9,9,0,BRAKE,ABS UNIT O/F,SEG-P3,8630,ABS UNIT O/F - SEG-P3,Mechanical
ABS WIRING REPAIR,998729,0,372.88,,9,9,0,ELECTRICAL,WIRING REPAIR,SEG-B,440,ABS WIRING REPAIR - SEG-B,Mechanical
AC BLOWER MOTOR O/F,998729,0,1220.34,,9,9,0,AIR CONDITIONER,AC BLOWER MOTOR O/F,SEG-B,1440,AC BLOWER MOTOR O/F - SEG-B,Mechanical
AC BLOWER MOTOR O/F,998729,0,3050.85,,9,9,0,AIR CONDITIONER,AC BLOWER MOTOR O/F,SEG-P3,3600,AC BLOWER MOTOR O/F - SEG-P3,Mechanical
AC BLOWER MOTOR O/F,998729,0,1830.51,,9,9,0,AIR CONDITIONER,AC BLOWER MOTOR O/F,SEG-F,2160,AC BLOWER MOTOR O/F - SEG-F,Mechanical
AC BLOWER MOTOR O/F,998729,0,974.58,,9,9,0,AIR CONDITIONER,AC BLOWER MOTOR O/F,SEG-A,1150,AC BLOWER MOTOR O/F - SEG-A,Mechanical
AC BLOWER MOTOR O/F,998729,0,1466.1,,9,9,0,AIR CONDITIONER,AC BLOWER MOTOR O/F,SEG-C,1730,AC BLOWER MOTOR O/F - SEG-C,Mechanical
AC BLOWER MOTOR O/F,998729,0,1830.51,,9,9,0,AIR CONDITIONER,AC BLOWER MOTOR O/F,SEG-D,2160,AC BLOWER MOTOR O/F - SEG-D,Mechanical
AC BLOWER MOTOR O/F,998729,0,1466.1,,9,9,0,AIR CONDITIONER,AC BLOWER MOTOR O/F,SEG-E,1730,AC BLOWER MOTOR O/F - SEG-E,Mechanical
AC BLOWER MOTOR O/F,998729,0,2440.68,,9,9,0,AIR CONDITIONER,AC BLOWER MOTOR O/F,SEG-P1,2880,AC BLOWER MOTOR O/F - SEG-P1,Mechanical
AC BLOWER MOTOR O/F,998729,0,2440.68,,9,9,0,AIR CONDITIONER,AC BLOWER MOTOR O/F,SEG-P2,2880,AC BLOWER MOTOR O/F - SEG-P2,Mechanical
AC BLOWER MOTOR O/F,998729,0,3652.54,,9,9,0,AIR CONDITIONER,AC BLOWER MOTOR O/F,SEG-P4,4310,AC BLOWER MOTOR O/F - SEG-P4,Mechanical
AC BLOWER MOTOR REPAIR,998729,0,491.53,,9,9,0,AIR CONDITIONER,AC BLOWER MOTOR,SEG-P1,580,AC BLOWER MOTOR REPAIR - SEG-P1,Mechanical
AC BLOWER MOTOR REPAIR,998729,0,491.53,,9,9,0,AIR CONDITIONER,AC BLOWER MOTOR,SEG-P3,580,AC BLOWER MOTOR REPAIR - SEG-P3,Mechanical
AC BLOWER MOTOR RESISTER O/F,998729,0,1500,,9,9,0,AIR CONDITIONER,AC BLOWER RESISTER,,1770,AC BLOWER MOTOR RESISTER O/F - ,Mechanical
AC BLOWER MOTOR SERVICE,998729,0,1042.37,,9,9,0,AIR CONDITIONER,AC BLOWER MOTOR SERVICE,SEG-A,1230,AC BLOWER MOTOR SERVICE - SEG-A,Mechanical
AC BLOWER MOTOR SERVICE,998729,0,1279.66,,9,9,0,AIR CONDITIONER,AC BLOWER MOTOR SERVICE,SEG-B,1510,AC BLOWER MOTOR SERVICE - SEG-B,Mechanical
AC BLOWER MOTOR SERVICE,998729,0,1525.42,,9,9,0,AIR CONDITIONER,AC BLOWER MOTOR SERVICE,SEG-C,1800,AC BLOWER MOTOR SERVICE - SEG-C,Mechanical
AC BLOWER MOTOR SERVICE,998729,0,1889.83,,9,9,0,AIR CONDITIONER,AC BLOWER MOTOR SERVICE,SEG-D,2230,AC BLOWER MOTOR SERVICE - SEG-D,Mechanical
AC BLOWER MOTOR SERVICE,998729,0,1525.42,,9,9,0,AIR CONDITIONER,AC BLOWER MOTOR SERVICE,SEG-E,1800,AC BLOWER MOTOR SERVICE - SEG-E,Mechanical
AC BLOWER MOTOR SERVICE,998729,0,3779.66,,9,9,0,AIR CONDITIONER,AC BLOWER MOTOR SERVICE,SEG-P4,4460,AC BLOWER MOTOR SERVICE - SEG-P4,Mechanical
AC BLOWER MOTOR SERVICE,998729,0,2567.8,,9,9,0,AIR CONDITIONER,AC BLOWER MOTOR SERVICE,SEG-P1,3030,AC BLOWER MOTOR SERVICE - SEG-P1,Mechanical
AC BLOWER MOTOR SERVICE,998729,0,1889.83,,9,9,0,AIR CONDITIONER,AC BLOWER MOTOR SERVICE,SEG-F,2230,AC BLOWER MOTOR SERVICE - SEG-F,Mechanical
AC BLOWER MOTOR SERVICE,998729,0,2567.8,,9,9,0,AIR CONDITIONER,AC BLOWER MOTOR SERVICE,SEG-P2,3030,AC BLOWER MOTOR SERVICE - SEG-P2,Mechanical
AC BLOWER MOTOR SERVICE,998729,0,3169.49,,9,9,0,AIR CONDITIONER,AC BLOWER MOTOR SERVICE,SEG-P3,3740,AC BLOWER MOTOR SERVICE - SEG-P3,Mechanical
AC CHAMBER CLEANING,998729,0,1364.41,,9,9,0,AIR CONDITIONER,AC BLOWER,SEG-P2,1610,AC CHAMBER CLEANING - SEG-P2,Mechanical
AC CLUTCH MAGNET O/F,998729,0,720.34,,9,9,0,AIR CONDITIONER,AC CLUTCH MAGNET,SEG-B,850,AC CLUTCH MAGNET O/F - SEG-B,Mechanical
AC COMPRESSOR BEARING O/F,998729,1,1322.03,,9,9,0,AIR CONDITIONER,COMPRESSOR BEARING,,1560,AC COMPRESSOR BEARING O/F - ,Mechanical
AC COMPRESSOR BELT O/F,998729,0,796.61,,9,9,0,ENGINE,FAN BELT O/F,SEG-E,940,AC COMPRESSOR BELT O/F - SEG-E,Mechanical
AC COMPRESSOR BELT O/F,998729,0,1703.39,,9,9,0,ENGINE,FAN BELT O/F,SEG-P4,2010,AC COMPRESSOR BELT O/F - SEG-P4,Mechanical
AC COMPRESSOR BELT O/F,998729,0,245.76,,9,9,0,ENGINE,FAN BELT O/F,SEG-A,290,AC COMPRESSOR BELT O/F - SEG-A,Mechanical
AC COMPRESSOR BELT O/F,998729,0,550.85,,9,9,0,ENGINE,FAN BELT O/F,SEG-B,650,AC COMPRESSOR BELT O/F - SEG-B,Mechanical
AC COMPRESSOR BELT O/F,998729,0,550.85,,9,9,0,ENGINE,FAN BELT O/F,SEG-C,650,AC COMPRESSOR BELT O/F - SEG-C,Mechanical
AC COMPRESSOR BELT O/F,998729,0,796.61,,9,9,0,ENGINE,FAN BELT O/F,SEG-D,940,AC COMPRESSOR BELT O/F - SEG-D,Mechanical
AC COMPRESSOR BELT O/F,998729,0,974.58,,9,9,0,ENGINE,FAN BELT O/F,SEG-F,1150,AC COMPRESSOR BELT O/F - SEG-F,Mechanical
AC COMPRESSOR BELT O/F,998729,0,1466.1,,9,9,0,ENGINE,FAN BELT O/F,SEG-P1,1730,AC COMPRESSOR BELT O/F - SEG-P1,Mechanical
AC COMPRESSOR BELT O/F,998729,0,1593.22,,9,9,0,ENGINE,FAN BELT O/F,SEG-P2,1880,AC COMPRESSOR BELT O/F - SEG-P2,Mechanical
AC COMPRESSOR BELT O/F,998729,0,1593.22,,9,9,0,ENGINE,FAN BELT O/F,SEG-P3,1880,AC COMPRESSOR BELT O/F - SEG-P3,Mechanical
AC COMPRESSOR BOLT O/F,998729,0,262.71,,9,9,0,AIR CONDITIONER,AC ACTUATOR,SEG-F,310,AC COMPRESSOR BOLT O/F - SEG-F,Mechanical
AC COMPRESSOR O/F,998729,0,0,,9,9,0,AIR CONDITIONER,AC COMPRESSOR,SEG-A,0,AC COMPRESSOR O/F - SEG-A,Mechanical
AC COMPRESSOR O/F,998729,0,0,,9,9,0,AIR CONDITIONER,AC COMPRESSOR,SEG-B,0,AC COMPRESSOR O/F - SEG-B,Mechanical
AC COMPRESSOR O/F,998729,0,0,,9,9,0,AIR CONDITIONER,AC COMPRESSOR,SEG-C,0,AC COMPRESSOR O/F - SEG-C,Mechanical
AC COMPRESSOR O/F,998729,0,0,,9,9,0,AIR CONDITIONER,AC COMPRESSOR,SEG-D,0,AC COMPRESSOR O/F - SEG-D,Mechanical
AC COMPRESSOR O/F,998729,0,0,,9,9,0,AIR CONDITIONER,AC COMPRESSOR,SEG-SUV,0,AC COMPRESSOR O/F - SEG-SUV,Mechanical
AC COMPRESSOR O/F,998729,0,0,,9,9,0,AIR CONDITIONER,AC COMPRESSOR,SEG-P1,0,AC COMPRESSOR O/F - SEG-P1,Mechanical
AC COMPRESSOR O/F,998729,0,0,,9,9,0,AIR CONDITIONER,AC COMPRESSOR,SEG-P2,0,AC COMPRESSOR O/F - SEG-P2,Mechanical
AC COMPRESSOR O/F,998729,0,0,,9,9,0,AIR CONDITIONER,AC COMPRESSOR,SEG-P3,0,AC COMPRESSOR O/F - SEG-P3,Mechanical
AC COMPRESSOR PULLEY O/F,998729,0,364.41,,9,9,0,AIR CONDITIONER,COMPRESSOR BEARING,SEG-SUV,430,AC COMPRESSOR PULLEY O/F - SEG-SUV,Mechanical
AC COMPRESSOR REPAIR,998729,0,1220.34,,9,9,0,AIR CONDITIONER,AC COMPRESSOR,SEG-P1,1440,AC COMPRESSOR REPAIR - SEG-P1,Mechanical
AC COMPRESSOR VALVE O/F,998729,0,974.58,,9,9,0,AIR CONDITIONER,AC COMPRESSOR VALVE,SEG-B,1150,AC COMPRESSOR VALVE O/F - SEG-B,Mechanical
AC CONDENSER FAN O/F,998729,0,796.61,,9,9,0,AIR CONDITIONER,AC CONDENSER FAN,SEG-D,940,AC CONDENSER FAN O/F - SEG-D,Mechanical
AC CONDENSER O/F,998729,0,0,,9,9,0,AIR CONDITIONER,AC CONDENSER,SEG-A,0,AC CONDENSER O/F - SEG-A,Mechanical
AC CONDENSER O/F,998729,0,0,,9,9,0,AIR CONDITIONER,AC CONDENSER,SEG-B,0,AC CONDENSER O/F - SEG-B,Mechanical
AC CONDENSER O/F,998729,0,0,,9,9,0,AIR CONDITIONER,AC CONDENSER,SEG-C,0,AC CONDENSER O/F - SEG-C,Mechanical
AC CONDENSER O/F,998729,0,0,,9,9,0,AIR CONDITIONER,AC CONDENSER,SEG-D,0,AC CONDENSER O/F - SEG-D,Mechanical
AC CONDENSER O/F,998729,0,0,,9,9,0,AIR CONDITIONER,AC CONDENSER,SEG-SUV,0,AC CONDENSER O/F - SEG-SUV,Mechanical
AC CONDENSER O/F,998729,0,0,,9,9,0,AIR CONDITIONER,AC CONDENSER,SEG-P1,0,AC CONDENSER O/F - SEG-P1,Mechanical
AC CONDENSER O/F,998729,0,0,,9,9,0,AIR CONDITIONER,AC CONDENSER,SEG-P2,0,AC CONDENSER O/F - SEG-P2,Mechanical
AC CONDENSER O/F,998729,0,0,,9,9,0,AIR CONDITIONER,AC CONDENSER,SEG-P3,0,AC CONDENSER O/F - SEG-P3,Mechanical
AC CONDENSER REPAIR,998729,0,1152.54,,9,9,0,AIR CONDITIONER,AC CONDENSER,COMMON,1360,AC CONDENSER REPAIR - COMMON,Mechanical
AC CONTROL PANEL O/F,998729,0,1000,,9,9,0,AIR CONDITIONER,AC SWITCH,,1180,AC CONTROL PANEL O/F - ,Mechanical
AC CONTROL PANEL REPAIR,998729,1,13500,,9,9,0,AIR CONDITIONER,AC SWITCH,,15930,AC CONTROL PANEL REPAIR - ,Mechanical
AC COOLING COIL O/F,998729,0,2872.88,,9,9,0,AIR CONDITIONER,AC COOLING COIL,SEG-B,3390,AC COOLING COIL O/F - SEG-B,Mechanical
AC COOLING COIL O/F RR,998729,0,7194.92,,9,9,0,AIR CONDITIONER,AC COOLING COIL,SEG-P3,8490,AC COOLING COIL O/F RR - SEG-P3,Mechanical
AC DISINFECTANT TREATMENT,998729,0,864.41,,9,9,0,CAR CARE,AC TREATMENT,SEG-A,1020,AC DISINFECTANT TREATMENT - SEG-A,Value Addition
AC DISINFECTANT TREATMENT,998729,0,864.41,,9,9,0,CAR CARE,AC TREATMENT,SEG-B,1020,AC DISINFECTANT TREATMENT - SEG-B,Value Addition
AC DISINFECTANT TREATMENT,998729,0,864.41,,9,9,0,CAR CARE,AC TREATMENT,SEG-C,1020,AC DISINFECTANT TREATMENT - SEG-C,Value Addition
AC DISINFECTANT TREATMENT,998729,0,864.41,,9,9,0,CAR CARE,AC TREATMENT,SEG-D,1020,AC DISINFECTANT TREATMENT - SEG-D,Value Addition
AC DISINFECTANT TREATMENT,998729,0,864.41,,9,9,0,CAR CARE,AC TREATMENT,SEG-SUV,1020,AC DISINFECTANT TREATMENT - SEG-SUV,Value Addition
AC DISINFECTANT TREATMENT,998729,0,864.41,,9,9,0,CAR CARE,AC TREATMENT,SEG-P1,1020,AC DISINFECTANT TREATMENT - SEG-P1,Value Addition
AC DISINFECTANT TREATMENT,998729,0,864.41,,9,9,0,CAR CARE,AC TREATMENT,SEG-P2,1020,AC DISINFECTANT TREATMENT - SEG-P2,Value Addition
AC DISINFECTANT TREATMENT,998729,0,864.41,,9,9,0,CAR CARE,AC TREATMENT,SEG-P3,1020,AC DISINFECTANT TREATMENT - SEG-P3,Value Addition
AC DRAIN LINE CLEAN,998729,0,423.73,,9,9,0,AIR CONDITIONER,DRAINAGE LINE SERVICE,SEG-SUV,500,AC DRAIN LINE CLEAN - SEG-SUV,Mechanical
AC DRAINAGE HOSE O/F,998729,0,100,,9,9,0,AIR CONDITIONER,AC PIPE,,118,AC DRAINAGE HOSE O/F - ,Mechanical
AC FLAP MOTOR O/F,998729,0,288.14,,9,9,0,AIR CONDITIONER,AC ACTUATOR,,340,AC FLAP MOTOR O/F - ,Mechanical
AC GAS CHARGING,998729,0,728.81,GAS/OIL EXTRA,9,9,0,AIR CONDITIONER,AC GAS REFILL,SEG-A,860,AC GAS CHARGING - SEG-A,Mechanical
AC GAS CHARGING,998729,0,728.81,GAS/OIL EXTRA,9,9,0,AIR CONDITIONER,AC GAS REFILL,SEG-B,860,AC GAS CHARGING - SEG-B,Mechanical
AC GAS CHARGING,998729,0,728.81,GAS/OIL EXTRA,9,9,0,AIR CONDITIONER,AC GAS REFILL,SEG-C,860,AC GAS CHARGING - SEG-C,Mechanical
AC GAS CHARGING,998729,0,1101.7,GAS/OIL EXTRA,9,9,0,AIR CONDITIONER,AC GAS REFILL,SEG-D,1300,AC GAS CHARGING - SEG-D,Mechanical
AC GAS CHARGING,998729,0,1466.1,GAS/OIL EXTRA,9,9,0,AIR CONDITIONER,AC GAS REFILL,SEG-P1,1730,AC GAS CHARGING - SEG-P1,Mechanical
AC GAS CHARGING,998729,0,1830.51,GAS/OIL EXTRA,9,9,0,AIR CONDITIONER,AC GAS REFILL,SEG-P2,2160,AC GAS CHARGING - SEG-P2,Mechanical
AC GAS CHARGING,998729,0,1830.51,GAS/OIL EXTRA,9,9,0,AIR CONDITIONER,AC GAS REFILL,SEG-P3,2160,AC GAS CHARGING - SEG-P3,Mechanical
AC GAS CHARGING,998729,0,1220.34,GAS/OIL EXTRA,9,9,0,AIR CONDITIONER,AC GAS REFILL,SEG-F,1440,AC GAS CHARGING - SEG-F,Mechanical
AC GAS CHARGING,998729,0,1101.7,GAS/OIL EXTRA,9,9,0,AIR CONDITIONER,AC GAS REFILL,SEG-E,1300,AC GAS CHARGING - SEG-E,Mechanical
AC GAS CHARGING,998729,0,2440.68,GAS/OIL EXTRA,9,9,0,AIR CONDITIONER,AC GAS REFILL,SEG-P4,2880,AC GAS CHARGING - SEG-P4,Mechanical
AC GAS RECOVERING,998729,0,728.81,GAS/OIL EXTRA,9,9,0,AIR CONDITIONER,AC GAS REFILL,SEG-A,860,AC GAS RECOVERING - SEG-A,Mechanical
AC GAS RECOVERING,998729,0,728.81,GAS/OIL EXTRA,9,9,0,AIR CONDITIONER,AC GAS REFILL,SEG-B,860,AC GAS RECOVERING - SEG-B,Mechanical
AC GAS RECOVERING,998729,0,728.81,GAS/OIL EXTRA,9,9,0,AIR CONDITIONER,AC GAS REFILL,SEG-C,860,AC GAS RECOVERING - SEG-C,Mechanical
AC GAS RECOVERING,998729,0,1101.7,GAS/OIL EXTRA,9,9,0,AIR CONDITIONER,AC GAS REFILL,SEG-D,1300,AC GAS RECOVERING - SEG-D,Mechanical
AC GAS RECOVERING,998729,0,1101.7,GAS/OIL EXTRA,9,9,0,AIR CONDITIONER,AC GAS REFILL,SEG-E,1300,AC GAS RECOVERING - SEG-E,Mechanical
AC GAS RECOVERING,998729,0,1220.34,GAS/OIL EXTRA,9,9,0,AIR CONDITIONER,AC GAS REFILL,SEG-F,1440,AC GAS RECOVERING - SEG-F,Mechanical
AC GAS RECOVERING,998729,0,1830.51,GAS/OIL EXTRA,9,9,0,AIR CONDITIONER,AC GAS REFILL,SEG-P2,2160,AC GAS RECOVERING - SEG-P2,Mechanical
AC GAS RECOVERING,998729,0,1830.51,GAS/OIL EXTRA,9,9,0,AIR CONDITIONER,AC GAS REFILL,SEG-P3,2160,AC GAS RECOVERING - SEG-P3,Mechanical
AC GAS RECOVERING,998729,0,2440.68,GAS/OIL EXTRA,9,9,0,AIR CONDITIONER,AC GAS REFILL,SEG-P4,2880,AC GAS RECOVERING - SEG-P4,Mechanical
AC GAS RECOVERING,998729,0,1466.1,GAS/OIL EXTRA,9,9,0,AIR CONDITIONER,AC GAS REFILL,SEG-P1,1730,AC GAS RECOVERING - SEG-P1,Mechanical
AC GRILL O/F,998729,0,576.27,,9,9,0,AIR CONDITIONER,AC GRILLE FITTING,SEG-C,680,AC GRILL O/F - SEG-C,Mechanical
AC GRILL O/F,998729,0,720.34,,9,9,0,AIR CONDITIONER,AC GRILLE FITTING,SEG-P2,850,AC GRILL O/F - SEG-P2,Mechanical
AC GRILL REPAIR,998729,0,3593.22,,9,9,0,AIR CONDITIONER,AC GRILLE,SEG-P1,4240,AC GRILL REPAIR - SEG-P1,Mechanical
AC LINE CLEANING,998729,0,720.34,,9,9,0,AIR CONDITIONER,AC GAS REFILL,,850,AC LINE CLEANING - ,Mechanical
AC PANEL REPAIR,998729,0,6042.37,,9,9,0,AIR CONDITIONER,AC GRILLE,SEG-P1,7130,AC PANEL REPAIR - SEG-P1,Mechanical
AC PIPE O/F,998729,0,0,,9,9,0,AIR CONDITIONER,AC PIPE,SEG-P1,0,AC PIPE O/F - SEG-P1,Mechanical
AC PIPE REPAIR,998729,1,644.07,,9,9,0,AIR CONDITIONER,AC PIPE,SEG-B,760,AC PIPE REPAIR - SEG-B,Mechanical
AC PIPE VALE O/F,998729,0,618.64,,9,9,0,AIR CONDITIONER,AC PIPE,SEG-D,730,AC PIPE VALE O/F - SEG-D,Mechanical
AC PRESSOR SWITCH O/F,998729,0,1152.54,,9,9,0,AIR CONDITIONER,AC SWITCH,SEG-P2,1360,AC PRESSOR SWITCH O/F - SEG-P2,Mechanical
AC PRESSURE SWITCH O/F,998729,0,1152.54,,9,9,0,AIR CONDITIONER,AC SWITCH,SEG-P1,1360,AC PRESSURE SWITCH O/F - SEG-P1,Mechanical
AC SWITCH SOCKET FITTING,998729,1,1279.66,,9,9,0,AIR CONDITIONER,AC SWITCH,SEG-C,1510,AC SWITCH SOCKET FITTING - SEG-C,Mechanical
AC SYSTEM LEAK TEST,998729,0,4881.36,,9,9,0,AIR CONDITIONER,LEAK TEST,SEG-P3,5760,AC SYSTEM LEAK TEST - SEG-P3,Mechanical
AC SYSTEM LEAK TEST,998729,0,432.2,,9,9,0,AIR CONDITIONER,LEAK TEST,SEG-B,510,AC SYSTEM LEAK TEST - SEG-B,Mechanical
AC SYSTEM LEAK TEST ,998729,0,974.58,,9,9,0,AIR CONDITIONER,LEAK TEST,SEG-P1,1150,AC SYSTEM LEAK TEST  - SEG-P1,Mechanical
AC SYSTEM SERVICE,998729,0,0,N/A,9,9,0,AIR CONDITIONER,AC SERVICE,SEG-B,0,AC SYSTEM SERVICE - SEG-B,Mechanical
AC SYSTEM SERVICE,998729,0,0,N/A,9,9,0,AIR CONDITIONER,AC SERVICE,SEG-C,0,AC SYSTEM SERVICE - SEG-C,Mechanical
AC SYSTEM SERVICE,998729,0,0,N/A,9,9,0,AIR CONDITIONER,AC SERVICE,SEG-A,0,AC SYSTEM SERVICE - SEG-A,Mechanical
AC SYSTEM SERVICE,998729,0,0,N/A,9,9,0,AIR CONDITIONER,AC SERVICE,SEG-B,0,AC SYSTEM SERVICE - SEG-B,Mechanical
AC SYSTEM SERVICE,998729,0,0,N/A,9,9,0,AIR CONDITIONER,AC SERVICE,SEG-C,0,AC SYSTEM SERVICE - SEG-C,Mechanical
AC SYSTEM SERVICE,998729,0,0,N/A,9,9,0,AIR CONDITIONER,AC SERVICE,SEG-D,0,AC SYSTEM SERVICE - SEG-D,Mechanical
AC SYSTEM SERVICE,998729,0,0,N/A,9,9,0,AIR CONDITIONER,AC SERVICE,SEG-F,0,AC SYSTEM SERVICE - SEG-F,Mechanical
AC SYSTEM SERVICE,998729,0,0,N/A,9,9,0,AIR CONDITIONER,AC SERVICE,SEG-P1,0,AC SYSTEM SERVICE - SEG-P1,Mechanical
AC SYSTEM SERVICE,998729,0,0,N/A,9,9,0,AIR CONDITIONER,AC SERVICE,SEG-P2,0,AC SYSTEM SERVICE - SEG-P2,Mechanical
AC SYSTEM SERVICE,998729,0,0,N/A,9,9,0,AIR CONDITIONER,AC SERVICE,SEG-P3,0,AC SYSTEM SERVICE - SEG-P3,Mechanical
AC SYSTEM SERVICE - LEVEL-1,998729,0,974.58,"EVACUATE, RECHARGE & LEAK TEST OF SYSTEM",9,9,0,AIR CONDITIONER,AC SERVICE,SEG-A,1150,AC SYSTEM SERVICE - LEVEL-1 - SEG-A,Mechanical
AC SYSTEM SERVICE - LEVEL-1,998729,0,974.58,"EVACUATE, RECHARGE & LEAK TEST OF SYSTEM",9,9,0,AIR CONDITIONER,AC SERVICE,SEG-B,1150,AC SYSTEM SERVICE - LEVEL-1 - SEG-B,Mechanical
AC SYSTEM SERVICE - LEVEL-1,998729,0,974.58,"EVACUATE, RECHARGE & LEAK TEST OF SYSTEM",9,9,0,AIR CONDITIONER,AC SERVICE,SEG-C,1150,AC SYSTEM SERVICE - LEVEL-1 - SEG-C,Mechanical
AC SYSTEM SERVICE - LEVEL-1,998729,0,1220.34,"EVACUATE, RECHARGE & LEAK TEST OF SYSTEM",9,9,0,AIR CONDITIONER,AC SERVICE,SEG-D,1440,AC SYSTEM SERVICE - LEVEL-1 - SEG-D,Mechanical
AC SYSTEM SERVICE - LEVEL-1,998729,0,1220.34,"EVACUATE, RECHARGE & LEAK TEST OF SYSTEM",9,9,0,AIR CONDITIONER,AC SERVICE,SEG-E,1440,AC SYSTEM SERVICE - LEVEL-1 - SEG-E,Mechanical
AC SYSTEM SERVICE - LEVEL-1,998729,0,1220.34,"EVACUATE, RECHARGE & LEAK TEST OF SYSTEM",9,9,0,AIR CONDITIONER,AC SERVICE,SEG-F,1440,AC SYSTEM SERVICE - LEVEL-1 - SEG-F,Mechanical
AC SYSTEM SERVICE - LEVEL-1,998729,0,1830.51,"EVACUATE, RECHARGE & LEAK TEST OF SYSTEM",9,9,0,AIR CONDITIONER,AC SERVICE,SEG-P1,2160,AC SYSTEM SERVICE - LEVEL-1 - SEG-P1,Mechanical
AC SYSTEM SERVICE - LEVEL-1,998729,0,1830.51,"EVACUATE, RECHARGE & LEAK TEST OF SYSTEM",9,9,0,AIR CONDITIONER,AC SERVICE,SEG-P2,2160,AC SYSTEM SERVICE - LEVEL-1 - SEG-P2,Mechanical
AC SYSTEM SERVICE - LEVEL-1,998729,0,2440.68,"EVACUATE, RECHARGE & LEAK TEST OF SYSTEM",9,9,0,AIR CONDITIONER,AC SERVICE,SEG-P3,2880,AC SYSTEM SERVICE - LEVEL-1 - SEG-P3,Mechanical
AC SYSTEM SERVICE - LEVEL-1,998729,0,3050.85,"EVACUATE, RECHARGE & LEAK TEST OF SYSTEM",9,9,0,AIR CONDITIONER,AC SERVICE,SEG-P4,3600,AC SYSTEM SERVICE - LEVEL-1 - SEG-P4,Mechanical
AC SYSTEM SERVICE - LEVEL-2,998729,0,2440.68,LEVEL 1 + COMPRESSOR O/F,9,9,0,AIR CONDITIONER,AC SERVICE,SEG-A,2880,AC SYSTEM SERVICE - LEVEL-2 - SEG-A,Mechanical
AC SYSTEM SERVICE - LEVEL-2,998729,0,2440.68,LEVEL 1 + COMPRESSOR O/F,9,9,0,AIR CONDITIONER,AC SERVICE,SEG-B,2880,AC SYSTEM SERVICE - LEVEL-2 - SEG-B,Mechanical
AC SYSTEM SERVICE - LEVEL-2,998729,0,3050.85,LEVEL 1 + COMPRESSOR O/F,9,9,0,AIR CONDITIONER,AC SERVICE,SEG-C,3600,AC SYSTEM SERVICE - LEVEL-2 - SEG-C,Mechanical
AC SYSTEM SERVICE - LEVEL-2,998729,0,3652.54,LEVEL 1 + COMPRESSOR O/F,9,9,0,AIR CONDITIONER,AC SERVICE,SEG-D,4310,AC SYSTEM SERVICE - LEVEL-2 - SEG-D,Mechanical
AC SYSTEM SERVICE - LEVEL-2,998729,0,3050.85,LEVEL 1 + COMPRESSOR O/F,9,9,0,AIR CONDITIONER,AC SERVICE,SEG-E,3600,AC SYSTEM SERVICE - LEVEL-2 - SEG-E,Mechanical
AC SYSTEM SERVICE - LEVEL-2,998729,0,3652.54,LEVEL 1 + COMPRESSOR O/F,9,9,0,AIR CONDITIONER,AC SERVICE,SEG-F,4310,AC SYSTEM SERVICE - LEVEL-2 - SEG-F,Mechanical
AC SYSTEM SERVICE - LEVEL-2,998729,0,6093.22,LEVEL 1 + COMPRESSOR O/F,9,9,0,AIR CONDITIONER,AC SERVICE,SEG-P1,7190,AC SYSTEM SERVICE - LEVEL-2 - SEG-P1,Mechanical
AC SYSTEM SERVICE - LEVEL-2,998729,0,8525.42,LEVEL 1 + COMPRESSOR O/F,9,9,0,AIR CONDITIONER,AC SERVICE,SEG-P2,10060,AC SYSTEM SERVICE - LEVEL-2 - SEG-P2,Mechanical
AC SYSTEM SERVICE - LEVEL-2,998729,0,9745.76,LEVEL 1 + COMPRESSOR O/F,9,9,0,AIR CONDITIONER,AC SERVICE,SEG-P3,11500,AC SYSTEM SERVICE - LEVEL-2 - SEG-P3,Mechanical
AC SYSTEM SERVICE - LEVEL-2,998729,0,10966.1,LEVEL 1 + COMPRESSOR O/F,9,9,0,AIR CONDITIONER,AC SERVICE,SEG-P4,12940,AC SYSTEM SERVICE - LEVEL-2 - SEG-P4,Mechanical
AC SYSTEM SERVICE - LEVEL-3,998729,0,1830.51,LEVEL-1 + CONDENSER O/F & BUMPER & TIE MEMBER O/F EXTRA,9,9,0,AIR CONDITIONER,AC SERVICE,SEG-B,2160,AC SYSTEM SERVICE - LEVEL-3 - SEG-B,Mechanical
AC SYSTEM SERVICE - LEVEL-3,998729,0,2440.68,LEVEL-1 + CONDENSER O/F & BUMPER & TIE MEMBER O/F EXTRA,9,9,0,AIR CONDITIONER,AC SERVICE,SEG-F,2880,AC SYSTEM SERVICE - LEVEL-3 - SEG-F,Mechanical
AC SYSTEM SERVICE - LEVEL-3,998729,0,4872.88,LEVEL-1 + CONDENSER O/F & BUMPER & TIE MEMBER O/F EXTRA,9,9,0,AIR CONDITIONER,AC SERVICE,SEG-P1,5750,AC SYSTEM SERVICE - LEVEL-3 - SEG-P1,Mechanical
AC SYSTEM SERVICE - LEVEL-3,998729,0,4872.88,LEVEL-1 + CONDENSER O/F & BUMPER & TIE MEMBER O/F EXTRA,9,9,0,AIR CONDITIONER,AC SERVICE,SEG-P2,5750,AC SYSTEM SERVICE - LEVEL-3 - SEG-P2,Mechanical
AC SYSTEM SERVICE - LEVEL-3,998729,0,6093.22,LEVEL-1 + CONDENSER O/F & BUMPER & TIE MEMBER O/F EXTRA,9,9,0,AIR CONDITIONER,AC SERVICE,SEG-P3,7190,AC SYSTEM SERVICE - LEVEL-3 - SEG-P3,Mechanical
AC SYSTEM SERVICE - LEVEL-3,998729,0,7923.73,LEVEL-1 + CONDENSER O/F & BUMPER & TIE MEMBER O/F EXTRA,9,9,0,AIR CONDITIONER,AC SERVICE,SEG-P4,9350,AC SYSTEM SERVICE - LEVEL-3 - SEG-P4,Mechanical
AC SYSTEM SERVICE - LEVEL-3,998729,0,1830.51,LEVEL-1 + CONDENSER O/F & BUMPER & TIE MEMBER O/F EXTRA,9,9,0,AIR CONDITIONER,AC SERVICE,SEG-C,2160,AC SYSTEM SERVICE - LEVEL-3 - SEG-C,Mechanical
AC SYSTEM SERVICE - LEVEL-3,998729,0,2076.27,LEVEL-1 + CONDENSER O/F & BUMPER & TIE MEMBER O/F EXTRA,9,9,0,AIR CONDITIONER,AC SERVICE,SEG-D,2450,AC SYSTEM SERVICE - LEVEL-3 - SEG-D,Mechanical
AC SYSTEM SERVICE - LEVEL-3,998729,0,2076.27,LEVEL-1 + CONDENSER O/F & BUMPER & TIE MEMBER O/F EXTRA,9,9,0,AIR CONDITIONER,AC SERVICE,SEG-E,2450,AC SYSTEM SERVICE - LEVEL-3 - SEG-E,Mechanical
AC SYSTEM SERVICE - LEVEL-3,998729,0,1830.51,LEVEL-1 + CONDENSER O/F & BUMPER & TIE MEMBER O/F EXTRA,9,9,0,AIR CONDITIONER,AC SERVICE,SEG-A,2160,AC SYSTEM SERVICE - LEVEL-3 - SEG-A,Mechanical
AC SYSTEM SERVICE - LEVEL-4,998729,0,3652.54,"LEVEL 1 + EVAPORATOR O/F & CLEAN, DOOR O/F EXTRA",9,9,0,AIR CONDITIONER,AC SERVICE,SEG-A,4310,AC SYSTEM SERVICE - LEVEL-4 - SEG-A,Mechanical
AC SYSTEM SERVICE - LEVEL-4,998729,0,3652.54,"LEVEL 1 + EVAPORATOR O/F & CLEAN, DOOR O/F EXTRA",9,9,0,AIR CONDITIONER,AC SERVICE,SEG-B,4310,AC SYSTEM SERVICE - LEVEL-4 - SEG-B,Mechanical
AC SYSTEM SERVICE - LEVEL-4,998729,0,4271.19,"LEVEL 1 + EVAPORATOR O/F & CLEAN, DOOR O/F EXTRA",9,9,0,AIR CONDITIONER,AC SERVICE,SEG-C,5040,AC SYSTEM SERVICE - LEVEL-4 - SEG-C,Mechanical
AC SYSTEM SERVICE - LEVEL-4,998729,0,5491.53,"LEVEL 1 + EVAPORATOR O/F & CLEAN, DOOR O/F EXTRA",9,9,0,AIR CONDITIONER,AC SERVICE,SEG-D,6480,AC SYSTEM SERVICE - LEVEL-4 - SEG-D,Mechanical
AC SYSTEM SERVICE - LEVEL-4,998729,0,4271.19,"LEVEL 1 + EVAPORATOR O/F & CLEAN, DOOR O/F EXTRA",9,9,0,AIR CONDITIONER,AC SERVICE,SEG-E,5040,AC SYSTEM SERVICE - LEVEL-4 - SEG-E,Mechanical
AC SYSTEM SERVICE - LEVEL-4,998729,0,6093.22,"LEVEL 1 + EVAPORATOR O/F & CLEAN, DOOR O/F EXTRA",9,9,0,AIR CONDITIONER,AC SERVICE,SEG-F,7190,AC SYSTEM SERVICE - LEVEL-4 - SEG-F,Mechanical
AC SYSTEM SERVICE - LEVEL-4,998729,0,10966.1,"LEVEL 1 + EVAPORATOR O/F & CLEAN, DOOR O/F EXTRA",9,9,0,AIR CONDITIONER,AC SERVICE,SEG-P1,12940,AC SYSTEM SERVICE - LEVEL-4 - SEG-P1,Mechanical
AC SYSTEM SERVICE - LEVEL-4,998729,0,12186.44,"LEVEL 1 + EVAPORATOR O/F & CLEAN, DOOR O/F EXTRA",9,9,0,AIR CONDITIONER,AC SERVICE,SEG-P2,14380,AC SYSTEM SERVICE - LEVEL-4 - SEG-P2,Mechanical
AC SYSTEM SERVICE - LEVEL-4,998729,0,14618.64,"LEVEL 1 + EVAPORATOR O/F & CLEAN, DOOR O/F EXTRA",9,9,0,AIR CONDITIONER,AC SERVICE,SEG-P3,17250,AC SYSTEM SERVICE - LEVEL-4 - SEG-P3,Mechanical
AC SYSTEM SERVICE - LEVEL-4,998729,0,18271.19,"LEVEL 1 + EVAPORATOR O/F & CLEAN, DOOR O/F EXTRA",9,9,0,AIR CONDITIONER,AC SERVICE,SEG-P4,21560,AC SYSTEM SERVICE - LEVEL-4 - SEG-P4,Mechanical
AC SYSTEM SERVICE - LEVEL-5,998729,0,8525.42,"LEVEL 1 + COMPRESSOR, CONDENSER & EVAPORATOR O/F",9,9,0,AIR CONDITIONER,AC SERVICE,SEG-A,10060,AC SYSTEM SERVICE - LEVEL-5 - SEG-A,Mechanical
AC SYSTEM SERVICE - LEVEL-5,998729,0,8525.42,"LEVEL 1 + COMPRESSOR, CONDENSER & EVAPORATOR O/F",9,9,0,AIR CONDITIONER,AC SERVICE,SEG-B,10060,AC SYSTEM SERVICE - LEVEL-5 - SEG-B,Mechanical
AC SYSTEM SERVICE - LEVEL-5,998729,0,9745.76,"LEVEL 1 + COMPRESSOR, CONDENSER & EVAPORATOR O/F",9,9,0,AIR CONDITIONER,AC SERVICE,SEG-C,11500,AC SYSTEM SERVICE - LEVEL-5 - SEG-C,Mechanical
AC SYSTEM SERVICE - LEVEL-5,998729,0,12186.44,"LEVEL 1 + COMPRESSOR, CONDENSER & EVAPORATOR O/F",9,9,0,AIR CONDITIONER,AC SERVICE,SEG-D,14380,AC SYSTEM SERVICE - LEVEL-5 - SEG-D,Mechanical
AC SYSTEM SERVICE - LEVEL-5,998729,0,10364.41,"LEVEL 1 + COMPRESSOR, CONDENSER & EVAPORATOR O/F",9,9,0,AIR CONDITIONER,AC SERVICE,SEG-E,12230,AC SYSTEM SERVICE - LEVEL-5 - SEG-E,Mechanical
AC SYSTEM SERVICE - LEVEL-5,998729,0,23144.07,"LEVEL 1 + COMPRESSOR, CONDENSER & EVAPORATOR O/F",9,9,0,AIR CONDITIONER,AC SERVICE,SEG-F,27310,AC SYSTEM SERVICE - LEVEL-5 - SEG-F,Mechanical
AC SYSTEM SERVICE - LEVEL-5,998729,0,26805.09,"LEVEL 1 + COMPRESSOR, CONDENSER & EVAPORATOR O/F",9,9,0,AIR CONDITIONER,AC SERVICE,SEG-P1,31630,AC SYSTEM SERVICE - LEVEL-5 - SEG-P1,Mechanical
AC SYSTEM SERVICE - LEVEL-5,998729,0,27415.25,"LEVEL 1 + COMPRESSOR, CONDENSER & EVAPORATOR O/F",9,9,0,AIR CONDITIONER,AC SERVICE,SEG-P2,32350,AC SYSTEM SERVICE - LEVEL-5 - SEG-P2,Mechanical
AC SYSTEM SERVICE - LEVEL-5,998729,0,32889.83,"LEVEL 1 + COMPRESSOR, CONDENSER & EVAPORATOR O/F",9,9,0,AIR CONDITIONER,AC SERVICE,SEG-P3,38810,AC SYSTEM SERVICE - LEVEL-5 - SEG-P3,Mechanical
AC SYSTEM SERVICE - LEVEL-5,998729,0,40203.39,"LEVEL 1 + COMPRESSOR, CONDENSER & EVAPORATOR O/F",9,9,0,AIR CONDITIONER,AC SERVICE,SEG-P4,47440,AC SYSTEM SERVICE - LEVEL-5 - SEG-P4,Mechanical
AC VALVE FITTING,998729,0,796.61,,9,9,0,AIR CONDITIONER,AC COMPRESSOR VALVE,SEG-D,940,AC VALVE FITTING - SEG-D,Mechanical
AC VENT SET O/F,998729,1,1254.24,,9,9,0,AIR CONDITIONER,AC GRILLE,,1480,AC VENT SET O/F - ,Mechanical
AC WIRING REPAIR,998729,0,1830.51,,9,9,0,AIR CONDITIONER,AC WIRING,SEG-SUV,2160,AC WIRING REPAIR - SEG-SUV,Mechanical
ACCELERATION SENSOR O/F,998729,0,1220.34,,9,9,0,ELECTRICAL,SENSOR O/F,SEG-P1,1440,ACCELERATION SENSOR O/F - SEG-P1,Mechanical
ACCELERATOR CABLE O/F,998729,0,152.54,,9,9,0,ENGINE,ACCELERATOR CABLE,SEG-A,180,ACCELERATOR CABLE O/F - SEG-A,Mechanical
ACCELERATOR CABLE O/F,998729,0,211.86,,9,9,0,ENGINE,ACCELERATOR CABLE,SEG-B,250,ACCELERATOR CABLE O/F - SEG-B,Mechanical
ACCELERATOR CABLE O/F,998729,0,211.86,,9,9,0,ENGINE,ACCELERATOR CABLE,SEG-C,250,ACCELERATOR CABLE O/F - SEG-C,Mechanical
ACCELERATOR CABLE O/F,998729,0,288.14,,9,9,0,ENGINE,ACCELERATOR CABLE,SEG-D,340,ACCELERATOR CABLE O/F - SEG-D,Mechanical
ACCELERATOR CABLE O/F,998729,0,364.41,,9,9,0,ENGINE,ACCELERATOR CABLE,SEG-SUV,430,ACCELERATOR CABLE O/F - SEG-SUV,Mechanical
ACCELERATOR CABLE O/F,998729,0,0,,9,9,0,ENGINE,ACCELERATOR CABLE,SEG-P1,0,ACCELERATOR CABLE O/F - SEG-P1,Mechanical
ACCELERATOR CABLE O/F,998729,0,0,,9,9,0,ENGINE,ACCELERATOR CABLE,SEG-P2,0,ACCELERATOR CABLE O/F - SEG-P2,Mechanical
ACCELERATOR CABLE O/F,998729,0,0,,9,9,0,ENGINE,ACCELERATOR CABLE,SEG-P3,0,ACCELERATOR CABLE O/F - SEG-P3,Mechanical
ACCELERATOR PEDAL O/F,998729,0,288.14,,9,9,0,ENGINE,ACCELERATOR PEDAL,SEG-A,340,ACCELERATOR PEDAL O/F - SEG-A,Mechanical
ACCELERATOR PEDAL O/F,998729,0,288.14,,9,9,0,ENGINE,ACCELERATOR PEDAL,SEG-B,340,ACCELERATOR PEDAL O/F - SEG-B,Mechanical
ACCELERATOR PEDAL O/F,998729,0,508.48,,9,9,0,ENGINE,ACCELERATOR PEDAL,SEG-P2,600,ACCELERATOR PEDAL O/F - SEG-P2,Mechanical
ACCESSORIES FITTING CHARGE,998729,0,8627.12,,9,9,0,ACCESSORIES,ACCESSORIES FITTING,COMMONG,10180,ACCESSORIES FITTING CHARGE - COMMONG,Accessories
ACCESSORIES O/F,998729,0,1440.68,,9,9,0,ACCESSORIES,CAMERA,,1700,ACCESSORIES O/F - ,Accessories
ACCS. OP & DENTS LE,440181,1,796.61,,9,9,0,BODY PARTS,ALLOY WHEEL PAINT,COMMON,940,ACCS. OP & DENTS LE - COMMON,Bodyshop
ACCUMULATOR O/F,998729,0,4313.56,,9,9,0,ELECTRICAL,SENSOR O/F,SEG-P3,5090,ACCUMULATOR O/F - SEG-P3,Mechanical
ACTUATOR ADPOTATION,998729,0,1440.68,,9,9,0,SCANNING SERVICE,ADAPTATION,SEG,1700,ACTUATOR ADPOTATION - SEG,Mechanical
ADB,998729,0,0,,9,9,0,FUEL SYSTEM,INJECTOR O/F,,0,ADB - ,Mechanical
ADBLUE NOZZLE O/F,998729,0,1000,,9,9,0,ENGINE,EXHAUST PIPE,,1180,ADBLUE NOZZLE O/F - ,Mechanical
ADBLUE TANK CLEANING,998729,0,1000,,9,9,0,FUEL SYSTEM,FUEL TANK O/F,,1180,ADBLUE TANK CLEANING - ,Mechanical
ADBLUE TANK O/F,998729,0,1254.24,,9,9,0,ENGINE COOLING,COOLANT TANK O/F,,1480,ADBLUE TANK O/F - ,Mechanical
ADDITIONAL FUEL PUMP O/F,998729,0,3000,,9,9,0,FUEL SYSTEM,FUEL PUMP O/F,,3540,ADDITIONAL FUEL PUMP O/F - ,Mechanical
ADDITIONAL WATER PUMP O/F,998729,0,2872.88,,9,9,0,ENGINE COOLING,COOLANT PUMP,SEG-P2,3390,ADDITIONAL WATER PUMP O/F - SEG-P2,Mechanical
AIR BAG MODULE REPAIR,998729,1,6000,,9,9,0,ELECTRICAL,ECM REPAIR,,7080,AIR BAG MODULE REPAIR - ,Mechanical
AIR BAG SET O/F,998729,1,1440.68,,9,9,0,BODY PARTS,AIRBAG ASSY,SEG-C,1700,AIR BAG SET O/F - SEG-C,Bodyshop
AIR CLEANER O/F,998729,0,76.27,,9,9,0,FILTERATION,FILTER HOUSING,SEG-B,90,AIR CLEANER O/F - SEG-B,Mechanical
AIR DEFLECTOR O/F,998729,1,720.34,,9,9,0,BODY PARTS,TIE MEMBER O/F,SEG-F,850,AIR DEFLECTOR O/F - SEG-F,Bodyshop
AIR DUCT O/F,998729,0,432.2,,9,9,0,BODY PARTS,AIR DUCT,SEG-P2,510,AIR DUCT O/F - SEG-P2,Bodyshop
AIR FILTER BODY O/F,998729,0,305.09,,9,9,0,FILTERATION,FILTER HOUSING O/F,SEG-A,360,AIR FILTER BODY O/F - SEG-A,Mechanical
AIR FILTER BODY O/F,998729,0,491.53,,9,9,0,FILTERATION,FILTER HOUSING O/F,SEG-B,580,AIR FILTER BODY O/F - SEG-B,Mechanical
AIR FILTER BODY O/F,998729,0,491.53,,9,9,0,FILTERATION,FILTER HOUSING O/F,SEG-D,580,AIR FILTER BODY O/F - SEG-D,Mechanical
AIR FILTER BODY O/F,998729,0,491.53,,9,9,0,FILTERATION,FILTER HOUSING O/F,SEG-E,580,AIR FILTER BODY O/F - SEG-E,Mechanical
AIR FILTER BODY O/F,998729,0,491.53,,9,9,0,FILTERATION,FILTER HOUSING O/F,SEG-F,580,AIR FILTER BODY O/F - SEG-F,Mechanical
AIR FILTER BODY O/F,998729,0,1101.7,,9,9,0,FILTERATION,FILTER HOUSING O/F,SEG-P1,1300,AIR FILTER BODY O/F - SEG-P1,Mechanical
AIR FILTER BODY O/F,998729,0,1101.7,,9,9,0,FILTERATION,FILTER HOUSING O/F,SEG-P2,1300,AIR FILTER BODY O/F - SEG-P2,Mechanical
AIR FILTER BODY O/F,998729,0,1466.1,,9,9,0,FILTERATION,FILTER HOUSING O/F,SEG-P3,1730,AIR FILTER BODY O/F - SEG-P3,Mechanical
AIR FILTER BODY O/F,998729,0,1830.51,,9,9,0,FILTERATION,FILTER HOUSING O/F,SEG-P4,2160,AIR FILTER BODY O/F - SEG-P4,Mechanical
AIR FILTER BODY O/F,998729,0,491.53,,9,9,0,FILTERATION,FILTER HOUSING O/F,SEG-C,580,AIR FILTER BODY O/F - SEG-C,Mechanical
AIR FILTER CLEAN,998729,0,245.76,,9,9,0,FILTERATION,AIR FILTER,SEG-P1,290,AIR FILTER CLEAN - SEG-P1,Mechanical
AIR FILTER O/F,998729,0,618.64,,9,9,0,FILTERATION,FILTER O/F,SEG-P3,730,AIR FILTER O/F - SEG-P3,Mechanical
AIR FILTER O/F,998729,0,728.81,,9,9,0,FILTERATION,FILTER O/F,SEG-P4,860,AIR FILTER O/F - SEG-P4,Mechanical
AIR FILTER O/F,998729,0,491.53,,9,9,0,FILTERATION,FILTER O/F,SEG-P2,580,AIR FILTER O/F - SEG-P2,Mechanical
AIR FILTER O/F,998729,0,372.88,,9,9,0,FILTERATION,FILTER O/F,SEG-P1,440,AIR FILTER O/F - SEG-P1,Mechanical
AIR FILTER SNORKEL PIPE O/F,998729,0,3593.22,,9,9,0,ENGINE,EXHAUST PIPE,SEG-F,4240,AIR FILTER SNORKEL PIPE O/F - SEG-F,Mechanical
AIR MASS SENSOR O/F,998729,0,669.49,,9,9,0,ENGINE,AIR MASS SENSOR O/F,SEG-F,790,AIR MASS SENSOR O/F - SEG-F,Mechanical
AIR MASS SENSOR O/F,998729,0,372.88,,9,9,0,ENGINE,AIR MASS SENSOR O/F,SEG-B,440,AIR MASS SENSOR O/F - SEG-B,Mechanical
AIR MASS SENSOR O/F,998729,0,372.88,,9,9,0,ENGINE,AIR MASS SENSOR O/F,SEG-C,440,AIR MASS SENSOR O/F - SEG-C,Mechanical
AIR MASS SENSOR O/F,998729,0,669.49,,9,9,0,ENGINE,AIR MASS SENSOR O/F,SEG-D,790,AIR MASS SENSOR O/F - SEG-D,Mechanical
AIR MASS SENSOR O/F,998729,0,669.49,,9,9,0,ENGINE,AIR MASS SENSOR O/F,SEG-E,790,AIR MASS SENSOR O/F - SEG-E,Mechanical
AIR MASS SENSOR O/F,998729,0,915.25,,9,9,0,ENGINE,AIR MASS SENSOR O/F,SEG-P1,1080,AIR MASS SENSOR O/F - SEG-P1,Mechanical
AIR MASS SENSOR O/F,998729,0,1466.1,,9,9,0,ENGINE,AIR MASS SENSOR O/F,SEG-P2,1730,AIR MASS SENSOR O/F - SEG-P2,Mechanical
AIR MASS SENSOR O/F,998729,0,1703.39,,9,9,0,ENGINE,AIR MASS SENSOR O/F,SEG-P3,2010,AIR MASS SENSOR O/F - SEG-P3,Mechanical
AIR MASS SENSOR O/F,998729,0,2440.68,,9,9,0,ENGINE,AIR MASS SENSOR O/F,SEG-P4,2880,AIR MASS SENSOR O/F - SEG-P4,Mechanical
AIR MASS SENSOR REPAIR,998729,1,14500,,9,9,0,ENGINE,AIR MASS SENSOR O/F,,17110,AIR MASS SENSOR REPAIR - ,Mechanical
AIR MASS SENSOR REPAIR,998729,1,51389.83,,9,9,0,ELECTRICAL,WIRING REPAIR,SEG-P3,60640,AIR MASS SENSOR REPAIR - SEG-P3,Mechanical
AIR MATIC PIPE O/F FR LH,998729,0,2161.02,,9,9,0,ENGINE,TURBO PIPE,SEG-P3,2550,AIR MATIC PIPE O/F FR LH - SEG-P3,Mechanical
AIR MIX MOTOR O/F,998729,0,796.61,,9,9,0,AIR CONDITIONER,AIR MIX MOTOR,SEG-C,940,AIR MIX MOTOR O/F - SEG-C,Mechanical
AIR PRESSURE SENSOR O/F,998729,0,1008.48,,9,9,0,ENGINE,AIR MASS SENSOR,SEG-D,1190,AIR PRESSURE SENSOR O/F - SEG-D,Mechanical
AIR SUCTION HOSE O/F,998729,0,423.73,,9,9,0,ENGINE,AIR CLEANER HOSE O/F,SEG-A,500,AIR SUCTION HOSE O/F - SEG-A,Mechanical
AIR SUCTION HOSE O/F,998729,0,550.85,,9,9,0,ENGINE,AIR CLEANER HOSE O/F,SEG-B,650,AIR SUCTION HOSE O/F - SEG-B,Mechanical
AIR SUCTION HOSE O/F,998729,0,669.49,,9,9,0,ENGINE,AIR CLEANER HOSE O/F,SEG-D,790,AIR SUCTION HOSE O/F - SEG-D,Mechanical
AIR SUCTION HOSE O/F,998729,0,669.49,,9,9,0,ENGINE,AIR CLEANER HOSE O/F,SEG-E,790,AIR SUCTION HOSE O/F - SEG-E,Mechanical
AIR SUCTION HOSE O/F,998729,0,669.49,,9,9,0,ENGINE,AIR CLEANER HOSE O/F,SEG-F,790,AIR SUCTION HOSE O/F - SEG-F,Mechanical
AIR SUCTION HOSE O/F,998729,0,2194.92,,9,9,0,ENGINE,AIR CLEANER HOSE O/F,SEG-P3,2590,AIR SUCTION HOSE O/F - SEG-P3,Mechanical
AIR SUCTION HOSE O/F,998729,0,2677.97,,9,9,0,ENGINE,AIR CLEANER HOSE O/F,SEG-P4,3160,AIR SUCTION HOSE O/F - SEG-P4,Mechanical
AIR SUCTION HOSE O/F,998729,0,1830.51,,9,9,0,ENGINE,AIR CLEANER HOSE O/F,SEG-P2,2160,AIR SUCTION HOSE O/F - SEG-P2,Mechanical
AIR SUCTION HOSE O/F,998729,0,1593.22,,9,9,0,ENGINE,AIR CLEANER HOSE O/F,SEG-P1,1880,AIR SUCTION HOSE O/F - SEG-P1,Mechanical
AIR SUCTION HOSE O/F,998729,0,550.85,,9,9,0,ENGINE,AIR CLEANER HOSE O/F,SEG-C,650,AIR SUCTION HOSE O/F - SEG-C,Mechanical
AIR SUSP PIPE O/F FR BH,998729,0,9347.46,,9,9,0,SUSPENSION,SHOCKER BALLOON,SEG-P3,11030,AIR SUSP PIPE O/F FR BH - SEG-P3,Mechanical
AIR SUSPENSION TANK REPAIR,998729,1,1118.64,,9,9,0,SUSPENSION,SUSP COMPRESSOR O/F,,1320,AIR SUSPENSION TANK REPAIR - ,Mechanical
AIRBAG CRASH SENSOR RESET,998729,1,7483.05,,9,9,0,ELECTRICAL,AIRBAG ACTUATOR,SEG-C,8830,AIRBAG CRASH SENSOR RESET - SEG-C,Mechanical
AIRBAG MODULE CODING,998729,1,3593.22,,9,9,0,SCANNING SERVICE,CODING,COMMON,4240,AIRBAG MODULE CODING - COMMON,Bodyshop
AIRBAG MODULE O/F,998729,0,1440.68,,9,9,0,BODY PARTS,AIRBAG O/F,SEG-B,1700,AIRBAG MODULE O/F - SEG-B,Bodyshop
AIRBAG MODULE O/F,998729,0,364.41,,9,9,0,BODY PARTS,AIRBAG O/F,SEG-B,430,AIRBAG MODULE O/F - SEG-B,Bodyshop
AIRBAG O/F LH,998729,0,1440.68,,9,9,0,BODY PARTS,AIRBAG O/F,SEG-B,1700,AIRBAG O/F LH - SEG-B,Bodyshop
AIRBAG O/F RH,998729,0,1440.68,,9,9,0,BODY PARTS,AIRBAG O/F,SEG-B,1700,AIRBAG O/F RH - SEG-B,Bodyshop
AIRBAG REPAIR & CODING,998729,0,3754.24,,9,9,0,AIRBAG,AIRBAG O/F,COMMON,4430,AIRBAG REPAIR & CODING - COMMON,Bodyshop
AIRCO CLEAN,998729,0,288.14,,9,9,0,CAR CARE,AIRCO CLEANING,SEG-A,340,AIRCO CLEAN - SEG-A,Value Addition
AIRCO CLEAN,998729,0,406.78,,9,9,0,CAR CARE,AIRCO CLEANING,SEG-B,480,AIRCO CLEAN - SEG-B,Value Addition
AIRCO CLEAN,998729,0,406.78,,9,9,0,CAR CARE,AIRCO CLEANING,SEG-C,480,AIRCO CLEAN - SEG-C,Value Addition
AIRCO CLEAN,998729,0,516.95,,9,9,0,CAR CARE,AIRCO CLEANING,SEG-D,610,AIRCO CLEAN - SEG-D,Value Addition
AIRCO CLEAN,998729,0,516.95,,9,9,0,CAR CARE,AIRCO CLEANING,SEG-SUV,610,AIRCO CLEAN - SEG-SUV,Value Addition
AIRCO CLEAN,998729,0,635.59,,9,9,0,CAR CARE,AIRCO CLEANING,SEG-P1,750,AIRCO CLEAN - SEG-P1,Value Addition
AIRCO CLEAN,998729,0,635.59,,9,9,0,CAR CARE,AIRCO CLEANING,SEG-P2,750,AIRCO CLEAN - SEG-P2,Value Addition
AIRCO CLEAN,998729,0,635.59,,9,9,0,CAR CARE,AIRCO CLEANING,SEG-P3,750,AIRCO CLEAN - SEG-P3,Value Addition
AIRMATIC CALIBRATION,998729,0,4271.19,,9,9,0,SCANNING SERVICE,CALIBRATION,SEG-P3,5040,AIRMATIC CALIBRATION - SEG-P3,Mechanical
ALL LIGHT RESTORATION ,998729,1,2762.71,,9,9,0,CAR CARE,HEAD LIGHT RESTORATION,SEG-B,3260,ALL LIGHT RESTORATION  - SEG-B,Value Addition
ALLOY  WHEEL CUSTOMIZATION,998729,1,2161.02,,9,9,0,PAINTING SERVICE,ALLOY WHEEL PAINT,SEG-E,2550,ALLOY  WHEEL CUSTOMIZATION - SEG-E,Bodyshop
ALLOY WHEEL CENTRE RING,998729,1,1728.81,,9,9,0,WHEELS & TYRES,WHEEL RIM STRAIGHTING,SEG-F,2040,ALLOY WHEEL CENTRE RING - SEG-F,Tyre
ALLOY WHEEL CLEAN,998729,1,0,,9,9,0,CAR CARE,WHEEL CLEAN,SEG-A,0,ALLOY WHEEL CLEAN - SEG-A,Value Addition
ALLOY WHEEL CLEAN,998729,1,0,,9,9,0,CAR CARE,WHEEL CLEAN,SEG-B,0,ALLOY WHEEL CLEAN - SEG-B,Value Addition
ALLOY WHEEL CLEAN,998729,1,0,,9,9,0,CAR CARE,WHEEL CLEAN,SEG-C,0,ALLOY WHEEL CLEAN - SEG-C,Value Addition
ALLOY WHEEL CLEAN,998729,1,0,,9,9,0,CAR CARE,WHEEL CLEAN,SEG-D,0,ALLOY WHEEL CLEAN - SEG-D,Value Addition
ALLOY WHEEL CLEAN,998729,1,0,,9,9,0,CAR CARE,WHEEL CLEAN,SEG-SUV,0,ALLOY WHEEL CLEAN - SEG-SUV,Value Addition
ALLOY WHEEL CLEAN,998729,1,0,,9,9,0,CAR CARE,WHEEL CLEAN,SEG-P1,0,ALLOY WHEEL CLEAN - SEG-P1,Value Addition
ALLOY WHEEL CLEAN,998729,1,0,,9,9,0,CAR CARE,WHEEL CLEAN,SEG-P2,0,ALLOY WHEEL CLEAN - SEG-P2,Value Addition
ALLOY WHEEL CLEAN,998729,1,0,,9,9,0,CAR CARE,WHEEL CLEAN,SEG-P3,0,ALLOY WHEEL CLEAN - SEG-P3,Value Addition
ALLOY WHEEL CUSTOMIZATION,998729,1,7500,,9,9,0,WHEELS & TYRES,WHEEL RIM STRAIGHTING,SEG-F,8850,ALLOY WHEEL CUSTOMIZATION - SEG-F,Tyre
ALLOY WHEEL O/F,998729,0,720.34,,9,9,0,WHEELS & TYRES,WHEEL RIM,SEG-P1,850,ALLOY WHEEL O/F - SEG-P1,Tyre
ALLOY WHEEL PAINTING,998729,1,11508.48,,9,9,0,PAINTING SERVICE,ALLOY WHEEL PAINT,SEG-P1 (4*2000),13580,ALLOY WHEEL PAINTING - SEG-P1 (4*2000),Bodyshop
ALLOY WHEEL PAINTING,998729,1,14372.88,,9,9,0,PAINTING SERVICE,ALLOY WHEEL PAINT,SEG-P3,16960,ALLOY WHEEL PAINTING - SEG-P3,Bodyshop
ALLOY WHEEL PAINTING ,998729,1,720.34,,9,9,0,PAINTING SERVICE,ALLOY WHEEL PAINT,SEG-B I-20,850,ALLOY WHEEL PAINTING  - SEG-B I-20,Bodyshop
ALLOY WHEEL PAINTING,998729,1,6474.58,,9,9,0,PAINTING SERVICE,ALLOY WHEEL PAINT,SEG-C,7640,ALLOY WHEEL PAINTING - SEG-C,Bodyshop
ALLOY WHEEL PAINTING ,998729,1,8627.12,,9,9,0,PAINTING SERVICE,ALLOY WHEEL PAINT,SEG-SUV (4X1500),10180,ALLOY WHEEL PAINTING  - SEG-SUV (4X1500),Bodyshop
ALLOY WHEEL PAINTING,998729,1,11508.48,,9,9,0,PAINTING SERVICE,ALLOY WHEEL PAINT,SEG-P2 (4X2000),13580,ALLOY WHEEL PAINTING - SEG-P2 (4X2000),Bodyshop
ALLOY WHEEL PAINTING,998729,1,11508.48,,9,9,0,PAINTING SERVICE,ALLOY WHEEL PAINT,SEG-P2 (4*2000),13580,ALLOY WHEEL PAINTING - SEG-P2 (4*2000),Bodyshop
ALLOY WHEEL REFURBISHED,998714,1,9347.46,,9,9,0,WHEELS & TYRES,WHEEL RIM STRAIGHTING,SEG-P4,11030,ALLOY WHEEL REFURBISHED - SEG-P4,Tyre
ALLOY WHEEL REPAIR,998714,1,2161.02,,9,9,0,WHEELS & TYRES,WHEEL RIM STRAIGHTING,SEG-C,2550,ALLOY WHEEL REPAIR - SEG-C,Tyre
"ALLOY WHEEL STRAIGHTNING  19""",998714,1,3652.54,,9,9,0,WHEELS & TYRES,WHEEL RIM STRAIGHTING,COMMON,4310,"ALLOY WHEEL STRAIGHTNING  19"" - COMMON",Tyre
"ALLOY WHEEL STRAIGHTNING 14""",998714,1,1728.81,,9,9,0,WHEELS & TYRES,WHEEL RIM STRAIGHTING,COMMON,2040,"ALLOY WHEEL STRAIGHTNING 14"" - COMMON",Tyre
"ALLOY WHEEL STRAIGHTNING 15""",998714,1,2161.02,,9,9,0,WHEELS & TYRES,WHEEL RIM STRAIGHTING,COMMON,2550,"ALLOY WHEEL STRAIGHTNING 15"" - COMMON",Tyre
"ALLOY WHEEL STRAIGHTNING 16""",998714,1,2584.75,,9,9,0,WHEELS & TYRES,WHEEL RIM STRAIGHTING,COMMON,3050,"ALLOY WHEEL STRAIGHTNING 16"" - COMMON",Tyre
"ALLOY WHEEL STRAIGHTNING 17""",998714,1,3457.63,,9,9,0,WHEELS & TYRES,WHEEL RIM STRAIGHTING,COMMON,4080,"ALLOY WHEEL STRAIGHTNING 17"" - COMMON",Tyre
"ALLOY WHEEL STRAIGHTNING 18""",998714,1,4025.42,,9,9,0,WHEELS & TYRES,WHEEL RIM STRAIGHTING,COMMON,4750,"ALLOY WHEEL STRAIGHTNING 18"" - COMMON",Tyre
"ALLOY WHEEL STRAIGHTNING 20""",998714,1,3669.49,,9,9,0,WHEELS & TYRES,WHEEL RIM STRAIGHTING,COMMON,4330,"ALLOY WHEEL STRAIGHTNING 20"" - COMMON",Tyre
ALLOY WHEEL WELDING,998714,1,1296.61,,9,9,0,WHEELS & TYRES,WHEEL RIM WELDING,COMMON  (1X850),1530,ALLOY WHEEL WELDING - COMMON  (1X850),Tyre
ALLUMINUM CHAQURED PLATE FITTING,998729,1,6860.17,,9,9,0,BODY PARTS,ENGINE COVER,,8095,ALLUMINUM CHAQURED PLATE FITTING - ,Bodyshop
ALTERNATOR ASSY O/F,998729,0,1042.37,,9,9,0,ELECTRICAL,ALTERNATOR O/F,SEG-E,1230,ALTERNATOR ASSY O/F - SEG-E,Mechanical
ALTERNATOR ASSY O/F,998729,0,5542.37,,9,9,0,ELECTRICAL,ALTERNATOR O/F,SEG-P4,6540,ALTERNATOR ASSY O/F - SEG-P4,Mechanical
ALTERNATOR ASSY O/F,998729,0,915.25,,9,9,0,ELECTRICAL,ALTERNATOR O/F,SEG-A,1080,ALTERNATOR ASSY O/F - SEG-A,Mechanical
ALTERNATOR ASSY O/F,998729,0,1042.37,,9,9,0,ELECTRICAL,ALTERNATOR O/F,SEG-B,1230,ALTERNATOR ASSY O/F - SEG-B,Mechanical
ALTERNATOR ASSY O/F,998729,0,1042.37,,9,9,0,ELECTRICAL,ALTERNATOR O/F,SEG-C,1230,ALTERNATOR ASSY O/F - SEG-C,Mechanical
ALTERNATOR ASSY O/F,998729,0,1525.42,,9,9,0,ELECTRICAL,ALTERNATOR O/F,SEG-D,1800,ALTERNATOR ASSY O/F - SEG-D,Mechanical
ALTERNATOR ASSY O/F,998729,0,1610.17,,9,9,0,ELECTRICAL,ALTERNATOR O/F,SEG-F,1900,ALTERNATOR ASSY O/F - SEG-F,Mechanical
ALTERNATOR ASSY O/F,998729,0,2161.02,,9,9,0,ELECTRICAL,ALTERNATOR O/F,SEG-P1,2550,ALTERNATOR ASSY O/F - SEG-P1,Mechanical
ALTERNATOR ASSY O/F,998729,0,2872.88,,9,9,0,ELECTRICAL,ALTERNATOR O/F,SEG-P2,3390,ALTERNATOR ASSY O/F - SEG-P2,Mechanical
ALTERNATOR ASSY O/F,998729,0,4313.56,,9,9,0,ELECTRICAL,ALTERNATOR O/F,SEG-P3,5090,ALTERNATOR ASSY O/F - SEG-P3,Mechanical
ALTERNATOR BACK PLATE SERVICE,998729,1,1305.09,,9,9,0,ELECTRICAL,ALTERNATOR,SEG-B,1540,ALTERNATOR BACK PLATE SERVICE - SEG-B,Mechanical
ALTERNATOR OVERHAUL,998729,0,1220.34,,9,9,0,ELECTRICAL,ALTERNATOR O/H,SEG-A,1440,ALTERNATOR OVERHAUL - SEG-A,Mechanical
ALTERNATOR OVERHAUL,998729,0,1466.1,,9,9,0,ELECTRICAL,ALTERNATOR O/H,SEG-B,1730,ALTERNATOR OVERHAUL - SEG-B,Mechanical
ALTERNATOR OVERHAUL,998729,0,1466.1,,9,9,0,ELECTRICAL,ALTERNATOR O/H,SEG-C,1730,ALTERNATOR OVERHAUL - SEG-C,Mechanical
ALTERNATOR OVERHAUL,998729,0,1830.51,,9,9,0,ELECTRICAL,ALTERNATOR O/H,SEG-D,2160,ALTERNATOR OVERHAUL - SEG-D,Mechanical
ALTERNATOR OVERHAUL,998729,0,1830.51,,9,9,0,ELECTRICAL,ALTERNATOR O/H,SEG-F,2160,ALTERNATOR OVERHAUL - SEG-F,Mechanical
ALTERNATOR OVERHAUL,998729,0,3050.85,,9,9,0,ELECTRICAL,ALTERNATOR O/H,SEG-P1,3600,ALTERNATOR OVERHAUL - SEG-P1,Mechanical
ALTERNATOR OVERHAUL,998729,0,3050.85,,9,9,0,ELECTRICAL,ALTERNATOR O/H,SEG-P2,3600,ALTERNATOR OVERHAUL - SEG-P2,Mechanical
ALTERNATOR OVERHAUL,998729,0,3652.54,,9,9,0,ELECTRICAL,ALTERNATOR O/H,SEG-P3,4310,ALTERNATOR OVERHAUL - SEG-P3,Mechanical
ALTERNATOR OVERHAUL,998729,0,1830.51,,9,9,0,ELECTRICAL,ALTERNATOR O/H,SEG-E,2160,ALTERNATOR OVERHAUL - SEG-E,Mechanical
ALTERNATOR OVERHAUL,998729,0,6093.22,,9,9,0,ELECTRICAL,ALTERNATOR O/H,SEG-P4,7190,ALTERNATOR OVERHAUL - SEG-P4,Mechanical
ALTERNATOR PULLEY O/F,998729,0,1830.51,,9,9,0,ELECTRICAL,ALTERNATOR PULLEY,SEG-SUV,2160,ALTERNATOR PULLEY O/F - SEG-SUV,Mechanical
ALTERNATOR REPAIR,998729,0,2161.02,,9,9,0,ELECTRICAL,ALTERNATOR,SEG-B,2550,ALTERNATOR REPAIR - SEG-B,Mechanical
ALTERNATOR REPAIR,998729,0,22279.66,,9,9,0,ELECTRICAL,ALTERNATOR,SEG-P3,26290,ALTERNATOR REPAIR - SEG-P3,Mechanical
ALTERNATOR REPAIR & SERVICE,998729,1,5601.7,,9,9,0,ELECTRICAL,ALTERNATOR,SEG-B,6610,ALTERNATOR REPAIR & SERVICE - SEG-B,Mechanical
ALTERNATOR SERVICE ,998729,0,1525.42,,9,9,0,ELECTRICAL,ALTERNATOR,SEG-B,1800,ALTERNATOR SERVICE  - SEG-B,Mechanical
AMBIENT LIGHT FITTING,998729,1,4000,,9,9,0,ACCESSORIES,LED LIGHT FITTING,,4720,AMBIENT LIGHT FITTING - ,Accessories
AMC CHARGES,998729,1,5754.24,TURTLE CERAMIC COATING PACKAGE - 1YRS - 6 SERVICES - EVERY 2 MONTH,9,9,0,CAR CARE,CERAMIC COATING,COMMON,6790,AMC CHARGES - COMMON,Value Addition
AMPLIFIER FITTING,998729,0,720.34,,9,9,0,ACCESSORIES,MUSIC PLAYER,,850,AMPLIFIER FITTING - ,Accessories
AMPLIFIER INSTALLATION,998729,0,4313.56,,9,9,0,ACCESSORIES,MUSIC PLAYER,,5090,AMPLIFIER INSTALLATION - ,Accessories
ANTENA COVER PAINTING,998729,1,1440.68,,9,9,0,PAINTING SERVICE,LID PAINT,SEG-P1,1700,ANTENA COVER PAINTING - SEG-P1,Bodyshop
ANTENA O/F,998729,0,1771.19,,9,9,0,ELECTRICAL,ANTENA FITTING,SEG-F,2090,ANTENA O/F - SEG-F,Accessories
ANTENNA FREQUENCY UPDATE,998729,1,11508.48,,9,9,0,ELECTRICAL,WIRING REPAIR,,13580,ANTENNA FREQUENCY UPDATE - ,Mechanical
ANTI RUST COATING,998729,1,3898.31,,9,9,0,CAR CARE,UNDER BODY COATING,SEG-P1,4600,ANTI RUST COATING - SEG-P1,Value Addition
ANTI RUST COATING,998729,1,4872.88,,9,9,0,CAR CARE,UNDER BODY COATING,SEG-P2,5750,ANTI RUST COATING - SEG-P2,Value Addition
ANTI RUST COATING,998729,1,4872.88,,9,9,0,CAR CARE,UNDER BODY COATING,SEG-P3,5750,ANTI RUST COATING - SEG-P3,Value Addition
ANTI RUST COATING,998729,1,2923.73,,9,9,0,CAR CARE,UNDER BODY COATING,SEG-E,3450,ANTI RUST COATING - SEG-E,Value Addition
ANTI RUST COATING,998729,1,5847.46,,9,9,0,CAR CARE,UNDER BODY COATING,SEG-P4,6900,ANTI RUST COATING - SEG-P4,Value Addition
ANTI RUST COATING,998729,1,1949.15,,9,9,0,CAR CARE,UNDER BODY COATING,SEG-A,2300,ANTI RUST COATING - SEG-A,Value Addition
ANTI RUST COATING,998729,1,1949.15,,9,9,0,CAR CARE,UNDER BODY COATING,SEG-B,2300,ANTI RUST COATING - SEG-B,Value Addition
ANTI RUST COATING,998729,1,2923.73,,9,9,0,CAR CARE,UNDER BODY COATING,SEG-C,3450,ANTI RUST COATING - SEG-C,Value Addition
ANTI RUST COATING,998729,1,2923.73,,9,9,0,CAR CARE,UNDER BODY COATING,SEG-D,3450,ANTI RUST COATING - SEG-D,Value Addition
ANTI RUST COATING - INNER BODY,998729,1,1949.15,,9,9,0,CAR CARE,UNDER BODY COATING,SEG-F,2300,ANTI RUST COATING - INNER BODY - SEG-F,Value Addition
ANTI RUST COATING - UNDER BODY,998729,1,3898.31,,9,9,0,CAR CARE,UNDER BODY COATING,SEG-F,4600,ANTI RUST COATING - UNDER BODY - SEG-F,Value Addition
ANTI RUST COATING WHEEL ARCH,998729,1,2923.73,,9,9,0,CAR CARE,ANTI RUST COATING,,3450,ANTI RUST COATING WHEEL ARCH - ,Value Addition
ANTI THEPT CODING,998729,1,14372.88,,9,9,0,SCANNING SERVICE,CODING,COMMON,16960,ANTI THEPT CODING - COMMON,Mechanical
APRON BRACKET REPAIR LH,998729,0,2872.88,,9,9,0,BODY PARTS,APRON REPAIR,SEG-SUV,3390,APRON BRACKET REPAIR LH - SEG-SUV,Bodyshop
APRON BRACKET REPAIR RH,998729,0,2872.88,,9,9,0,BODY PARTS,APRON REPAIR,SEG-SUV,3390,APRON BRACKET REPAIR RH - SEG-SUV,Bodyshop
APRON O/F RR LH,998729,1,720.34,,9,9,0,BODY PARTS,APRON REPAIR,seg-b,850,APRON O/F RR LH - seg-b,Bodyshop
APRON O/F RR RH,998729,1,720.34,,9,9,0,BODY PARTS,APRON,SEG-B,850,APRON O/F RR RH - SEG-B,Bodyshop
ARM REST FITTING,998729,1,627.12,,9,9,0,UPHOLSTERY,ARM REST FITTING,,740,ARM REST FITTING - ,Accessories
ARM REST PADDING,998729,1,1940.68,,9,9,0,UPHOLSTERY,ARM REST PADDING,SEG-SUV,2290,ARM REST PADDING - SEG-SUV,Mechanical
ASHTRAY REPAIR,998729,1,500,,9,9,0,UPHOLSTERY,ARM REST PADDING,,590,ASHTRAY REPAIR - ,Value Addition
ATF TOP-UP,998729,0,211.86,,9,9,0,LUBRICANT,ATF OIL,SEG-P2,250,ATF TOP-UP - SEG-P2,Mechanical
ATMOSPHERE LIGHT FITTING,998729,1,1084.75,,9,9,0,ELECTRICAL,TAIL LIGHT,,1280,ATMOSPHERE LIGHT FITTING - ,Mechanical
AUDIO AMPLIFIER O/F,998729,0,2161.02,,9,9,0,ELECTRICAL,MUSIC SYSTEM FITTING,SEG-P3,2550,AUDIO AMPLIFIER O/F - SEG-P3,Mechanical
AUDIO AMPLIFIER REPAIR,998729,1,71872.88,,9,9,0,ELECTRICAL,MUSIC SYSTEM REPAIR,SEG-P3,84810,AUDIO AMPLIFIER REPAIR - SEG-P3,Mechanical
AUTOMATIC TRANSMISSION O/F,998729,0,14372.88,,9,9,0,TRANSMISSION,GEAR BOX,SEG-D,16960,AUTOMATIC TRANSMISSION O/F - SEG-D,Mechanical
AUXILIARY BATTERY REPLACE,998729,0,618.64,,9,9,0,ELECTRICAL,BATTERY,SEG-P1,730,AUXILIARY BATTERY REPLACE - SEG-P1,Mechanical
AUXILIARY BATTERY REPLACE,998729,0,618.64,,9,9,0,ELECTRICAL,BATTERY,SEG-P2,730,AUXILIARY BATTERY REPLACE - SEG-P2,Mechanical
AUXILIARY BATTERY REPLACE,998729,0,1220.34,,9,9,0,ELECTRICAL,BATTERY,SEG-P4,1440,AUXILIARY BATTERY REPLACE - SEG-P4,Mechanical
AUXILIARY BATTERY REPLACE,998729,0,855.93,,9,9,0,ELECTRICAL,BATTERY O/F,SEG-P3,1010,AUXILIARY BATTERY REPLACE - SEG-P3,Mechanical
AXLE BEARING O/F RR,998729,0,491.53,,9,9,0,TRANSMISSION,AXLE,SEG-A,580,AXLE BEARING O/F RR - SEG-A,Mechanical
AXLE BOLT FITTING,998729,1,152.54,,9,9,0,TRANSMISSION,AXLE O/F,,180,AXLE BOLT FITTING - ,Mechanical
AXLE BOOT O/F FR RH,998729,0,1466.1,,9,9,0,TRANSMISSION,AXLE BOOT,SEG-F,1730,AXLE BOOT O/F FR RH - SEG-F,Mechanical
AXLE BOOT O/F FR RH,998729,0,1008.48,,9,9,0,TRANSMISSION,AXLE,SEG-C,1190,AXLE BOOT O/F FR RH - SEG-C,Mechanical
AXLE BOOT O/F LH,998729,0,5754.24,,9,9,0,TRANSMISSION,AXLE BOOT,SEG-P1,6790,AXLE BOOT O/F LH - SEG-P1,Mechanical
AXLE BOOT REPAIR,998714,1,644.07,,9,9,0,TRANSMISSION,AXLE BOOT,SEG-A,760,AXLE BOOT REPAIR - SEG-A,Mechanical
AXLE BOOT REPAIR LH,998714,1,932.2,,9,9,0,TRANSMISSION,AXLE BOOT,SEG-C,1100,AXLE BOOT REPAIR LH - SEG-C,Mechanical
AXLE BOOT SERVICE FR RH,998714,1,1364.41,,9,9,0,TRANSMISSION,AXLE BOOT,SEG-D,1610,AXLE BOOT SERVICE FR RH - SEG-D,Mechanical
AXLE BUSH O/F RR,998729,0,3016.95,,9,9,0,TRANSMISSION,AXLE BOOT,SEG-C,3560,AXLE BUSH O/F RR - SEG-C,Mechanical
AXLE JOINT REPAIR,998729,1,2161.02,,9,9,0,TRANSMISSION,AXLE BOOT,SEG-B,2550,AXLE JOINT REPAIR - SEG-B,Mechanical
AXLE O/F FR BH,998729,0,855.93,,9,9,0,TRANSMISSION,AXLE O/F,SEG-A,1010,AXLE O/F FR BH - SEG-A,Mechanical
AXLE O/F FR BH,998729,0,1347.46,,9,9,0,TRANSMISSION,AXLE O/F,SEG-B,1590,AXLE O/F FR BH - SEG-B,Mechanical
AXLE O/F FR BH,998729,0,1347.46,,9,9,0,TRANSMISSION,AXLE O/F,SEG-C,1590,AXLE O/F FR BH - SEG-C,Mechanical
AXLE O/F FR BH,998729,0,2923.73,,9,9,0,TRANSMISSION,AXLE O/F,SEG-D,3450,AXLE O/F FR BH - SEG-D,Mechanical
AXLE O/F FR BH,998729,0,1593.22,,9,9,0,TRANSMISSION,AXLE O/F,SEG-E,1880,AXLE O/F FR BH - SEG-E,Mechanical
AXLE O/F FR BH,998729,0,2923.73,,9,9,0,TRANSMISSION,AXLE O/F,SEG-F,3450,AXLE O/F FR BH - SEG-F,Mechanical
AXLE O/F FR BH,998729,0,6093.22,,9,9,0,TRANSMISSION,AXLE O/F,SEG-P1,7190,AXLE O/F FR BH - SEG-P1,Mechanical
AXLE O/F FR BH,998729,0,7313.56,,9,9,0,TRANSMISSION,AXLE O/F,SEG-P2,8630,AXLE O/F FR BH - SEG-P2,Mechanical
AXLE O/F FR BH,998729,0,8525.42,,9,9,0,TRANSMISSION,AXLE O/F,SEG-P3,10060,AXLE O/F FR BH - SEG-P3,Mechanical
AXLE O/F FR BH,998729,0,4872.88,,9,9,0,TRANSMISSION,AXLE O/F,SEG-P4,5750,AXLE O/F FR BH - SEG-P4,Mechanical
AXLE O/F FR LH,998729,0,1466.1,,9,9,0,TRANSMISSION,AXLE O/F,SEG-D,1730,AXLE O/F FR LH - SEG-D,Mechanical
AXLE O/F FR LH,998729,0,4271.19,,9,9,0,TRANSMISSION,AXLE O/F,SEG-P3,5040,AXLE O/F FR LH - SEG-P3,Mechanical
AXLE O/F FR LH,998729,0,423.73,,9,9,0,TRANSMISSION,AXLE O/F,SEG-A,500,AXLE O/F FR LH - SEG-A,Mechanical
AXLE O/F FR LH,998729,0,796.61,,9,9,0,TRANSMISSION,AXLE O/F,SEG-E,940,AXLE O/F FR LH - SEG-E,Mechanical
AXLE O/F FR LH,998729,0,1466.1,,9,9,0,TRANSMISSION,AXLE O/F,SEG-F,1730,AXLE O/F FR LH - SEG-F,Mechanical
AXLE O/F FR LH,998729,0,3050.85,,9,9,0,TRANSMISSION,AXLE O/F,SEG-P1,3600,AXLE O/F FR LH - SEG-P1,Mechanical
AXLE O/F FR LH,998729,0,3652.54,,9,9,0,TRANSMISSION,AXLE O/F,SEG-P2,4310,AXLE O/F FR LH - SEG-P2,Mechanical
AXLE O/F FR LH,998729,0,4872.88,,9,9,0,TRANSMISSION,AXLE O/F,SEG-P4,5750,AXLE O/F FR LH - SEG-P4,Mechanical
AXLE O/F FR LH,998729,0,669.49,,9,9,0,TRANSMISSION,AXLE O/F,SEG-B,790,AXLE O/F FR LH - SEG-B,Mechanical
AXLE O/F FR LH,998729,0,669.49,,9,9,0,TRANSMISSION,AXLE O/F,SEG-C,790,AXLE O/F FR LH - SEG-C,Mechanical
AXLE O/F FR RH,998729,0,669.49,,9,9,0,TRANSMISSION,AXLE O/F,SEG-C,790,AXLE O/F FR RH - SEG-C,Mechanical
AXLE O/F FR RH,998729,0,669.49,,9,9,0,TRANSMISSION,AXLE O/F,SEG-B,790,AXLE O/F FR RH - SEG-B,Mechanical
AXLE O/F FR RH,998729,0,423.73,,9,9,0,TRANSMISSION,AXLE O/F,SEG-A,500,AXLE O/F FR RH - SEG-A,Mechanical
AXLE O/F FR RH,998729,0,796.61,,9,9,0,TRANSMISSION,AXLE O/F,SEG-E,940,AXLE O/F FR RH - SEG-E,Mechanical
AXLE O/F FR RH,998729,0,1466.1,,9,9,0,TRANSMISSION,AXLE O/F,SEG-F,1730,AXLE O/F FR RH - SEG-F,Mechanical
AXLE O/F FR RH,998729,0,3050.85,,9,9,0,TRANSMISSION,AXLE O/F,SEG-P1,3600,AXLE O/F FR RH - SEG-P1,Mechanical
AXLE O/F FR RH,998729,0,3652.54,,9,9,0,TRANSMISSION,AXLE O/F,SEG-P2,4310,AXLE O/F FR RH - SEG-P2,Mechanical
AXLE O/F FR RH,998729,0,4872.88,,9,9,0,TRANSMISSION,AXLE O/F,SEG-P4,5750,AXLE O/F FR RH - SEG-P4,Mechanical
AXLE O/F FR RH,998729,0,1466.1,,9,9,0,TRANSMISSION,AXLE O/F,SEG-D,1730,AXLE O/F FR RH - SEG-D,Mechanical
AXLE O/F FR RH,998729,0,4271.19,,9,9,0,TRANSMISSION,AXLE O/F,SEG-P3,5040,AXLE O/F FR RH - SEG-P3,Mechanical
AXLE O/F RR LH,998729,0,1440.68,,9,9,0,TRANSMISSION,AXLE,SEG-P2,1700,AXLE O/F RR LH - SEG-P2,Mechanical
AXLE O/F RR RH,998729,0,3593.22,,9,9,0,TRANSMISSION,AXLE,SEG-P3,4240,AXLE O/F RR RH - SEG-P3,Mechanical
AXLE OIL SEAL O/F FR LH,998729,0,432.2,,9,9,0,TRANSMISSION,AXLE SEAL,SEG-B,510,AXLE OIL SEAL O/F FR LH - SEG-B,Mechanical
AXLE OIL SEAL O/F FR RH,998729,0,720.34,,9,9,0,TRANSMISSION,AXLE SEAL,SEG-A,850,AXLE OIL SEAL O/F FR RH - SEG-A,Mechanical
AXLE OIL SEAL O/F RR BOTH,998729,0,855.93,,9,9,0,TRANSMISSION,AXLE SEAL,SEG-SUV,1010,AXLE OIL SEAL O/F RR BOTH - SEG-SUV,Mechanical
AXLE OIL SEAL O/F RR LH,998729,0,720.34,,9,9,0,TRANSMISSION,AXLE SEAL,SEG-SUV,850,AXLE OIL SEAL O/F RR LH - SEG-SUV,Mechanical
AXLE REPAIR FR LH,998714,1,13228.81,,9,9,0,TRANSMISSION,AXLE REPAIR,SEG-SUV,15610,AXLE REPAIR FR LH - SEG-SUV,Mechanical
AXLE REPAIR FR LH,998714,1,1516.95,,9,9,0,TRANSMISSION,AXLE REPAIR,SEG-B,1790,AXLE REPAIR FR LH - SEG-B,Mechanical
AXLE REPAIR FR RH,998714,1,2161.02,,9,9,0,TRANSMISSION,AXLE REPAIR,SEG-SUV,2550,AXLE REPAIR FR RH - SEG-SUV,Mechanical
AXLE REPAIR RR RH,998714,1,14372.88,,9,9,0,TRANSMISSION,AXLE REPAIR,SEG-P3,16960,AXLE REPAIR RR RH - SEG-P3,Mechanical
B.R BUSH GREASSING,998729,0,211.86,,9,9,0,SUSPENSION,B.R. BUSH,SEG-C,250,B.R BUSH GREASSING - SEG-C,Mechanical
B.R. BUSH O/F FR BH,998729,0,669.49,,9,9,0,SUSPENSION,B.R. BUSH O/F,SEG-E,790,B.R. BUSH O/F FR BH - SEG-E,Mechanical
B.R. BUSH O/F FR BH,998729,0,3652.54,,9,9,0,SUSPENSION,B.R. BUSH O/F,SEG-P4,4310,B.R. BUSH O/F FR BH - SEG-P4,Mechanical
B.R. BUSH O/F FR BH,998729,0,423.73,,9,9,0,SUSPENSION,B.R. BUSH O/F,SEG-A,500,B.R. BUSH O/F FR BH - SEG-A,Mechanical
B.R. BUSH O/F FR BH,998729,0,491.53,,9,9,0,SUSPENSION,B.R. BUSH O/F,SEG-B,580,B.R. BUSH O/F FR BH - SEG-B,Mechanical
B.R. BUSH O/F FR BH,998729,0,491.53,,9,9,0,SUSPENSION,B.R. BUSH O/F,SEG-C,580,B.R. BUSH O/F FR BH - SEG-C,Mechanical
B.R. BUSH O/F FR BH,998729,0,618.64,,9,9,0,SUSPENSION,B.R. BUSH O/F,SEG-D,730,B.R. BUSH O/F FR BH - SEG-D,Mechanical
B.R. BUSH O/F FR BH,998729,0,974.58,,9,9,0,SUSPENSION,B.R. BUSH O/F,SEG-F,1150,B.R. BUSH O/F FR BH - SEG-F,Mechanical
B.R. BUSH O/F FR BH,998729,0,1830.51,,9,9,0,SUSPENSION,B.R. BUSH O/F,SEG-P1,2160,B.R. BUSH O/F FR BH - SEG-P1,Mechanical
B.R. BUSH O/F FR BH,998729,0,2440.68,,9,9,0,SUSPENSION,B.R. BUSH O/F,SEG-P2,2880,B.R. BUSH O/F FR BH - SEG-P2,Mechanical
B.R. BUSH O/F FR BH,998729,0,3050.85,,9,9,0,SUSPENSION,B.R. BUSH O/F,SEG-P3,3600,B.R. BUSH O/F FR BH - SEG-P3,Mechanical
B.R. BUSH O/F RR BH,998729,0,3050.85,,9,9,0,SUSPENSION,B.R. BUSH O/F,SEG-P4,3600,B.R. BUSH O/F RR BH - SEG-P4,Mechanical
B.R. BUSH O/F RR BH,998729,0,855.93,,9,9,0,SUSPENSION,B.R. BUSH O/F,SEG-F,1010,B.R. BUSH O/F RR BH - SEG-F,Mechanical
B.R. BUSH O/F RR BH,998729,0,1830.51,,9,9,0,SUSPENSION,B.R. BUSH O/F,SEG-P1,2160,B.R. BUSH O/F RR BH - SEG-P1,Mechanical
B.R. BUSH O/F RR BH,998729,0,2127.12,,9,9,0,SUSPENSION,B.R. BUSH O/F,SEG-P2,2510,B.R. BUSH O/F RR BH - SEG-P2,Mechanical
B.R. BUSH O/F RR BH,998729,0,2440.68,,9,9,0,SUSPENSION,B.R. BUSH O/F,SEG-P3,2880,B.R. BUSH O/F RR BH - SEG-P3,Mechanical
BAD SMELL CHECK & O/F,998729,0,2872.88,,9,9,0,GENERAL SERVICE,GENERAL CHECK UP,COMMON,3390,BAD SMELL CHECK & O/F - COMMON,Mechanical
BALANCE ROD BUSH O/F FR BH,998729,0,1152.54,,9,9,0,SUSPENSION,BALANCE ROD,SEG-D,1360,BALANCE ROD BUSH O/F FR BH - SEG-D,Mechanical
BALANCE ROD O/F FR,998729,0,423.73,,9,9,0,SUSPENSION,BALANCE ROD O/F,SEG-A,500,BALANCE ROD O/F FR - SEG-A,Mechanical
BALANCE ROD O/F FR,998729,0,1466.1,,9,9,0,SUSPENSION,BALANCE ROD O/F,SEG-B,1730,BALANCE ROD O/F FR - SEG-B,Mechanical
BALANCE ROD O/F FR,998729,0,1466.1,,9,9,0,SUSPENSION,BALANCE ROD O/F,SEG-C,1730,BALANCE ROD O/F FR - SEG-C,Mechanical
BALANCE ROD O/F FR,998729,0,2194.92,,9,9,0,SUSPENSION,BALANCE ROD O/F,SEG-D,2590,BALANCE ROD O/F FR - SEG-D,Mechanical
BALANCE ROD O/F FR,998729,0,1932.2,,9,9,0,SUSPENSION,BALANCE ROD O/F,SEG-E,2280,BALANCE ROD O/F FR - SEG-E,Mechanical
BALANCE ROD O/F FR,998729,0,2194.92,,9,9,0,SUSPENSION,BALANCE ROD O/F,SEG-F,2590,BALANCE ROD O/F FR - SEG-F,Mechanical
BALANCE ROD O/F FR,998729,0,4271.19,,9,9,0,SUSPENSION,BALANCE ROD O/F,SEG-P1,5040,BALANCE ROD O/F FR - SEG-P1,Mechanical
BALANCE ROD O/F FR,998729,0,6703.39,,9,9,0,SUSPENSION,BALANCE ROD O/F,SEG-P3,7910,BALANCE ROD O/F FR - SEG-P3,Mechanical
BALANCE ROD O/F FR,998729,0,8525.42,,9,9,0,SUSPENSION,BALANCE ROD O/F,SEG-P4,10060,BALANCE ROD O/F FR - SEG-P4,Mechanical
BALANCE ROD O/F FR,998729,0,5491.53,,9,9,0,SUSPENSION,BALANCE ROD O/F,SEG-P2,6480,BALANCE ROD O/F FR - SEG-P2,Mechanical
BALANCE ROD O/F RR,998729,0,0,,9,9,0,SUSPENSION,BALANCE ROD,SEG-P3,0,BALANCE ROD O/F RR - SEG-P3,Mechanical
BATTERY CABLE O/F,998729,0,4313.56,,9,9,0,ELECTRICAL,BATTERY O/F,,5090,BATTERY CABLE O/F - ,Mechanical
BATTERY CABLE SOLDERING,998729,1,1059.32,,9,9,0,ELECTRICAL,WIRING REPAIR,,1250,BATTERY CABLE SOLDERING - ,
BATTERY CHARGING,998729,0,305.09,,9,9,0,ELECTRICAL,BATTERY CHARGING,SEG-A-B-C-D-E-F,360,BATTERY CHARGING - SEG-A-B-C-D-E-F,Mechanical
BATTERY CHARGING,998729,0,618.64,,9,9,0,ELECTRICAL,BATTERY CHARGING,SEG-P1-P2-P3-P4,730,BATTERY CHARGING - SEG-P1-P2-P3-P4,Mechanical
BATTERY O/F,998729,0,0,,9,9,0,ELECTRICAL,BATTERY O/F,COMMON,0,BATTERY O/F - COMMON,Mechanical
BATTERY REPLACEMENT,998729,0,974.58,,9,9,0,ELECTRICAL,BATTERY O/F,SEG-P1,1150,BATTERY REPLACEMENT - SEG-P1,Mechanical
BATTERY REPLACEMENT,998729,0,1220.34,,9,9,0,ELECTRICAL,BATTERY O/F,SEG-P2,1440,BATTERY REPLACEMENT - SEG-P2,Mechanical
BATTERY REPLACEMENT,998729,0,1220.34,,9,9,0,ELECTRICAL,BATTERY O/F,SEG-P3,1440,BATTERY REPLACEMENT - SEG-P3,Mechanical
BATTERY REPLACEMENT,998729,0,1830.51,,9,9,0,ELECTRICAL,BATTERY O/F,SEG-P4,2160,BATTERY REPLACEMENT - SEG-P4,Mechanical
BATTERY STAND O/F,998729,0,245.76,,9,9,0,ELECTRICAL,BATTERY O/F,SEG-B,290,BATTERY STAND O/F - SEG-B,Mechanical
BATTERY STAND REPAIR,998729,1,720.34,,9,9,0,ELECTRICAL,BATTERY O/F,SEG-D,850,BATTERY STAND REPAIR - SEG-D,Mechanical
BATTERY TERMINAL CABLE FITTING,998729,1,1084.75,,9,9,0,ELECTRICAL,SPIRAL CABLE,,1280,BATTERY TERMINAL CABLE FITTING - ,Mechanical
BATTERY TERMINAL O/F,998729,0,127.12,,9,9,0,ELECTRICAL,BATTERY TERMINAL,COMMON,150,BATTERY TERMINAL O/F - COMMON,Mechanical
BCM CODING RR,998729,1,14372.88,,9,9,0,SCANNING SERVICE,CODING,SEG-P3,16960,BCM CODING RR - SEG-P3,Mechanical
BELT TENSIONER O/F,998729,0,2194.92,,9,9,0,ENGINE,BELT TENSIONER O/F,SEG-P1,2590,BELT TENSIONER O/F - SEG-P1,Mechanical
BELT TENSIONER O/F,998729,0,2805.09,,9,9,0,ENGINE,BELT TENSIONER O/F,SEG-P3,3310,BELT TENSIONER O/F - SEG-P3,Mechanical
BELT TENSIONER O/F,998729,0,796.61,,9,9,0,ENGINE,BELT TENSIONER O/F,SEG-C,940,BELT TENSIONER O/F - SEG-C,Mechanical
BELT TENSIONER O/F,998729,0,1525.42,,9,9,0,ENGINE,BELT TENSIONER O/F,SEG-D,1800,BELT TENSIONER O/F - SEG-D,Mechanical
BELT TENSIONER O/F,998729,0,2440.68,,9,9,0,ENGINE,BELT TENSIONER O/F,SEG-P2,2880,BELT TENSIONER O/F - SEG-P2,Mechanical
BELT TENSIONER O/F,998729,0,423.73,,9,9,0,ENGINE,BELT TENSIONER O/F,SEG-A,500,BELT TENSIONER O/F - SEG-A,Mechanical
BELT TENSIONER O/F,998729,0,796.61,,9,9,0,ENGINE,BELT TENSIONER O/F,SEG-B,940,BELT TENSIONER O/F - SEG-B,Mechanical
BELT TENSIONER O/F,998729,0,1152.54,,9,9,0,ENGINE,BELT TENSIONER O/F,SEG-E,1360,BELT TENSIONER O/F - SEG-E,Mechanical
BELT TENSIONER O/F,998729,0,1466.1,,9,9,0,ENGINE,BELT TENSIONER O/F,SEG-F,1730,BELT TENSIONER O/F - SEG-F,Mechanical
BELT TENSIONER O/F,998729,0,3050.85,,9,9,0,ENGINE,BELT TENSIONER O/F,SEG-P4,3600,BELT TENSIONER O/F - SEG-P4,Mechanical
BIDDING FITTING,998729,1,76.27,,9,9,0,BODY PARTS,MOULDING O/F,,90,BIDDING FITTING - ,Bodyshop
BIKE PROTECTOR FITTING RR,998729,1,720.34,,9,9,0,ACCESSORIES,DOOR GUARD,SEG-SUV,850,BIKE PROTECTOR FITTING RR - SEG-SUV,Accessories
BLACK CHROME FINISH NUT BOLT O/F,998729,1,3239.83,,9,9,0,BODY PARTS,BONET MOULDING,,3823,BLACK CHROME FINISH NUT BOLT O/F - ,Bodyshop
BLIZ CALIBRATION,998729,0,2500,,9,9,0,SCANNING SERVICE,CALIBRATION,,2950,BLIZ CALIBRATION - ,Mechanical
BLUETOOTH INSTALLATION,998729,0,4200,,9,9,0,ACCESSORIES,SPEAKER FITTING,,4956,BLUETOOTH INSTALLATION - ,Accessories
BNF PRESSURE SENSOR O/F,998729,0,974.58,,9,9,0,ELECTRICAL,SENSOR O/F,,1150,BNF PRESSURE SENSOR O/F - ,Mechanical
BODY A PILLAR REPAIR LH ,998729,0,2161.02,,9,9,0,BODY PARTS,BODY PILLAR REPAIR,,2550,BODY A PILLAR REPAIR LH  - ,Bodyshop
BODY A PILLER REPAIR RH ,998729,0,2161.02,,9,9,0,BODY PARTS,BODY PILLAR REPAIR,,2550,BODY A PILLER REPAIR RH  - ,Bodyshop
BODY B PILLAR PAINTING LH,998729,1,1440.68,,9,9,0,PAINTING SERVICE,BODY PILLAR PAINT,SEG-B,1700,BODY B PILLAR PAINTING LH - SEG-B,Bodyshop
BODY B PILLAR REPAIR LH ,998729,0,2161.02,,9,9,0,BODY PARTS,BODY PILLAR REPAIR,,2550,BODY B PILLAR REPAIR LH  - ,Bodyshop
BODY B PILLAR REPAIR RH,998729,0,2161.02,,9,9,0,BODY PARTS,BODY PILLAR REPAIR,,2550,BODY B PILLAR REPAIR RH - ,Bodyshop
BODY B PILLER PAINTING,998729,1,4313.56,,9,9,0,PAINTING SERVICE,BODY PILLAR PAINT,SEG-E,5090,BODY B PILLER PAINTING - SEG-E,Bodyshop
BODY CLADDING O/F ALL,998729,0,720.34,,9,9,0,BODY PARTS,BODY CLADDING,SEG-SUV,850,BODY CLADDING O/F ALL - SEG-SUV,Bodyshop
BODY CLADDING PAINTING ALL,998729,1,4313.56,,9,9,0,PAINTING SERVICE,BODY CLADDING,SEG-SUV,5090,BODY CLADDING PAINTING ALL - SEG-SUV,Bodyshop
BODY CONTRIL MODULE O/F,998729,0,855.93,,9,9,0,ELECTRICAL,BCM,SEG-B,1010,BODY CONTRIL MODULE O/F - SEG-B,Mechanical
BODY CONTROL MODULE CODING ,998729,1,14372.88,,9,9,0,SCANNING SERVICE,CODING,SEG-P3,16960,BODY CONTROL MODULE CODING  - SEG-P3,Mechanical
BODY CONTROL MODULE REPAIR,998729,0,30457.63,,9,9,0,ELECTRICAL,BCM,SEG-B,35940,BODY CONTROL MODULE REPAIR - SEG-B,Mechanical
BODY GRAPHICS WORK,998729,1,76.27,50X1SQFT,9,9,0,ACCESSORIES,STICKER WORK,SEG-P3,90,BODY GRAPHICS WORK - SEG-P3,Accessories
BODY KIT FITTING,998729,1,21567.8,,9,9,0,BODY PARTS,BODY PANEL,,25450,BODY KIT FITTING - ,Bodyshop
BODY KIT INSTALLATION ASSISTANCE,998729,0,100627.12,,9,9,0,BODY PARTS,BODY PANEL,SEG-P4,118740,BODY KIT INSTALLATION ASSISTANCE - SEG-P4,Bodyshop
BODY KIT PAINTING,998729,1,71872.88,,9,9,0,PAINTING SERVICE,BODY PANEL PAINT,,84810,BODY KIT PAINTING - ,Bodyshop
BODY PILLAR HINGES O/F ,998729,0,1008.48,,9,9,0,BODY PARTS,BODY PANEL,SEG-B,1190,BODY PILLAR HINGES O/F  - SEG-B,Bodyshop
BODY PILLAR INNER  HINGES O/F  RH ,998729,0,1008.48,,9,9,0,BODY PARTS,BODY PANEL,SEG-B,1190,BODY PILLAR INNER  HINGES O/F  RH  - SEG-B,Bodyshop
BODY PILLAR O/F ,998729,0,2872.88,,9,9,0,BODY PARTS,BODY PANEL,SEG-B,3390,BODY PILLAR O/F  - SEG-B,Bodyshop
BODY PILLAR PAINTING LH,998729,1,0,,9,9,0,PAINTING SERVICE,BODY PILLAR PAINT,SEG-P2,0,BODY PILLAR PAINTING LH - SEG-P2,Bodyshop
BODY PILLAR PAINTING RH,998729,1,4313.56,,9,9,0,PAINTING SERVICE,BODY PILLAR PAINT,SEG-SUV,5090,BODY PILLAR PAINTING RH - SEG-SUV,Bodyshop
BODY PILLAR REPAIR FR RH,998729,1,576.27,,9,9,0,BODY PARTS,BODY PILLAR REPAIR,SEG-B,680,BODY PILLAR REPAIR FR RH - SEG-B,Bodyshop
BODY PILLAR REPAIR FR RH,998729,1,1364.41,,9,9,0,BODY PARTS,BODY PILLAR REPAIR,SEG'-P1,1610,BODY PILLAR REPAIR FR RH - SEG'-P1,Bodyshop
BODY PILLER PAINTING,998729,0,2872.88,,9,9,0,PAINTING SERVICE,BODY PILLAR PAINT,SEG-C,3390,BODY PILLER PAINTING - SEG-C,Bodyshop
BODY PILLER PAINTING RH,998729,1,4313.56,,9,9,0,PAINTING SERVICE,BODY PILLAR PAINT,SEG-B,5090,BODY PILLER PAINTING RH - SEG-B,Bodyshop
BODY PILLER REPAIR FR LH,998729,0,1220.34,,9,9,0,BODY PARTS,BODY PILLAR REPAIR,SEG-SUV,1440,BODY PILLER REPAIR FR LH - SEG-SUV,Bodyshop
BONET LIFTER O/F,998729,0,364.41,,9,9,0,BODY PARTS,BONET LIFTER,SEG-SUV,430,BONET LIFTER O/F - SEG-SUV,Bodyshop
BOOST CONTROL VALVE O/F,998729,1,10288.14,,9,9,0,ENGINE,EGR VALVE,,12140,BOOST CONTROL VALVE O/F - ,Mechanical
BOOST PRESSURE CONVERTER O/F,998729,0,1008.48,,9,9,0,ELECTRICAL,PRESSURE CONVERTER O/F,SEG-C,1190,BOOST PRESSURE CONVERTER O/F - SEG-C,Mechanical
BOX WORK,998729,1,19950,,9,9,0,ACCESSORIES,SPEAKER RING,,23541,BOX WORK - ,Accessories
BRAKE ACTUATOR O/F RR LH,998729,0,2500,,9,9,0,BRAKE,WHEEL CYLINDER,,2950,BRAKE ACTUATOR O/F RR LH - ,Mechanical
BRAKE ACTUATOR O/F RR RH,998729,0,2161.02,,9,9,0,BRAKE,BRAKE SENSOR O/F,SEG-P1,2550,BRAKE ACTUATOR O/F RR RH - SEG-P1,Mechanical
BRAKE BOOSTER ASSY O/F,998729,0,915.25,,9,9,0,BRAKE,BRAKE BOOSTER O/F,SEG-A,1080,BRAKE BOOSTER ASSY O/F - SEG-A,Mechanical
BRAKE BOOSTER ASSY O/F,998729,0,915.25,,9,9,0,BRAKE,BRAKE BOOSTER O/F,SEG-B,1080,BRAKE BOOSTER ASSY O/F - SEG-B,Mechanical
BRAKE BOOSTER ASSY O/F,998729,0,1101.7,,9,9,0,BRAKE,BRAKE BOOSTER O/F,SEG-C,1300,BRAKE BOOSTER ASSY O/F - SEG-C,Mechanical
BRAKE BOOSTER ASSY O/F,998729,0,1101.7,,9,9,0,BRAKE,BRAKE BOOSTER O/F,SEG-D,1300,BRAKE BOOSTER ASSY O/F - SEG-D,Mechanical
BRAKE BOOSTER ASSY O/F,998729,0,1466.1,,9,9,0,BRAKE,BRAKE BOOSTER O/F,SEG-F,1730,BRAKE BOOSTER ASSY O/F - SEG-F,Mechanical
BRAKE BOOSTER ASSY O/F,998729,0,3652.54,,9,9,0,BRAKE,BRAKE BOOSTER O/F,SEG-P1,4310,BRAKE BOOSTER ASSY O/F - SEG-P1,Mechanical
BRAKE BOOSTER ASSY O/F,998729,0,6093.22,,9,9,0,BRAKE,BRAKE BOOSTER O/F,SEG-P3,7190,BRAKE BOOSTER ASSY O/F - SEG-P3,Mechanical
BRAKE BOOSTER ASSY O/F,998729,0,1101.7,,9,9,0,BRAKE,BRAKE BOOSTER O/F,SEG-E,1300,BRAKE BOOSTER ASSY O/F - SEG-E,Mechanical
BRAKE BOOSTER ASSY O/F,998729,0,7313.56,,9,9,0,BRAKE,BRAKE BOOSTER O/F,SEG-P4,8630,BRAKE BOOSTER ASSY O/F - SEG-P4,Mechanical
BRAKE BOOSTER ASSY O/F,998729,0,4872.88,,9,9,0,BRAKE,BRAKE BOOSTER O/F,SEG-P2,5750,BRAKE BOOSTER ASSY O/F - SEG-P2,Mechanical
BRAKE BOOSTER O/F W/TMC,998729,0,3050.85,,9,9,0,BRAKE,BRAKE BOOSTER,BEAT,3600,BRAKE BOOSTER O/F W/TMC - BEAT,Mechanical
BRAKE BOOSTER VACUUM HOSE REPAIR,998729,1,4389.83,,9,9,0,BRAKE,BRAKE BOOSTER,SEG-P1,5180,BRAKE BOOSTER VACUUM HOSE REPAIR - SEG-P1,Mechanical
BRAKE CALIPER REPAIR,998729,1,5059.32,,9,9,0,BRAKE,BRAKE CALIPER,SEG-P2,5970,BRAKE CALIPER REPAIR - SEG-P2,Mechanical
BRAKE CYLINDER MOTOR O/F RR LH,998729,0,3813.56,,9,9,0,BRAKE,WHEEL CYLINDER O/F,,4500,BRAKE CYLINDER MOTOR O/F RR LH - ,Mechanical
BRAKE DISC ROTOR O/F FR BH,998729,0,855.93,,9,9,0,BRAKE,BRAKE DISC O/F,SEG-A,1010,BRAKE DISC ROTOR O/F FR BH - SEG-A,Mechanical
BRAKE DISC ROTOR O/F FR BH,998729,0,1101.7,,9,9,0,BRAKE,BRAKE DISC O/F,SEG-B,1300,BRAKE DISC ROTOR O/F FR BH - SEG-B,Mechanical
BRAKE DISC ROTOR O/F FR BH,998729,0,1101.7,,9,9,0,BRAKE,BRAKE DISC O/F,SEG-C,1300,BRAKE DISC ROTOR O/F FR BH - SEG-C,Mechanical
BRAKE DISC ROTOR O/F FR BH,998729,0,1347.46,,9,9,0,BRAKE,BRAKE DISC O/F,SEG-D,1590,BRAKE DISC ROTOR O/F FR BH - SEG-D,Mechanical
BRAKE DISC ROTOR O/F FR BH,998729,0,1101.7,,9,9,0,BRAKE,BRAKE DISC O/F,SEG-F,1300,BRAKE DISC ROTOR O/F FR BH - SEG-F,Mechanical
BRAKE DISC ROTOR O/F FR BH,998729,0,3050.85,,9,9,0,BRAKE,BRAKE DISC O/F,SEG-P1,3600,BRAKE DISC ROTOR O/F FR BH - SEG-P1,Mechanical
BRAKE DISC ROTOR O/F FR BH,998729,0,3652.54,,9,9,0,BRAKE,BRAKE DISC O/F,SEG-P2,4310,BRAKE DISC ROTOR O/F FR BH - SEG-P2,Mechanical
BRAKE DISC ROTOR O/F FR BH,998729,0,4271.19,,9,9,0,BRAKE,BRAKE DISC O/F,SEG-P3,5040,BRAKE DISC ROTOR O/F FR BH - SEG-P3,Mechanical
BRAKE DISC ROTOR O/F FR BH,998729,0,1101.7,,9,9,0,BRAKE,BRAKE DISC O/F,SEG-E,1300,BRAKE DISC ROTOR O/F FR BH - SEG-E,Mechanical
BRAKE DISC ROTOR O/F FR BH,998729,0,6093.22,,9,9,0,BRAKE,BRAKE DISC O/F,SEG-P4,7190,BRAKE DISC ROTOR O/F FR BH - SEG-P4,Mechanical
BRAKE DISC ROTOR O/F RR BH,998729,0,1466.1,,9,9,0,BRAKE,BRAKE DISC O/F,SEG-E,1730,BRAKE DISC ROTOR O/F RR BH - SEG-E,Mechanical
BRAKE DISC ROTOR O/F RR BH,998729,0,3652.54,,9,9,0,BRAKE,BRAKE DISC O/F,SEG-P4,4310,BRAKE DISC ROTOR O/F RR BH - SEG-P4,Mechanical
BRAKE DISC ROTOR O/F RR BH,998729,0,1220.34,,9,9,0,BRAKE,BRAKE DISC O/F,SEG-A,1440,BRAKE DISC ROTOR O/F RR BH - SEG-A,Mechanical
BRAKE DISC ROTOR O/F RR BH,998729,0,1220.34,,9,9,0,BRAKE,BRAKE DISC O/F,SEG-B,1440,BRAKE DISC ROTOR O/F RR BH - SEG-B,Mechanical
BRAKE DISC ROTOR O/F RR BH,998729,0,1466.1,,9,9,0,BRAKE,BRAKE DISC O/F,SEG-C,1730,BRAKE DISC ROTOR O/F RR BH - SEG-C,Mechanical
BRAKE DISC ROTOR O/F RR BH,998729,0,1466.1,,9,9,0,BRAKE,BRAKE DISC O/F,SEG-D,1730,BRAKE DISC ROTOR O/F RR BH - SEG-D,Mechanical
BRAKE DISC ROTOR O/F RR BH,998729,0,1830.51,,9,9,0,BRAKE,BRAKE DISC O/F,SEG-F,2160,BRAKE DISC ROTOR O/F RR BH - SEG-F,Mechanical
BRAKE DISC ROTOR O/F RR BH,998729,0,2440.68,,9,9,0,BRAKE,BRAKE DISC O/F,SEG-P1,2880,BRAKE DISC ROTOR O/F RR BH - SEG-P1,Mechanical
BRAKE DISC ROTOR O/F RR BH,998729,0,2805.09,,9,9,0,BRAKE,BRAKE DISC O/F,SEG-P2,3310,BRAKE DISC ROTOR O/F RR BH - SEG-P2,Mechanical
BRAKE DISC ROTOR O/F RR BH,998729,0,3296.61,,9,9,0,BRAKE,BRAKE DISC O/F,SEG-P3,3890,BRAKE DISC ROTOR O/F RR BH - SEG-P3,Mechanical
BRAKE HOSE O/F,998729,0,618.64,,9,9,0,BRAKE,BRAKE HOSE O/F,SEG-B,730,BRAKE HOSE O/F - SEG-B,Mechanical
BRAKE LIGHT SWITCH O/F,998729,0,127.12,,9,9,0,ELECTRICAL,BRAKE LIGHT SWITCH,SEG-B,150,BRAKE LIGHT SWITCH O/F - SEG-B,Mechanical
BRAKE OIL BLEEDING,998729,0,2194.92,,9,9,0,BRAKE,BRAKE OIL BLEEDING,SEG-P2,2590,BRAKE OIL BLEEDING - SEG-P2,Mechanical
BRAKE OIL BLEEDING,998729,0,2194.92,,9,9,0,BRAKE,BRAKE OIL BLEEDING,SEG-P1,2590,BRAKE OIL BLEEDING - SEG-P1,Mechanical
BRAKE OIL BLEEDING,998729,0,2194.92,,9,9,0,BRAKE,BRAKE OIL BLEEDING,SEG-P3,2590,BRAKE OIL BLEEDING - SEG-P3,Mechanical
BRAKE OIL BLEEDING,998729,0,974.58,,9,9,0,BRAKE,BRAKE OIL BLEEDING,SEG-E,1150,BRAKE OIL BLEEDING - SEG-E,Mechanical
BRAKE OIL BLEEDING,998729,0,2923.73,,9,9,0,BRAKE,BRAKE OIL BLEEDING,SEG-P4,3450,BRAKE OIL BLEEDING - SEG-P4,Mechanical
BRAKE OIL BLEEDING,998729,0,1220.34,,9,9,0,BRAKE,BRAKE OIL BLEEDING,SEG-F,1440,BRAKE OIL BLEEDING - SEG-F,Mechanical
BRAKE OIL BLEEDING,998729,0,974.58,,9,9,0,BRAKE,BRAKE OIL BLEEDING,SEG-D,1150,BRAKE OIL BLEEDING - SEG-D,Mechanical
BRAKE OIL BLEEDING,998729,0,728.81,,9,9,0,BRAKE,BRAKE OIL BLEEDING,SEG-C,860,BRAKE OIL BLEEDING - SEG-C,Mechanical
BRAKE OIL BLEEDING,998729,0,618.64,,9,9,0,BRAKE,BRAKE OIL BLEEDING,SEG-B,730,BRAKE OIL BLEEDING - SEG-B,Mechanical
BRAKE OIL BLEEDING,998729,0,618.64,,9,9,0,BRAKE,BRAKE OIL BLEEDING,SEG-A,730,BRAKE OIL BLEEDING - SEG-A,Mechanical
BRAKE OIL TANK O/F,998729,0,1771.19,,9,9,0,BRAKE,BRAKE OIL TANK,SEG-P1,2090,BRAKE OIL TANK O/F - SEG-P1,Mechanical
BRAKE OVERHAUL FR,998729,0,0,,9,9,0,BRAKE,BRAKE O/H,SEG-B,0,BRAKE OVERHAUL FR - SEG-B,Mechanical
BRAKE OVERHAUL FR,998729,0,0,,9,9,0,BRAKE,BRAKE O/H,SEG-C,0,BRAKE OVERHAUL FR - SEG-C,Mechanical
BRAKE OVERHAUL FR,998729,0,0,,9,9,0,BRAKE,BRAKE O/H,SEG-D,0,BRAKE OVERHAUL FR - SEG-D,Mechanical
BRAKE OVERHAUL FR,998729,0,0,,9,9,0,BRAKE,BRAKE O/H,SEG-F,0,BRAKE OVERHAUL FR - SEG-F,Mechanical
BRAKE OVERHAUL FR,998729,0,0,,9,9,0,BRAKE,BRAKE O/H,SEG-P2,0,BRAKE OVERHAUL FR - SEG-P2,Mechanical
BRAKE OVERHAUL FR BH,998729,0,0,,9,9,0,BRAKE,BRAKE O/H,SEG-A,0,BRAKE OVERHAUL FR BH - SEG-A,Mechanical
BRAKE OVERHAUL FR BH,998729,0,0,,9,9,0,BRAKE,BRAKE O/H,SEG-B,0,BRAKE OVERHAUL FR BH - SEG-B,Mechanical
BRAKE OVERHAUL FR BH,998729,0,0,,9,9,0,BRAKE,BRAKE O/H,SEG-C,0,BRAKE OVERHAUL FR BH - SEG-C,Mechanical
BRAKE OVERHAUL FR BH,998729,0,0,,9,9,0,BRAKE,BRAKE O/H,SEG-D,0,BRAKE OVERHAUL FR BH - SEG-D,Mechanical
BRAKE OVERHAUL FR BH,998729,0,0,,9,9,0,BRAKE,BRAKE O/H,SEG-F,0,BRAKE OVERHAUL FR BH - SEG-F,Mechanical
BRAKE OVERHAUL FR BH,998729,0,0,,9,9,0,BRAKE,BRAKE O/H,SEG-P1,0,BRAKE OVERHAUL FR BH - SEG-P1,Mechanical
BRAKE OVERHAUL FR BH,998729,0,0,,9,9,0,BRAKE,BRAKE O/H,SEG-P2,0,BRAKE OVERHAUL FR BH - SEG-P2,Mechanical
BRAKE OVERHAUL FR BH,998729,0,0,,9,9,0,BRAKE,BRAKE O/H,SEG-P3,0,BRAKE OVERHAUL FR BH - SEG-P3,Mechanical
BRAKE OVERHAUL RR,998729,0,0,,9,9,0,BRAKE,BRAKE O/H,SEG-B,0,BRAKE OVERHAUL RR - SEG-B,Mechanical
BRAKE OVERHAUL RR,998729,0,0,,9,9,0,BRAKE,BRAKE O/H,SEG-C,0,BRAKE OVERHAUL RR - SEG-C,Mechanical
BRAKE OVERHAUL RR,998729,0,0,,9,9,0,BRAKE,BRAKE O/H,SEG-D,0,BRAKE OVERHAUL RR - SEG-D,Mechanical
BRAKE OVERHAUL RR,998729,0,0,,9,9,0,BRAKE,BRAKE O/H,SEG-F,0,BRAKE OVERHAUL RR - SEG-F,Mechanical
BRAKE OVERHAUL RR,998729,0,0,,9,9,0,BRAKE,BRAKE O/H,SEG-P2,0,BRAKE OVERHAUL RR - SEG-P2,Mechanical
BRAKE OVERHAUL RR BH,998729,0,0,,9,9,0,BRAKE,BRAKE O/H,SEG-A,0,BRAKE OVERHAUL RR BH - SEG-A,Mechanical
BRAKE OVERHAUL RR BH,998729,0,0,,9,9,0,BRAKE,BRAKE O/H,SEG-B,0,BRAKE OVERHAUL RR BH - SEG-B,Mechanical
BRAKE OVERHAUL RR BH,998729,0,0,,9,9,0,BRAKE,BRAKE O/H,SEG-C,0,BRAKE OVERHAUL RR BH - SEG-C,Mechanical
BRAKE OVERHAUL RR BH,998729,0,0,,9,9,0,BRAKE,BRAKE O/H,SEG-D,0,BRAKE OVERHAUL RR BH - SEG-D,Mechanical
BRAKE OVERHAUL RR BH,998729,0,0,,9,9,0,BRAKE,BRAKE O/H,SEG-F,0,BRAKE OVERHAUL RR BH - SEG-F,Mechanical
BRAKE OVERHAUL RR BH,998729,0,0,,9,9,0,BRAKE,BRAKE O/H,SEG-P1,0,BRAKE OVERHAUL RR BH - SEG-P1,Mechanical
BRAKE OVERHAUL RR BH,998729,0,0,,9,9,0,BRAKE,BRAKE O/H,SEG-P2,0,BRAKE OVERHAUL RR BH - SEG-P2,Mechanical
BRAKE OVERHAUL RR BH,998729,0,0,,9,9,0,BRAKE,BRAKE O/H,SEG-P3,0,BRAKE OVERHAUL RR BH - SEG-P3,Mechanical
BRAKE PAD O/F FR BH,998729,0,974.58,,9,9,0,BRAKE,BRAKE PAD O/F,SEG-E,1150,BRAKE PAD O/F FR BH - SEG-E,Mechanical
BRAKE PAD O/F FR BH,998729,0,5491.53,,9,9,0,BRAKE,BRAKE PAD O/F,SEG-P4,6480,BRAKE PAD O/F FR BH - SEG-P4,Mechanical
BRAKE PAD O/F FR BH,998729,0,728.81,,9,9,0,BRAKE,BRAKE PAD O/F,SEG-A,860,BRAKE PAD O/F FR BH - SEG-A,Mechanical
BRAKE PAD O/F FR BH,998729,0,974.58,,9,9,0,BRAKE,BRAKE PAD O/F,SEG-B,1150,BRAKE PAD O/F FR BH - SEG-B,Mechanical
BRAKE PAD O/F FR BH,998729,0,974.58,,9,9,0,BRAKE,BRAKE PAD O/F,SEG-C,1150,BRAKE PAD O/F FR BH - SEG-C,Mechanical
BRAKE PAD O/F FR BH,998729,0,1220.34,,9,9,0,BRAKE,BRAKE PAD O/F,SEG-D,1440,BRAKE PAD O/F FR BH - SEG-D,Mechanical
BRAKE PAD O/F FR BH,998729,0,974.58,,9,9,0,BRAKE,BRAKE PAD O/F,SEG-F,1150,BRAKE PAD O/F FR BH - SEG-F,Mechanical
BRAKE PAD O/F FR BH,998729,0,2440.68,,9,9,0,BRAKE,BRAKE PAD O/F,SEG-P1,2880,BRAKE PAD O/F FR BH - SEG-P1,Mechanical
BRAKE PAD O/F FR BH,998729,0,3050.85,,9,9,0,BRAKE,BRAKE PAD O/F,SEG-P2,3600,BRAKE PAD O/F FR BH - SEG-P2,Mechanical
BRAKE PAD O/F FR BH,998729,0,3652.54,,9,9,0,BRAKE,BRAKE PAD O/F,SEG-P3,4310,BRAKE PAD O/F FR BH - SEG-P3,Mechanical
BRAKE PAD O/F RR BH,998729,0,1703.39,,9,9,0,BRAKE,BRAKE PAD O/F,SEG-D,2010,BRAKE PAD O/F RR BH - SEG-D,Mechanical
BRAKE PAD O/F RR BH,998729,0,1466.1,,9,9,0,BRAKE,BRAKE PAD O/F,SEG-E,1730,BRAKE PAD O/F RR BH - SEG-E,Mechanical
BRAKE PAD O/F RR BH,998729,0,1830.51,,9,9,0,BRAKE,BRAKE PAD O/F,SEG-F,2160,BRAKE PAD O/F RR BH - SEG-F,Mechanical
BRAKE PAD O/F RR BH,998729,0,2805.09,,9,9,0,BRAKE,BRAKE PAD O/F,SEG-P1,3310,BRAKE PAD O/F RR BH - SEG-P1,Mechanical
BRAKE PAD O/F RR BH,998729,0,974.58,,9,9,0,BRAKE,BRAKE PAD O/F,SEG-A,1150,BRAKE PAD O/F RR BH - SEG-A,Mechanical
BRAKE PAD O/F RR BH,998729,0,1101.7,,9,9,0,BRAKE,BRAKE PAD O/F,SEG-B,1300,BRAKE PAD O/F RR BH - SEG-B,Mechanical
BRAKE PAD O/F RR BH,998729,0,1347.46,,9,9,0,BRAKE,BRAKE PAD O/F,SEG-C,1590,BRAKE PAD O/F RR BH - SEG-C,Mechanical
BRAKE PAD O/F RR BH,998729,0,4271.19,,9,9,0,BRAKE,BRAKE PAD O/F,SEG-P3,5040,BRAKE PAD O/F RR BH - SEG-P3,Mechanical
BRAKE PAD O/F RR BH,998729,0,4872.88,,9,9,0,BRAKE,BRAKE PAD O/F,SEG-P4,5750,BRAKE PAD O/F RR BH - SEG-P4,Mechanical
BRAKE PAD O/F RR BH,998729,0,3296.61,,9,9,0,BRAKE,BRAKE PAD O/F,SEG-P2,3890,BRAKE PAD O/F RR BH - SEG-P2,Mechanical
BRAKE PAD REPAIR RR,998729,1,2872.88,,9,9,0,BRAKE,BRAKE PAD,SEG-SUV,3390,BRAKE PAD REPAIR RR - SEG-SUV,Mechanical
BRAKE PAD SENSOR O/F FR BH,998729,0,1525.42,,9,9,0,BRAKE,BRAKE SENSOR O/F,SEG-P2,1800,BRAKE PAD SENSOR O/F FR BH - SEG-P2,Mechanical
BRAKE PAD SENSOR O/F FR BH,998729,0,372.88,,9,9,0,BRAKE,BRAKE SENSOR O/F,SEG-A,440,BRAKE PAD SENSOR O/F FR BH - SEG-A,Mechanical
BRAKE PAD SENSOR O/F FR BH,998729,0,491.53,,9,9,0,BRAKE,BRAKE SENSOR O/F,SEG-B,580,BRAKE PAD SENSOR O/F FR BH - SEG-B,Mechanical
BRAKE PAD SENSOR O/F FR BH,998729,0,491.53,,9,9,0,BRAKE,BRAKE SENSOR O/F,SEG-C,580,BRAKE PAD SENSOR O/F FR BH - SEG-C,Mechanical
BRAKE PAD SENSOR O/F FR BH,998729,0,618.64,,9,9,0,BRAKE,BRAKE SENSOR O/F,SEG-D,730,BRAKE PAD SENSOR O/F FR BH - SEG-D,Mechanical
BRAKE PAD SENSOR O/F FR BH,998729,0,491.53,,9,9,0,BRAKE,BRAKE SENSOR O/F,SEG-E,580,BRAKE PAD SENSOR O/F FR BH - SEG-E,Mechanical
BRAKE PAD SENSOR O/F FR BH,998729,0,491.53,,9,9,0,BRAKE,BRAKE SENSOR O/F,SEG-F,580,BRAKE PAD SENSOR O/F FR BH - SEG-F,Mechanical
BRAKE PAD SENSOR O/F FR BH,998729,0,1220.34,,9,9,0,BRAKE,BRAKE SENSOR O/F,SEG-P1,1440,BRAKE PAD SENSOR O/F FR BH - SEG-P1,Mechanical
BRAKE PAD SENSOR O/F FR BH,998729,0,1830.51,,9,9,0,BRAKE,BRAKE SENSOR O/F,SEG-P3,2160,BRAKE PAD SENSOR O/F FR BH - SEG-P3,Mechanical
BRAKE PAD SENSOR O/F FR BH,998729,0,2745.76,,9,9,0,BRAKE,BRAKE SENSOR O/F,SEG-P4,3240,BRAKE PAD SENSOR O/F FR BH - SEG-P4,Mechanical
BRAKE PAD SENSOR O/F RR BH,998729,0,491.53,,9,9,0,BRAKE,BRAKE SENSOR O/F,SEG-A,580,BRAKE PAD SENSOR O/F RR BH - SEG-A,Mechanical
BRAKE PAD SENSOR O/F RR BH,998729,0,550.85,,9,9,0,BRAKE,BRAKE SENSOR O/F,SEG-B,650,BRAKE PAD SENSOR O/F RR BH - SEG-B,Mechanical
BRAKE PAD SENSOR O/F RR BH,998729,0,669.49,,9,9,0,BRAKE,BRAKE SENSOR O/F,SEG-C,790,BRAKE PAD SENSOR O/F RR BH - SEG-C,Mechanical
BRAKE PAD SENSOR O/F RR BH,998729,0,855.93,,9,9,0,BRAKE,BRAKE SENSOR O/F,SEG-D,1010,BRAKE PAD SENSOR O/F RR BH - SEG-D,Mechanical
BRAKE PAD SENSOR O/F RR BH,998729,0,728.81,,9,9,0,BRAKE,BRAKE SENSOR O/F,SEG-E,860,BRAKE PAD SENSOR O/F RR BH - SEG-E,Mechanical
BRAKE PAD SENSOR O/F RR BH,998729,0,915.25,,9,9,0,BRAKE,BRAKE SENSOR O/F,SEG-F,1080,BRAKE PAD SENSOR O/F RR BH - SEG-F,Mechanical
BRAKE PAD SENSOR O/F RR BH,998729,0,1398.31,,9,9,0,BRAKE,BRAKE SENSOR O/F,SEG-P1,1650,BRAKE PAD SENSOR O/F RR BH - SEG-P1,Mechanical
BRAKE PAD SENSOR O/F RR BH,998729,0,2127.12,,9,9,0,BRAKE,BRAKE SENSOR O/F,SEG-P3,2510,BRAKE PAD SENSOR O/F RR BH - SEG-P3,Mechanical
BRAKE PAD SENSOR O/F RR BH,998729,0,2440.68,,9,9,0,BRAKE,BRAKE SENSOR O/F,SEG-P4,2880,BRAKE PAD SENSOR O/F RR BH - SEG-P4,Mechanical
BRAKE PAD SENSOR O/F RR BH,998729,0,1644.07,,9,9,0,BRAKE,BRAKE SENSOR O/F,SEG-P2,1940,BRAKE PAD SENSOR O/F RR BH - SEG-P2,Mechanical
BRAKE PADEL VALVE FITTING,998729,1,1152.54,,9,9,0,BRAKE,BRAKE VALVE O/F,,1360,BRAKE PADEL VALVE FITTING - ,Mechanical
BRAKE PEDAL RUBBER O/F,998729,0,150,,9,9,0,BRAKE,BRAKE PEDAL,SEG-B,177,BRAKE PEDAL RUBBER O/F - SEG-B,Mechanical
BRAKE PIPE REPAIR,998729,0,2923.73,,9,9,0,BRAKE,BRAKE PIPE,SEG-P3,3450,BRAKE PIPE REPAIR - SEG-P3,Mechanical
BRAKE PISTON SERVICE FR RH,998729,0,728.81,,9,9,0,BRAKE,BRAKE CALIPER,SEG-B,860,BRAKE PISTON SERVICE FR RH - SEG-B,Mechanical
BRAKE SENSOR O/F FR LH,998729,0,720.34,,9,9,0,BRAKE,BRAKE SENSOR,SEG-P1,850,BRAKE SENSOR O/F FR LH - SEG-P1,Mechanical
BRAKE SENSOR O/F RR,998729,0,1830.51,,9,9,0,BRAKE,BRAKE SENSOR O/F,,2160,BRAKE SENSOR O/F RR - ,Mechanical
BRAKE SERVICE FR,998729,0,0,,9,9,0,BRAKE,BRAKE O/H,SEG-A,0,BRAKE SERVICE FR - SEG-A,Mechanical
BRAKE SERVICE FR,998729,0,0,,9,9,0,BRAKE,BRAKE O/H,SEG-B,0,BRAKE SERVICE FR - SEG-B,Mechanical
BRAKE SERVICE FR,998729,0,0,,9,9,0,BRAKE,BRAKE O/H,SEG-C,0,BRAKE SERVICE FR - SEG-C,Mechanical
BRAKE SERVICE FR,998729,0,0,,9,9,0,BRAKE,BRAKE O/H,SEG-D,0,BRAKE SERVICE FR - SEG-D,Mechanical
BRAKE SERVICE FR,998729,0,0,,9,9,0,BRAKE,BRAKE O/H,SEG-F,0,BRAKE SERVICE FR - SEG-F,Mechanical
BRAKE SERVICE FR,998729,0,0,,9,9,0,BRAKE,BRAKE O/H,SEG-P1,0,BRAKE SERVICE FR - SEG-P1,Mechanical
BRAKE SERVICE FR,998729,0,0,,9,9,0,BRAKE,BRAKE O/H,SEG-P2,0,BRAKE SERVICE FR - SEG-P2,Mechanical
BRAKE SERVICE FR,998729,0,0,,9,9,0,BRAKE,BRAKE O/H,SEG-P3,0,BRAKE SERVICE FR - SEG-P3,Mechanical
BRAKE SERVICE RR,998729,0,0,,9,9,0,BRAKE,BRAKE O/H,SEG-A,0,BRAKE SERVICE RR - SEG-A,Mechanical
BRAKE SERVICE RR,998729,0,0,,9,9,0,BRAKE,BRAKE O/H,SEG-B,0,BRAKE SERVICE RR - SEG-B,Mechanical
BRAKE SERVICE RR,998729,0,0,,9,9,0,BRAKE,BRAKE O/H,SEG-C,0,BRAKE SERVICE RR - SEG-C,Mechanical
BRAKE SERVICE RR,998729,0,0,,9,9,0,BRAKE,BRAKE O/H,SEG-D,0,BRAKE SERVICE RR - SEG-D,Mechanical
BRAKE SERVICE RR,998729,0,0,,9,9,0,BRAKE,BRAKE O/H,SEG-F,0,BRAKE SERVICE RR - SEG-F,Mechanical
BRAKE SERVICE RR,998729,0,0,,9,9,0,BRAKE,BRAKE O/H,SEG-P1,0,BRAKE SERVICE RR - SEG-P1,Mechanical
BRAKE SERVICE RR,998729,0,0,,9,9,0,BRAKE,BRAKE O/H,SEG-P2,0,BRAKE SERVICE RR - SEG-P2,Mechanical
BRAKE SERVICE RR,998729,0,0,,9,9,0,BRAKE,BRAKE O/H,SEG-P3,0,BRAKE SERVICE RR - SEG-P3,Mechanical
BRAKE SHOE LOCK KIT O/F,998729,1,728.81,,9,9,0,BRAKE,BRAKE LINER LOCK,SEG-F,860,BRAKE SHOE LOCK KIT O/F - SEG-F,Mechanical
BRAKE SHOE O/F RR BH,998729,0,974.58,,9,9,0,BRAKE,BRAKE LINER O/F,SEG-A,1150,BRAKE SHOE O/F RR BH - SEG-A,Mechanical
BRAKE SHOE O/F RR BH,998729,0,1101.7,,9,9,0,BRAKE,BRAKE LINER O/F,SEG-B,1300,BRAKE SHOE O/F RR BH - SEG-B,Mechanical
BRAKE SHOE O/F RR BH,998729,0,1347.46,,9,9,0,BRAKE,BRAKE LINER O/F,SEG-C,1590,BRAKE SHOE O/F RR BH - SEG-C,Mechanical
BRAKE SHOE O/F RR BH,998729,0,1703.39,,9,9,0,BRAKE,BRAKE LINER O/F,SEG-D,2010,BRAKE SHOE O/F RR BH - SEG-D,Mechanical
BRAKE SHOE O/F RR BH,998729,0,1830.51,,9,9,0,BRAKE,BRAKE LINER O/F,SEG-F,2160,BRAKE SHOE O/F RR BH - SEG-F,Mechanical
BRAKE SHOE O/F RR BH,998729,0,2805.09,,9,9,0,BRAKE,BRAKE LINER O/F,SEG-P1,3310,BRAKE SHOE O/F RR BH - SEG-P1,Mechanical
BRAKE SHOE O/F RR BH,998729,0,3296.61,,9,9,0,BRAKE,BRAKE LINER O/F,SEG-P2,3890,BRAKE SHOE O/F RR BH - SEG-P2,Mechanical
BRAKE SHOE O/F RR BH,998729,0,4271.19,,9,9,0,BRAKE,BRAKE LINER O/F,SEG-P3,5040,BRAKE SHOE O/F RR BH - SEG-P3,Mechanical
BRAKE SHOE O/F RR BH,998729,0,1466.1,,9,9,0,BRAKE,BRAKE LINER O/F,SEG-E,1730,BRAKE SHOE O/F RR BH - SEG-E,Mechanical
BRAKE SHOE O/F RR BH,998729,0,4872.88,,9,9,0,BRAKE,BRAKE LINER O/F,SEG-P4,5750,BRAKE SHOE O/F RR BH - SEG-P4,Mechanical
BRAKE STOPPER RUBBER O/F,998729,0,150,,9,9,0,BRAKE,BRAKE LINER O/F,,177,BRAKE STOPPER RUBBER O/F - ,Mechanical
BRAKE TMC ASSY O/F,998729,0,1101.7,,9,9,0,BRAKE,MASTER CYLINDER O/F,SEG-E,1300,BRAKE TMC ASSY O/F - SEG-E,Mechanical
BRAKE TMC ASSY O/F,998729,0,7313.56,,9,9,0,BRAKE,MASTER CYLINDER O/F,SEG-P4,8630,BRAKE TMC ASSY O/F - SEG-P4,Mechanical
BRAKE TMC ASSY O/F ,998729,0,915.25,,9,9,0,BRAKE,MASTER CYLINDER O/F,SEG-A,1080,BRAKE TMC ASSY O/F  - SEG-A,Mechanical
BRAKE TMC ASSY O/F ,998729,0,915.25,,9,9,0,BRAKE,MASTER CYLINDER O/F,SEG-B,1080,BRAKE TMC ASSY O/F  - SEG-B,Mechanical
BRAKE TMC ASSY O/F ,998729,0,1101.7,,9,9,0,BRAKE,MASTER CYLINDER O/F,SEG-C,1300,BRAKE TMC ASSY O/F  - SEG-C,Mechanical
BRAKE TMC ASSY O/F ,998729,0,1101.7,,9,9,0,BRAKE,MASTER CYLINDER O/F,SEG-D,1300,BRAKE TMC ASSY O/F  - SEG-D,Mechanical
BRAKE TMC ASSY O/F ,998729,0,1466.1,,9,9,0,BRAKE,MASTER CYLINDER O/F,SEG-F,1730,BRAKE TMC ASSY O/F  - SEG-F,Mechanical
BRAKE TMC ASSY O/F ,998729,0,3652.54,,9,9,0,BRAKE,MASTER CYLINDER O/F,SEG-P1,4310,BRAKE TMC ASSY O/F  - SEG-P1,Mechanical
BRAKE TMC ASSY O/F ,998729,0,4872.88,,9,9,0,BRAKE,MASTER CYLINDER O/F,SEG-P2,5750,BRAKE TMC ASSY O/F  - SEG-P2,Mechanical
BRAKE TMC ASSY O/F ,998729,0,6093.22,,9,9,0,BRAKE,MASTER CYLINDER O/F,SEG-P3,7190,BRAKE TMC ASSY O/F  - SEG-P3,Mechanical
BRAKE VALVE O/F,998729,0,669.49,,9,9,0,BRAKE,BRAKE VALVE O/F,SEG-B,790,BRAKE VALVE O/F - SEG-B,Mechanical
BRASS GOLD PLATED EMBLEM FITTING,998729,1,1805.09,,9,9,0,BODY PARTS,EMBLEM,,2130,BRASS GOLD PLATED EMBLEM FITTING - ,Bodyshop
BREAKDOWN SERVICE,998729,0,372.88,,9,9,0,PICKUP & DROP,PICKUP SERVICE,COMMON,440,BREAKDOWN SERVICE - COMMON,Mechanical
BREATHER HOSE O/F,998729,0,1152.54,,9,9,0,ENGINE COOLING,HOSE PIPE,SEG-D,1360,BREATHER HOSE O/F - SEG-D,Mechanical
BULK HEAD PANEL O/F,998729,0,576.27,,9,9,0,BODY PARTS,TIE MEMBER O/F,SEG-P1,680,BULK HEAD PANEL O/F - SEG-P1,Bodyshop
BULK HEAD PANEL O/F,998729,1,508.48,,9,9,0,BODY PARTS,TIE MEMBER O/F,SEG-C,600,BULK HEAD PANEL O/F - SEG-C,Bodyshop
BULK HEAD PANEL O/F,998729,1,364.41,,9,9,0,BODY PARTS,TIE MEMBER O/F,SEG-B,430,BULK HEAD PANEL O/F - SEG-B,Bodyshop
BULK HEAD PANEL O/F,998729,0,1220.34,,9,9,0,BODY PARTS,TIE MEMBER O/F,SEG-D,1440,BULK HEAD PANEL O/F - SEG-D,Bodyshop
BULK HEAD PANEL PAINTING,998729,1,0,,9,9,0,PAINTING SERVICE,TIE MEMBER PAINT,SEG-B,0,BULK HEAD PANEL PAINTING - SEG-B,Bodyshop
BULK HEAD PANEL PAINTING,998729,1,0,,9,9,0,PAINTING SERVICE,TIE MEMBER PAINT,SEG-SUV,0,BULK HEAD PANEL PAINTING - SEG-SUV,Bodyshop
BULK HEAD PANEL REPAIR,998729,1,2161.02,,9,9,0,BODY PARTS,TIE MEMBER REPAIR,SEG-P3,2550,BULK HEAD PANEL REPAIR - SEG-P3,Bodyshop
BULK HEAD PANEL REPAIR,998729,1,855.93,,9,9,0,BODY PARTS,TIE MEMBER REPAIR,SEG-C,1010,BULK HEAD PANEL REPAIR - SEG-C,Bodyshop
BULK HEAD PANEL REPAIR,998729,1,7483.05,,9,9,0,BODY PARTS,TIE MEMBER REPAIR,SEG-P2,8830,BULK HEAD PANEL REPAIR - SEG-P2,Bodyshop
BULK HEAD PANEL REPAIR,998729,1,796.61,,9,9,0,BODY PARTS,TIE MEMBER REPAIR,SEG-SUV,940,BULK HEAD PANEL REPAIR - SEG-SUV,Bodyshop
BULK HEAD SUPPORT FR O/F,998729,1,1440.68,,9,9,0,BODY PARTS,TIE MEMBER O/F,SEG-F,1700,BULK HEAD SUPPORT FR O/F - SEG-F,Bodyshop
BUMPER BEAM REPAIR FR,998729,1,796.61,,9,9,0,BODY PARTS,BUMPER REPAIR,SEG-E,940,BUMPER BEAM REPAIR FR - SEG-E,Bodyshop
BUMPER CAP PAINTING ,998729,1,720.34,,9,9,0,PAINTING SERVICE,BUMPER CAP PAINT,SEG-2,850,BUMPER CAP PAINTING  - SEG-2,Bodyshop
BUMPER CLADDING O/F FR LH,998729,0,177.97,,9,9,0,BODY PARTS,BUMPER GUARD FITTING,SEG-P2,210,BUMPER CLADDING O/F FR LH - SEG-P2,Bodyshop
BUMPER CLADDING O/F FR RH,998729,1,177.97,,9,9,0,BODY PARTS,BUMPER GUARD FITTING,SEG-P2,210,BUMPER CLADDING O/F FR RH - SEG-P2,Bodyshop
BUMPER CORNER PAINTING FR LH,998729,1,850,,9,9,0,PAINTING SERVICE,BUMPER GUARD PAINT,SEG-E,1003,BUMPER CORNER PAINTING FR LH - SEG-E,Bodyshop
BUMPER CORNER PAINTING FR RH,998729,1,850,,9,9,0,PAINTING SERVICE,BUMPER GUARD PAINT,SEG-E,1003,BUMPER CORNER PAINTING FR RH - SEG-E,Bodyshop
BUMPER EYEBROW PAINTING FR,998729,1,2872.88,,9,9,0,PAINTING SERVICE,BUMPER CAP PAINT,SEG-SUV,3390,BUMPER EYEBROW PAINTING FR - SEG-SUV,Bodyshop
BUMPER GARNISH O/F RR,998729,1,254.24,,9,9,0,BODY PARTS,TRIM O/F,SEG-SUV,300,BUMPER GARNISH O/F RR - SEG-SUV,Bodyshop
BUMPER GRILL PAINTING RR,998729,0,1830.51,,9,9,0,PAINTING SERVICE,SHOW GRILLE PAINT,SEG-B,2160,BUMPER GRILL PAINTING RR - SEG-B,Bodyshop
BUMPER GUARD O/F FR ,998729,1,364.41,,9,9,0,BODY PARTS,BUMPER GUARD FITTING,SEG-SUV,430,BUMPER GUARD O/F FR  - SEG-SUV,Bodyshop
BUMPER GUARD O/F FR,998729,1,177.97,,9,9,0,BODY PARTS,BUMPER GUARD FITTING,SEG-D,210,BUMPER GUARD O/F FR - SEG-D,Bodyshop
BUMPER GUARD O/F RR,998729,1,1220.34,,9,9,0,BODY PARTS,BUMPER GUARD FITTING,SEG-SUV,1440,BUMPER GUARD O/F RR - SEG-SUV,Bodyshop
BUMPER GUARD O/F RR,998729,1,288.14,,9,9,0,BODY PARTS,BUMPER GUARD FITTING,SEG-D,340,BUMPER GUARD O/F RR - SEG-D,Bodyshop
BUMPER GUARD PAINTING FR,998729,1,0,,9,9,0,PAINTING SERVICE,BUMPER GUARD PAINT,SEG-C,0,BUMPER GUARD PAINTING FR - SEG-C,Bodyshop
BUMPER LIGHT O/F RR RH,998729,1,508.48,,9,9,0,ELECTRICAL,FOG LIGHT,SEG-P1,600,BUMPER LIGHT O/F RR RH - SEG-P1,Mechanical
BUMPER LOWER COVER O/F FR,998729,1,305.09,,9,9,0,BODY PARTS,BUMPER O/F,SEG-C,360.01,BUMPER LOWER COVER O/F FR - SEG-C,Bodyshop
BUMPER LOWER COVER O/F RR,998729,1,1440.68,,9,9,0,BODY PARTS,BUMPER COVER,SEG-P1,1700,BUMPER LOWER COVER O/F RR - SEG-P1,Bodyshop
BUMPER LOWER CROSS O/F,998729,1,720.34,,9,9,0,BODY PARTS,CROSS MEMBER O/F,SEG-B,850,BUMPER LOWER CROSS O/F - SEG-B,Bodyshop
BUMPER MEMBER O/F ,998729,1,508.48,,9,9,0,BODY PARTS,BUMPER RAIL O/F,SEG-P1,600,BUMPER MEMBER O/F  - SEG-P1,Bodyshop
BUMPER MEMBER O/F,998729,1,152.54,,9,9,0,BODY PARTS,BUMPER RAIL O/F,SEG-C,180,BUMPER MEMBER O/F - SEG-C,Bodyshop
BUMPER MEMBER O/F,998729,1,364.41,,9,9,0,BODY PARTS,BUMPER RAIL O/F,SEG-P2,430,BUMPER MEMBER O/F - SEG-P2,Bodyshop
BUMPER MEMBER O/F,998729,1,152.54,,9,9,0,BODY PARTS,BUMPER RAIL O/F,SEG-B,180,BUMPER MEMBER O/F - SEG-B,Bodyshop
BUMPER MEMBER O/F FR,998729,1,211.86,,9,9,0,BODY PARTS,BUMPER RAIL O/F,SEG-SUV,250,BUMPER MEMBER O/F FR - SEG-SUV,Bodyshop
BUMPER MEMBER PAINTING FR,998729,1,5754.24,,9,9,0,PAINTING SERVICE,BUMPER GUARD PAINT,,6790,BUMPER MEMBER PAINTING FR - ,Bodyshop
BUMPER MEMBER REPAIR,998729,1,4313.56,,9,9,0,BODY PARTS,BUMPER RAIL REPAIR,SEG-D,5090,BUMPER MEMBER REPAIR - SEG-D,Bodyshop
BUMPER MEMBER REPAIR LOWER,998729,1,1008.48,,9,9,0,BODY PARTS,BUMPER RAIL REPAIR,SEG-P2,1190,BUMPER MEMBER REPAIR LOWER - SEG-P2,Bodyshop
BUMPER MOULDING O/F FR,998729,0,211.86,,9,9,0,BODY PARTS,MOULDING O/F,SEG-SUV,250,BUMPER MOULDING O/F FR - SEG-SUV,Bodyshop
BUMPER MOULDING O/F RR,998729,0,211.86,,9,9,0,BODY PARTS,MOULDING O/F,SEG-SUV,250,BUMPER MOULDING O/F RR - SEG-SUV,Bodyshop
BUMPER MOULDING PAINTING FR,998729,1,0,,9,9,0,PAINTING SERVICE,MOULDING PAINT,SEG-C,0,BUMPER MOULDING PAINTING FR - SEG-C,Bodyshop
BUMPER MOULDING PAINTING FR,998729,1,0,,9,9,0,PAINTING SERVICE,MOULDING PAINT,SEG-SUV,0,BUMPER MOULDING PAINTING FR - SEG-SUV,Bodyshop
BUMPER MOULDING PAINTING FR,998729,1,0,,9,9,0,PAINTING SERVICE,MOULDING PAINT,SEG-P3,0,BUMPER MOULDING PAINTING FR - SEG-P3,Bodyshop
BUMPER MOULDING PAINTING FR,998729,1,0,,9,9,0,PAINTING SERVICE,MOULDING PAINT,SEG'-P1,0,BUMPER MOULDING PAINTING FR - SEG'-P1,Bodyshop
BUMPER MOULDING PAINTING RR,998729,1,5033.9,,9,9,0,PAINTING SERVICE,MOULDING PAINT,SEG-P1,5940,BUMPER MOULDING PAINTING RR - SEG-P1,Bodyshop
BUMPER MOULDING PAINTING RR,998729,1,1889.83,,9,9,0,PAINTING SERVICE,MOULDING PAINT,SEG-C,2230,BUMPER MOULDING PAINTING RR - SEG-C,Bodyshop
BUMPER MOULDING PAINTING RR,998729,1,0,,9,9,0,PAINTING SERVICE,MOULDING PAINT,SEG-P2,0,BUMPER MOULDING PAINTING RR - SEG-P2,Bodyshop
BUMPER MOULDING PAINTING RR,998729,1,1440.68,,9,9,0,PAINTING SERVICE,MOULDING PAINT,SEG-SUV,1700,BUMPER MOULDING PAINTING RR - SEG-SUV,Bodyshop
BUMPER MOULDING PAINTING RR,998729,1,0,,9,9,0,PAINTING SERVICE,MOULDING PAINT,SEG-P3,0,BUMPER MOULDING PAINTING RR - SEG-P3,Bodyshop
BUMPER MOULDING REPAIR FR,998729,1,1440.68,,9,9,0,BODY PARTS,BONET MOULDING,SEG-P4,1700,BUMPER MOULDING REPAIR FR - SEG-P4,Bodyshop
BUMPER MOULDING REPAIR RR,998729,0,720.34,,9,9,0,BODY PARTS,BUMPER GARNISH,SEG-B,850,BUMPER MOULDING REPAIR RR - SEG-B,Bodyshop
BUMPER O/F FR,998729,1,432.2,,9,9,0,BODY PARTS,BUMPER O/F,SEG-D,510,BUMPER O/F FR - SEG-D,Bodyshop
BUMPER O/F FR,998729,1,1440.68,,9,9,0,BODY PARTS,BUMPER O/F,SEG-P3,1700,BUMPER O/F FR - SEG-P3,Bodyshop
BUMPER O/F FR,998729,1,211.86,,9,9,0,BODY PARTS,BUMPER O/F,SEG-A,250,BUMPER O/F FR - SEG-A,Bodyshop
BUMPER O/F FR,998729,1,1440.68,,9,9,0,BODY PARTS,BUMPER O/F,SEG-P2,1700,BUMPER O/F FR - SEG-P2,Bodyshop
BUMPER O/F FR,998729,1,644.07,,9,9,0,BODY PARTS,BUMPER O/F,SEG-P1,760,BUMPER O/F FR - SEG-P1,Bodyshop
BUMPER O/F FR,998729,1,330.51,,9,9,0,BODY PARTS,BUMPER O/F,SEG-B,390,BUMPER O/F FR - SEG-B,Bodyshop
BUMPER O/F FR,998729,1,364.41,,9,9,0,BODY PARTS,BUMPER O/F,SEG-C,430,BUMPER O/F FR - SEG-C,Bodyshop
BUMPER O/F FR,998729,1,364.41,,9,9,0,BODY PARTS,BUMPER O/F,SEG-SUV,430,BUMPER O/F FR - SEG-SUV,Bodyshop
BUMPER O/F RR,998729,1,364.41,,9,9,0,BODY PARTS,BUMPER O/F,SEG-C,430,BUMPER O/F RR - SEG-C,Bodyshop
BUMPER O/F RR,998729,1,288.14,,9,9,0,BODY PARTS,BUMPER O/F,SEG-B,340,BUMPER O/F RR - SEG-B,Bodyshop
BUMPER O/F RR,998729,1,1440.68,,9,9,0,BODY PARTS,BUMPER O/F,SEG-P2,1700,BUMPER O/F RR - SEG-P2,Bodyshop
BUMPER O/F RR,998729,1,211.86,,9,9,0,BODY PARTS,BUMPER O/F,SEG-A,250,BUMPER O/F RR - SEG-A,Bodyshop
BUMPER O/F RR,998729,1,432.2,,9,9,0,BODY PARTS,BUMPER O/F,SEG-SUV,510,BUMPER O/F RR - SEG-SUV,Bodyshop
BUMPER O/F RR,998729,1,432.2,,9,9,0,BODY PARTS,BUMPER O/F,SEG-D,510,BUMPER O/F RR - SEG-D,Bodyshop
BUMPER O/F RR,998729,1,1440.68,,9,9,0,BODY PARTS,BUMPER O/F,SEG-P1,1700,BUMPER O/F RR - SEG-P1,Bodyshop
BUMPER O/F RR,998729,1,1728.81,,9,9,0,BODY PARTS,BUMPER O/F,SEG-P3,2040,BUMPER O/F RR - SEG-P3,Bodyshop
BUMPER PAINTING FR,998729,1,5754.24,,9,9,0,PAINTING SERVICE,BUMPER PAINT,"INNOVA, METALIC",6790,"BUMPER PAINTING FR - INNOVA, METALIC",Bodyshop
BUMPER PAINTING FR,998729,1,8627.12,,9,9,0,PAINTING SERVICE,BUMPER PAINT,"MCB-C-CLASS, SOLID",10180,"BUMPER PAINTING FR - MCB-C-CLASS, SOLID",Bodyshop
BUMPER PAINTING FR,998729,1,9347.46,,9,9,0,PAINTING SERVICE,BUMPER PAINT,MINI COOPER,11030,BUMPER PAINTING FR - MINI COOPER,Bodyshop
BUMPER PAINTING FR,998729,1,9347.46,,9,9,0,PAINTING SERVICE,BUMPER PAINT,SEG-P2,11030,BUMPER PAINTING FR - SEG-P2,Bodyshop
BUMPER PAINTING FR,998729,1,10788.14,,9,9,0,PAINTING SERVICE,BUMPER PAINT,BMW-6SRS,12730,BUMPER PAINTING FR - BMW-6SRS,Bodyshop
BUMPER PAINTING FR,998729,1,10067.8,,9,9,0,PAINTING SERVICE,BUMPER PAINT,SEG-P1,11880,BUMPER PAINTING FR - SEG-P1,Bodyshop
BUMPER PAINTING FR,998729,1,5754.24,,9,9,0,PAINTING SERVICE,BUMPER PAINT,SEG-C,6790,BUMPER PAINTING FR - SEG-C,Bodyshop
BUMPER PAINTING FR,998729,1,0,,9,9,0,PAINTING SERVICE,BUMPER PAINT,THAR,0,BUMPER PAINTING FR - THAR,Bodyshop
BUMPER PAINTING FR,998729,1,6042.37,,9,9,0,PAINTING SERVICE,BUMPER PAINT,SEG-B,7130,BUMPER PAINTING FR - SEG-B,Bodyshop
BUMPER PAINTING FR,998729,1,9347.46,,9,9,0,PAINTING SERVICE,BUMPER PAINT,SEG-SUV,11030,BUMPER PAINTING FR - SEG-SUV,Bodyshop
BUMPER PAINTING FR,998729,1,10500,,9,9,0,PAINTING SERVICE,BUMPER PAINT,BMW 7-SERIES METALLIC ,12390,BUMPER PAINTING FR - BMW 7-SERIES METALLIC ,Bodyshop
BUMPER PAINTING FR,998729,1,10067.8,,9,9,0,PAINTING SERVICE,BUMPER PAINT,SEG-P1,11880,BUMPER PAINTING FR - SEG-P1,Bodyshop
BUMPER PAINTING FR,998729,1,9347.46,,9,9,0,PAINTING SERVICE,BUMPER PAINT,INNOVA CRYSTA PEAR COLOR,11030,BUMPER PAINTING FR - INNOVA CRYSTA PEAR COLOR,Bodyshop
BUMPER PAINTING FR,998729,1,10067.8,,9,9,0,PAINTING SERVICE,BUMPER PAINT,SEG-P3,11880,BUMPER PAINTING FR - SEG-P3,Bodyshop
BUMPER PAINTING FR,998729,1,10067.8,,9,9,0,PAINTING SERVICE,BUMPER PAINT,SEG-D,11880,BUMPER PAINTING FR - SEG-D,Bodyshop
BUMPER PAINTING FR LOWER,998729,1,2872.88,,9,9,0,PAINTING SERVICE,BUMPER PAINT,SEG-P1,3390,BUMPER PAINTING FR LOWER - SEG-P1,Bodyshop
BUMPER PAINTING FR UPPER,998729,1,7194.92,,9,9,0,PAINTING SERVICE,BUMPER PAINT,SEG-F,8490,BUMPER PAINTING FR UPPER - SEG-F,Bodyshop
BUMPER PAINTING RR,998729,1,9347.46,,9,9,0,PAINTING SERVICE,BUMPER PAINT,SEG-P2,11030,BUMPER PAINTING RR - SEG-P2,Bodyshop
BUMPER PAINTING RR,998729,1,9347.46,,9,9,0,PAINTING SERVICE,BUMPER PAINT,MINI COOPER,11030,BUMPER PAINTING RR - MINI COOPER,Bodyshop
BUMPER PAINTING RR,998729,1,8627.12,,9,9,0,PAINTING SERVICE,BUMPER PAINT,BMW-3SRS METALIC,10180,BUMPER PAINTING RR - BMW-3SRS METALIC,Bodyshop
BUMPER PAINTING RR,998729,1,6474.58,,9,9,0,PAINTING SERVICE,BUMPER PAINT,SEG-SUV,7640,BUMPER PAINTING RR - SEG-SUV,Bodyshop
BUMPER PAINTING RR,998729,1,7194.92,,9,9,0,PAINTING SERVICE,BUMPER PAINT,SEG-D,8490,BUMPER PAINTING RR - SEG-D,Bodyshop
BUMPER PAINTING RR,998729,1,5033.9,,9,9,0,PAINTING SERVICE,BUMPER PAINT,SEG-B,5940,BUMPER PAINTING RR - SEG-B,Bodyshop
BUMPER PAINTING RR,998729,1,8627.12,,9,9,0,PAINTING SERVICE,BUMPER PAINT,SEG-P1,10180,BUMPER PAINTING RR - SEG-P1,Bodyshop
BUMPER PAINTING RR,998729,1,10788.14,,9,9,0,PAINTING SERVICE,BUMPER PAINT,SEG-P3,12730,BUMPER PAINTING RR - SEG-P3,Bodyshop
BUMPER PAINTING RR,998729,1,0,,9,9,0,PAINTING SERVICE,BUMPER PAINT,THAR,0,BUMPER PAINTING RR - THAR,Bodyshop
BUMPER PAINTING RR ,998729,1,10500,,9,9,0,PAINTING SERVICE,BUMPER PAINT,SEG-P3,12390,BUMPER PAINTING RR  - SEG-P3,Bodyshop
BUMPER PAINTING RR,998729,1,5466.1,,9,9,0,PAINTING SERVICE,BUMPER PAINT,SEG-C METALLIC,6450,BUMPER PAINTING RR - SEG-C METALLIC,Bodyshop
BUMPER PAINTING RR,998729,1,0,,9,9,0,PAINTING SERVICE,BUMPER PAINT,SEG-A,0,BUMPER PAINTING RR - SEG-A,Bodyshop
BUMPER PAINTING RR,998729,1,5754.24,,9,9,0,PAINTING SERVICE,BUMPER PAINT,SEG-P2 BMW 530 D METALLIC,6790,BUMPER PAINTING RR - SEG-P2 BMW 530 D METALLIC,Bodyshop
BUMPER PAINTING RR ,998729,1,6474.58,,9,9,0,PAINTING SERVICE,BUMPER PAINT,SEG-C,7640,BUMPER PAINTING RR  - SEG-C,Bodyshop
BUMPER PAINTING RR,998729,1,0,,9,9,0,PAINTING SERVICE,BUMPER PAINT,SEG-A,0,BUMPER PAINTING RR - SEG-A,Bodyshop
BUMPER PAINTING RR,998729,1,11508.48,,9,9,0,PAINTING SERVICE,BUMPER PAINT,SEG-P2,13580,BUMPER PAINTING RR - SEG-P2,Bodyshop
BUMPER PAINTING RR,998729,1,4313.56,,9,9,0,PAINTING SERVICE,BUMPER PAINT,SEG-P1 ,5090,BUMPER PAINTING RR - SEG-P1 ,Bodyshop
BUMPER PAINTING RR,998729,1,5466.1,,9,9,0,PAINTING SERVICE,BUMPER PAINT,SEG-B,6450,BUMPER PAINTING RR - SEG-B,Bodyshop
BUMPER PAINTING RR LOWER,998729,1,4872.88,,9,9,0,PAINTING SERVICE,BUMPER PAINT,SEG-F,5750,BUMPER PAINTING RR LOWER - SEG-F,Bodyshop
BUMPER PAINTING RR UPPER,998729,1,4872.88,,9,9,0,PAINTING SERVICE,BUMPER PAINT,SEG-F,5750,BUMPER PAINTING RR UPPER - SEG-F,Bodyshop
BUMPER PROTECTOR FITTING,998729,1,288.14,,9,9,0,ACCESSORIES,DOOR GUARD,SEG-SUV,340,BUMPER PROTECTOR FITTING - SEG-SUV,Accessories
BUMPER RAIL O/F FR,998729,1,152.54,,9,9,0,BODY PARTS,BUMPER RAIL O/F,SEG-B,180,BUMPER RAIL O/F FR - SEG-B,Bodyshop
BUMPER RAIL O/F RR,998729,1,2161.02,,9,9,0,BODY PARTS,BUMPER RAIL,SEG-P2,2550,BUMPER RAIL O/F RR - SEG-P2,Bodyshop
BUMPER RAIL REPAIR FR,998729,1,4313.56,,9,9,0,BODY PARTS,BUMPER RAIL REPAIR,SEG-P3,5090,BUMPER RAIL REPAIR FR - SEG-P3,Bodyshop
BUMPER RAIL REPAIR RR,998729,1,576.27,,9,9,0,BODY PARTS,BUMPER RAIL REPAIR,SEG-C,680,BUMPER RAIL REPAIR RR - SEG-C,Bodyshop
BUMPER REFLECTOR FITTING,998729,1,1186.44,,9,9,0,BODY PARTS,BUMPER REFLECTOR,SEG-F,1400,BUMPER REFLECTOR FITTING - SEG-F,Bodyshop
BUMPER REFLECTOR O/F LH,998729,1,372.88,,9,9,0,BODY PARTS,BUMPER REFLECTOR,,440,BUMPER REFLECTOR O/F LH - ,Bodyshop
BUMPER REFLECTOR O/F RH,998729,1,372.88,,9,9,0,BODY PARTS,BUMPER REFLECTOR,,440,BUMPER REFLECTOR O/F RH - ,Bodyshop
BUMPER REFLECTOR O/F RR,998729,1,152.54,,9,9,0,BODY PARTS,BUMPER PROTECTOR,SEG-P2,180,BUMPER REFLECTOR O/F RR - SEG-P2,Bodyshop
BUMPER REFLECTOR WIRING,998729,1,3483.05,,9,9,0,BODY PARTS,BUMPER REFLECTOR,SEG-F,4110,BUMPER REFLECTOR WIRING - SEG-F,Bodyshop
BUMPER REPAIR FR,998729,1,364.41,,9,9,0,BODY PARTS,BUMPER REPAIR,SEG-C,430,BUMPER REPAIR FR - SEG-C,Bodyshop
BUMPER REPAIR FR,998729,1,364.41,,9,9,0,BODY PARTS,BUMPER REPAIR,SEG-B,430,BUMPER REPAIR FR - SEG-B,Bodyshop
BUMPER REPAIR FR,998729,1,1152.54,,9,9,0,BODY PARTS,BUMPER REPAIR,SEG-P1,1360,BUMPER REPAIR FR - SEG-P1,Bodyshop
BUMPER REPAIR FR,998729,1,855.93,,9,9,0,BODY PARTS,BUMPER REPAIR,SEG-D,1010,BUMPER REPAIR FR - SEG-D,Bodyshop
BUMPER REPAIR FR,998729,1,1152.54,,9,9,0,BODY PARTS,BUMPER REPAIR,SEG-SUV,1360,BUMPER REPAIR FR - SEG-SUV,Bodyshop
BUMPER REPAIR FR,998729,1,2161.02,,9,9,0,BODY PARTS,BUMPER REPAIR,SEG-P3,2550,BUMPER REPAIR FR - SEG-P3,Bodyshop
BUMPER REPAIR FR,998729,1,1440.68,,9,9,0,BODY PARTS,BUMPER REPAIR,SEG-P2,1700,BUMPER REPAIR FR - SEG-P2,Bodyshop
BUMPER REPAIR RR,998729,1,1440.68,,9,9,0,BODY PARTS,BUMPER REPAIR,SEG-P2,1700,BUMPER REPAIR RR - SEG-P2,Bodyshop
BUMPER REPAIR RR,998729,1,618.64,,9,9,0,BODY PARTS,BUMPER REPAIR,SEG-B,730,BUMPER REPAIR RR - SEG-B,Bodyshop
BUMPER REPAIR RR,998729,1,2161.02,,9,9,0,BODY PARTS,BUMPER REPAIR,SEG-P3,2550,BUMPER REPAIR RR - SEG-P3,Bodyshop
BUMPER REPAIR RR,998729,1,508.48,,9,9,0,BODY PARTS,BUMPER REPAIR,SEG-SUV,600,BUMPER REPAIR RR - SEG-SUV,Bodyshop
BUMPER REPAIR RR,998729,1,796.61,,9,9,0,BODY PARTS,BUMPER REPAIR,SEG-P1,940,BUMPER REPAIR RR - SEG-P1,Bodyshop
BUMPER REPAIR RR,998729,1,576.27,,9,9,0,BODY PARTS,BUMPER REPAIR,SEG-C,680,BUMPER REPAIR RR - SEG-C,Bodyshop
BUMPER REPAIR RR,998729,1,644.07,,9,9,0,BODY PARTS,BUMPER REPAIR,SEG-D,760,BUMPER REPAIR RR - SEG-D,Bodyshop
BUMPER SENSOR O/F FR,998729,0,1440.68,,9,9,0,BODY PARTS,BUMPER,SEG-P1,1700,BUMPER SENSOR O/F FR - SEG-P1,Bodyshop
BUMPER SENSOR O/F RR,998729,0,305.09,,9,9,0,BODY PARTS,BUMPER O/F,SEG-D,360,BUMPER SENSOR O/F RR - SEG-D,Bodyshop
BUMPER SHOW O/F FR,998729,1,1152.54,,9,9,0,BODY PARTS,BUMPER O/F,SEG-D,1360,BUMPER SHOW O/F FR - SEG-D,Bodyshop
BUMPER SHOW O/F RR,998729,1,1152.54,,9,9,0,BODY PARTS,BUMPER O/F,SEG-D,1360,BUMPER SHOW O/F RR - SEG-D,Bodyshop
BUMPER SHOW PAINTING FR,998729,1,5754.24,,9,9,0,PAINTING SERVICE,BUMPER GUARD PAINT,SEG-D,6790,BUMPER SHOW PAINTING FR - SEG-D,Bodyshop
BUMPER SHOW PAINTING RR,998729,1,5754.24,,9,9,0,PAINTING SERVICE,BUMPER GUARD PAINT,SEG-D,6790,BUMPER SHOW PAINTING RR - SEG-D,Bodyshop
BUMPER SKIRT FR O/F,998729,1,508.48,,9,9,0,BODY PARTS,BUMPER,SEG-P1,600,BUMPER SKIRT FR O/F - SEG-P1,Bodyshop
BUMPER SKIRT O/F FR,998729,1,364.41,,9,9,0,BODY PARTS,BUMPER SKIRT,SEG-B,430,BUMPER SKIRT O/F FR - SEG-B,Bodyshop
BUMPER SKIRT O/F RR,998729,1,720.34,,9,9,0,BODY PARTS,SKIRT PANEL O/F,SEG-D,850,BUMPER SKIRT O/F RR - SEG-D,Bodyshop
BUMPER SKIRT O/F RR,998729,1,1728.81,,9,9,0,BODY PARTS,SKIRT PANEL O/F,SEG-C,2040,BUMPER SKIRT O/F RR - SEG-C,Bodyshop
BUMPER SKIRT O/F RR,998729,1,508.48,,9,9,0,BODY PARTS,SKIRT PANEL O/F,SEG-P1,600,BUMPER SKIRT O/F RR - SEG-P1,Bodyshop
BUMPER SKIRT PAINTING,998729,1,1728.81,,9,9,0,PAINTING SERVICE,SKIRT PANEL PAINT,SEG-B,2040,BUMPER SKIRT PAINTING - SEG-B,Bodyshop
BUMPER SKIRT PAINTING FR,998729,1,2161.02,,9,9,0,PAINTING SERVICE,SKIRT PANEL PAINT,SEG-P2,2550,BUMPER SKIRT PAINTING FR - SEG-P2,Bodyshop
BUMPER SKIRT PAINTING FR,998729,1,288.14,,9,9,0,PAINTING SERVICE,SKIRT PANEL PAINT,SEG-C,340,BUMPER SKIRT PAINTING FR - SEG-C,Bodyshop
BUMPER SKIRT PAINTING FR,998729,1,1805.09,,9,9,0,PAINTING SERVICE,SKIRT PANEL PAINT,MINI COOPER,2130,BUMPER SKIRT PAINTING FR - MINI COOPER,Bodyshop
BUMPER SKIRT PAINTING RR,998729,1,1805.09,,9,9,0,PAINTING SERVICE,SKIRT PANEL PAINT,SEG-D,2130,BUMPER SKIRT PAINTING RR - SEG-D,Bodyshop
BUMPER SKIRT PAINTING RR,998729,1,2161.02,,9,9,0,PAINTING SERVICE,SKIRT PANEL PAINT,SEG-P2,2550,BUMPER SKIRT PAINTING RR - SEG-P2,Bodyshop
BUMPER SKIRT PAINTING RR,998729,1,3593.22,,9,9,0,PAINTING SERVICE,SKIRT PANEL PAINT,SEG-P1,4240,BUMPER SKIRT PAINTING RR - SEG-P1,Bodyshop
BUMPER SKIRT PAINTING RR,998729,1,2161.02,,9,9,0,PAINTING SERVICE,BUMPER GUARD PAINT,SUV,2550,BUMPER SKIRT PAINTING RR - SUV,Bodyshop
BUMPER SKIRT REPAIR FR,998729,1,432.2,,9,9,0,BODY PARTS,SKIRT PANEL REPAIR,SEG-P1,510,BUMPER SKIRT REPAIR FR - SEG-P1,Bodyshop
BUMPER SKIRT REPAIR FR ,998729,1,796.61,,9,9,0,BODY PARTS,SKIRT PANEL REPAIR,SEG-C,940,BUMPER SKIRT REPAIR FR  - SEG-C,Bodyshop
BUMPER SKIRT REPAIR RR,998729,1,432.2,,9,9,0,BODY PARTS,SKIRT PANEL REPAIR,SEG-P1,510,BUMPER SKIRT REPAIR RR - SEG-P1,Bodyshop
BUMPER SKIRT REPAIR RR,998729,1,1728.81,,9,9,0,BODY PARTS,SKIRT PANEL REPAIR,SEG- D,2040,BUMPER SKIRT REPAIR RR - SEG- D,Bodyshop
BUMPER TOUCH UP FR,998729,1,1440.68,,9,9,0,PAINTING SERVICE,BUMPER PAINT,SEG-P1,1700,BUMPER TOUCH UP FR - SEG-P1,Bodyshop
BUMPER TOUCH UP RR,998729,1,1440.68,,9,9,0,PAINTING SERVICE,BUMPER PAINT,SEG-B,1700,BUMPER TOUCH UP RR - SEG-B,Bodyshop
BUZZER O/F,998729,0,1347.46,,9,9,0,ELECTRICAL,HORN,SEG-P2,1590,BUZZER O/F - SEG-P2,Mechanical
BYPASS VALVE O/F,998729,0,2872.88,,9,9,0,ENGINE,EGR VALVE,SEG-P1,3390,BYPASS VALVE O/F - SEG-P1,Mechanical
CABIN FILTER CLEANING,998729,0,720.34,,9,9,0,FILTERATION,FILTER SERVICE,SEG-P1,850,CABIN FILTER CLEANING - SEG-P1,Mechanical
CABIN FILTER O/F,998729,0,305.09,,9,9,0,FILTERATION,FILTER O/F,SEG-P1,360,CABIN FILTER O/F - SEG-P1,Mechanical
CABIN FILTER O/F,998729,0,372.88,,9,9,0,FILTERATION,FILTER O/F,SEG-P2,440,CABIN FILTER O/F - SEG-P2,Mechanical
CABIN FILTER O/F,998729,0,423.73,,9,9,0,FILTERATION,FILTER O/F,SEG-P3,500,CABIN FILTER O/F - SEG-P3,Mechanical
CABIN FILTER O/F,998729,0,491.53,,9,9,0,FILTERATION,FILTER O/F,SEG-P4,580,CABIN FILTER O/F - SEG-P4,Mechanical
CALIPER CLEANING,998729,1,1440.68,,9,9,0,PAINTING SERVICE,CALIPER PAINT,SEG-P4,1700,CALIPER CLEANING - SEG-P4,Bodyshop
CALIPER GREASSING FR,998729,0,372.88,,9,9,0,BRAKE,CALIPER GREASING,SEG-A,440,CALIPER GREASSING FR - SEG-A,Mechanical
CALIPER GREASSING FR,998729,0,372.88,,9,9,0,BRAKE,CALIPER GREASING,SEG-D,440,CALIPER GREASSING FR - SEG-D,Mechanical
CALIPER GREASSING FR,998729,0,423.73,,9,9,0,BRAKE,CALIPER GREASING,SEG-F,500,CALIPER GREASSING FR - SEG-F,Mechanical
CALIPER GREASSING FR,998729,0,372.88,,9,9,0,BRAKE,CALIPER GREASING,SEG-E,440,CALIPER GREASSING FR - SEG-E,Mechanical
CALIPER GREASSING FR,998729,0,372.88,,9,9,0,BRAKE,CALIPER GREASING,SEG-B,440,CALIPER GREASSING FR - SEG-B,Mechanical
CALIPER GREASSING FR,998729,0,372.88,,9,9,0,BRAKE,CALIPER GREASING,SEG-C,440,CALIPER GREASSING FR - SEG-C,Mechanical
CALIPER GREASSING RR,998729,0,372.88,,9,9,0,BRAKE,CALIPER GREASING,SEG-A-B-C-D-E,440,CALIPER GREASSING RR - SEG-A-B-C-D-E,Mechanical
CALIPER GREASSING RR,998729,0,423.73,,9,9,0,BRAKE,CALIPER GREASING,SEG-F,500,CALIPER GREASSING RR - SEG-F,Mechanical
CALIPER O/F FR LH,998729,0,974.58,,9,9,0,BRAKE,BRAKE CALIPER,SEG-F,1150,CALIPER O/F FR LH - SEG-F,Mechanical
CALIPER O/F FR RH,998729,0,974.58,,9,9,0,BRAKE,BRAKE CALIPER,SEG-SUV,1150,CALIPER O/F FR RH - SEG-SUV,Mechanical
CALIPER O/F RR RH,998729,0,1000,,9,9,0,BRAKE,BRAKE CALIPER,,1180,CALIPER O/F RR RH - ,Mechanical
CALIPER PAINTING,998729,1,2872.88,,9,9,0,PAINTING SERVICE,CALIPER PAINT,SEG-SUV (4X500),3390,CALIPER PAINTING - SEG-SUV (4X500),Bodyshop
CALIPER PAINTING,998729,1,1728.81,,9,9,0,PAINTING SERVICE,CALIPER PAINT,SEG-C (4X300),2040,CALIPER PAINTING - SEG-C (4X300),Bodyshop
CALIPER PAINTING,998729,1,2872.88,,9,9,0,PAINTING SERVICE,CALIPER PAINT,SEG-P1 (4X375),3390,CALIPER PAINTING - SEG-P1 (4X375),Bodyshop
CALIPER PAINTING,998729,1,1728.81,,9,9,0,PAINTING SERVICE,CALIPER PAINT,SEG-P2 (4X300),2040,CALIPER PAINTING - SEG-P2 (4X300),Bodyshop
CALIPER PIN O/F,998729,0,855.93,,9,9,0,BRAKE,BRAKE CALIPER,SEG-C,1010,CALIPER PIN O/F - SEG-C,Mechanical
CAMBER BOLT O/F,998729,0,1220.34,,9,9,0,SUSPENSION,LOWER ARM BOLT,,1440,CAMBER BOLT O/F - ,Mechanical
CAMERA CALIBRATION,998729,0,1254.24,,9,9,0,ELECTRICAL,SENSOR O/F,,1480,CAMERA CALIBRATION - ,Bodyshop
CAMSHAFT OIL SEAL O/F,998729,0,618.64,TIMING O/F EXTRA,9,9,0,ENGINE,CAMSHAFT OIL SEAL O/F,SEG-A,730,CAMSHAFT OIL SEAL O/F - SEG-A,Mechanical
CAMSHAFT OIL SEAL O/F,998729,0,618.64,TIMING O/F EXTRA,9,9,0,ENGINE,CAMSHAFT OIL SEAL O/F,SEG-B,730,CAMSHAFT OIL SEAL O/F - SEG-B,Mechanical
CAMSHAFT OIL SEAL O/F,998729,0,728.81,TIMING O/F EXTRA,9,9,0,ENGINE,CAMSHAFT OIL SEAL O/F,SEG-C,860,CAMSHAFT OIL SEAL O/F - SEG-C,Mechanical
CAMSHAFT OIL SEAL O/F,998729,0,855.93,TIMING O/F EXTRA,9,9,0,ENGINE,CAMSHAFT OIL SEAL O/F,SEG-D,1010,CAMSHAFT OIL SEAL O/F - SEG-D,Mechanical
CAMSHAFT OIL SEAL O/F,998729,0,728.81,TIMING O/F EXTRA,9,9,0,ENGINE,CAMSHAFT OIL SEAL O/F,SEG-E,860,CAMSHAFT OIL SEAL O/F - SEG-E,Mechanical
CAMSHAFT OIL SEAL O/F,998729,0,1220.34,TIMING O/F EXTRA,9,9,0,ENGINE,CAMSHAFT OIL SEAL O/F,SEG-P1,1440,CAMSHAFT OIL SEAL O/F - SEG-P1,Mechanical
CAMSHAFT OIL SEAL O/F,998729,0,1220.34,TIMING O/F EXTRA,9,9,0,ENGINE,CAMSHAFT OIL SEAL O/F,SEG-P2,1440,CAMSHAFT OIL SEAL O/F - SEG-P2,Mechanical
CAMSHAFT OIL SEAL O/F,998729,0,2440.68,TIMING O/F EXTRA,9,9,0,ENGINE,CAMSHAFT OIL SEAL O/F,SEG-P3,2880,CAMSHAFT OIL SEAL O/F - SEG-P3,Mechanical
CAMSHAFT OIL SEAL O/F,998729,0,3652.54,TIMING O/F EXTRA,9,9,0,ENGINE,CAMSHAFT OIL SEAL O/F,SEG-P4,4310,CAMSHAFT OIL SEAL O/F - SEG-P4,Mechanical
CAMSHAFT OIL SEAL O/F,998729,0,855.93,TIMING O/F EXTRA,9,9,0,ENGINE,CAMSHAFT OIL SEAL O/F,SEG-F,1010,CAMSHAFT OIL SEAL O/F - SEG-F,Mechanical
CAMSHAFT POSITION SENSOR O/F,998729,0,1152.54,,9,9,0,ENGINE,CKP SENSOR,SEG-P1,1360,CAMSHAFT POSITION SENSOR O/F - SEG-P1,Mechanical
CAMSHAFT PULLEY O/F,998729,0,618.64,TIMING O/F EXTRA,9,9,0,ENGINE,CAMSHAFT PULLEY O/F,SEG-A,730,CAMSHAFT PULLEY O/F - SEG-A,Mechanical
CAMSHAFT PULLEY O/F,998729,0,618.64,TIMING O/F EXTRA,9,9,0,ENGINE,CAMSHAFT PULLEY O/F,SEG-B,730,CAMSHAFT PULLEY O/F - SEG-B,Mechanical
CAMSHAFT PULLEY O/F,998729,0,728.81,TIMING O/F EXTRA,9,9,0,ENGINE,CAMSHAFT PULLEY O/F,SEG-C,860,CAMSHAFT PULLEY O/F - SEG-C,Mechanical
CAMSHAFT PULLEY O/F,998729,0,855.93,TIMING O/F EXTRA,9,9,0,ENGINE,CAMSHAFT PULLEY O/F,SEG-D,1010,CAMSHAFT PULLEY O/F - SEG-D,Mechanical
CAMSHAFT PULLEY O/F,998729,0,728.81,TIMING O/F EXTRA,9,9,0,ENGINE,CAMSHAFT PULLEY O/F,SEG-E,860,CAMSHAFT PULLEY O/F - SEG-E,Mechanical
CAMSHAFT PULLEY O/F,998729,0,855.93,TIMING O/F EXTRA,9,9,0,ENGINE,CAMSHAFT PULLEY O/F,SEG-F,1010,CAMSHAFT PULLEY O/F - SEG-F,Mechanical
CAMSHAFT PULLEY O/F,998729,0,3652.54,TIMING O/F EXTRA,9,9,0,ENGINE,CAMSHAFT PULLEY O/F,SEG-P1,4310,CAMSHAFT PULLEY O/F - SEG-P1,Mechanical
CAMSHAFT PULLEY O/F,998729,0,4271.19,TIMING O/F EXTRA,9,9,0,ENGINE,CAMSHAFT PULLEY O/F,SEG-P2,5040,CAMSHAFT PULLEY O/F - SEG-P2,Mechanical
CAMSHAFT PULLEY O/F,998729,0,4872.88,TIMING O/F EXTRA,9,9,0,ENGINE,CAMSHAFT PULLEY O/F,SEG-P3,5750,CAMSHAFT PULLEY O/F - SEG-P3,Mechanical
CAMSHAFT PULLEY O/F,998729,0,6093.22,TIMING O/F EXTRA,9,9,0,ENGINE,CAMSHAFT PULLEY O/F,SEG-P4,7190,CAMSHAFT PULLEY O/F - SEG-P4,Mechanical
CANISTER REPLACE,998729,0,720.34,,9,9,0,ENGINE,,SEG-D,850,CANISTER REPLACE - SEG-D,Mechanical
CAR REMOTE LOCK CHECK,998729,1,364.41,,9,9,0,ELECTRICAL,CENTRE LOCK MOTOR O/F,,430,CAR REMOTE LOCK CHECK - ,Mechanical
CAR SERVICE CONSULTING CHARGE,998729,1,14372.88,,9,9,0,GENERAL SERVICE,SERVICE CHARGE,COMMON,16960,CAR SERVICE CONSULTING CHARGE - COMMON,Mechanical
CARBURATOR SERVICE,998729,0,974.58,,9,9,0,ENGINE,CARBURATOR,SEG-A,1150,CARBURATOR SERVICE - SEG-A,Mechanical
CARPET LAMINATION,998729,1,3813.56,,9,9,0,UPHOLSTERY,CARPET LAMINATION,SEG-P3,4500,CARPET LAMINATION - SEG-P3,Mechanical
CATALYTIC CONVERTER COVER O/F,998729,1,720.34,,9,9,0,BODY PARTS,BUMPER COVER,SEG-F,850,CATALYTIC CONVERTER COVER O/F - SEG-F,Bodyshop
CATALYTIC CONVERTER PIPE O/F,998729,0,305.09,,9,9,0,ENGINE COOLING,HOSE PIPE,SEG-C,360,CATALYTIC CONVERTER PIPE O/F - SEG-C,Mechanical
CENTER ARM REST REPAIR,998729,0,364.41,,9,9,0,BODY PARTS,ARM REST,SEG-P3,430,CENTER ARM REST REPAIR - SEG-P3,Bodyshop
CENTER LOCK MOTOR O/F FR LH,998729,0,423.73,,9,9,0,ELECTRICAL,CENTRE LOCK MOTOR O/F,SEG-A,500,CENTER LOCK MOTOR O/F FR LH - SEG-A,Mechanical
CENTER LOCK MOTOR O/F FR LH,998729,0,550.85,,9,9,0,ELECTRICAL,CENTRE LOCK MOTOR O/F,SEG-B,650,CENTER LOCK MOTOR O/F FR LH - SEG-B,Mechanical
CENTER LOCK MOTOR O/F FR LH,998729,0,550.85,,9,9,0,ELECTRICAL,CENTRE LOCK MOTOR O/F,SEG-C,650,CENTER LOCK MOTOR O/F FR LH - SEG-C,Mechanical
CENTER LOCK MOTOR O/F FR LH,998729,0,550.85,,9,9,0,ELECTRICAL,CENTRE LOCK MOTOR O/F,SEG-E,650,CENTER LOCK MOTOR O/F FR LH - SEG-E,Mechanical
CENTER LOCK MOTOR O/F FR LH,998729,0,669.49,,9,9,0,ELECTRICAL,CENTRE LOCK MOTOR O/F,SEG-F,790,CENTER LOCK MOTOR O/F FR LH - SEG-F,Mechanical
CENTER LOCK MOTOR O/F FR RH,998729,0,423.73,,9,9,0,ELECTRICAL,CENTRE LOCK MOTOR O/F,SEG-A,500,CENTER LOCK MOTOR O/F FR RH - SEG-A,Mechanical
CENTER LOCK MOTOR O/F FR RH,998729,0,550.85,,9,9,0,ELECTRICAL,CENTRE LOCK MOTOR O/F,SEG-C,650,CENTER LOCK MOTOR O/F FR RH - SEG-C,Mechanical
CENTER LOCK MOTOR O/F FR RH,998729,0,550.85,,9,9,0,ELECTRICAL,CENTRE LOCK MOTOR O/F,SEG-E,650,CENTER LOCK MOTOR O/F FR RH - SEG-E,Mechanical
CENTER LOCK MOTOR O/F FR RH,998729,0,669.49,,9,9,0,ELECTRICAL,CENTRE LOCK MOTOR O/F,SEG-F,790,CENTER LOCK MOTOR O/F FR RH - SEG-F,Mechanical
CENTER LOCK MOTOR O/F FR RH,998729,0,550.85,,9,9,0,ELECTRICAL,CENTRE LOCK MOTOR O/F,SEG-B,650,CENTER LOCK MOTOR O/F FR RH - SEG-B,Mechanical
CENTER LOCK MOTOR O/F RR LH,998729,0,423.73,,9,9,0,ELECTRICAL,CENTRE LOCK MOTOR O/F,SEG-A,500,CENTER LOCK MOTOR O/F RR LH - SEG-A,Mechanical
CENTER LOCK MOTOR O/F RR LH,998729,0,550.85,,9,9,0,ELECTRICAL,CENTRE LOCK MOTOR O/F,SEG-B,650,CENTER LOCK MOTOR O/F RR LH - SEG-B,Mechanical
CENTER LOCK MOTOR O/F RR LH,998729,0,550.85,,9,9,0,ELECTRICAL,CENTRE LOCK MOTOR O/F,SEG-C,650,CENTER LOCK MOTOR O/F RR LH - SEG-C,Mechanical
CENTER LOCK MOTOR O/F RR LH,998729,0,550.85,,9,9,0,ELECTRICAL,CENTRE LOCK MOTOR O/F,SEG-E,650,CENTER LOCK MOTOR O/F RR LH - SEG-E,Mechanical
CENTER LOCK MOTOR O/F RR LH,998729,0,669.49,,9,9,0,ELECTRICAL,CENTRE LOCK MOTOR O/F,SEG-F,790,CENTER LOCK MOTOR O/F RR LH - SEG-F,Mechanical
CENTER LOCK MOTOR O/F RR RH,998729,0,423.73,,9,9,0,ELECTRICAL,CENTRE LOCK MOTOR O/F,SEG-A,500,CENTER LOCK MOTOR O/F RR RH - SEG-A,Mechanical
CENTER LOCK MOTOR O/F RR RH,998729,0,550.85,,9,9,0,ELECTRICAL,CENTRE LOCK MOTOR O/F,SEG-C,650,CENTER LOCK MOTOR O/F RR RH - SEG-C,Mechanical
CENTER LOCK MOTOR O/F RR RH,998729,0,550.85,,9,9,0,ELECTRICAL,CENTRE LOCK MOTOR O/F,SEG-E,650,CENTER LOCK MOTOR O/F RR RH - SEG-E,Mechanical
CENTER LOCK MOTOR O/F RR RH,998729,0,669.49,,9,9,0,ELECTRICAL,CENTRE LOCK MOTOR O/F,SEG-F,790,CENTER LOCK MOTOR O/F RR RH - SEG-F,Mechanical
CENTER LOCK MOTOR O/F RR RH,998729,0,550.85,,9,9,0,ELECTRICAL,CENTRE LOCK MOTOR O/F,SEG-B,650,CENTER LOCK MOTOR O/F RR RH - SEG-B,Mechanical
CENTER LOCK MOTOR REPAIR,998729,1,1016.95,,9,9,0,ELECTRICAL,LOCK SYSTEM REPAIR,SEG-B,1200,CENTER LOCK MOTOR REPAIR - SEG-B,Mechanical
CENTER LOCK SYSTEM FITTING,998729,0,1084.75,,9,9,0,ELECTRICAL,WIRING REPAIR,SEG-B,1280,CENTER LOCK SYSTEM FITTING - SEG-B,Mechanical
CENTRAL CONSOLE DISPLAY O/F,998729,0,3127.12,,9,9,0,ELECTRICAL,ACTUATOR,SEG-P2,3690,CENTRAL CONSOLE DISPLAY O/F - SEG-P2,Mechanical
CENTRAL CONSOLE MOUSE O/F,998729,1,3389.83,,9,9,0,ELECTRICAL,COMBINATION SWITCH,,4000,CENTRAL CONSOLE MOUSE O/F - ,Mechanical
CENTRAL LOCK MOTOR FITTING,998729,1,1296.61,,9,9,0,ELECTRICAL,CENTRE LOCK MOTOR O/F,,1530,CENTRAL LOCK MOTOR FITTING - ,Mechanical
CENTRAL LOCK REPAIR FR RH,998729,0,728.81,,9,9,0,ELECTRICAL,CENTRE LOCK MOTOR O/F,SEG-D,860,CENTRAL LOCK REPAIR FR RH - SEG-D,Mechanical
CENTRAL LOCK SYSTEM REPAIR,998729,0,2161.02,,9,9,0,ELECTRICAL,LOCK SYSTEM REPAIR,SEG-P2,2550,CENTRAL LOCK SYSTEM REPAIR - SEG-P2,Mechanical
CENTRAL LOCK SYSTEM REPAIR,998729,0,932.2,,9,9,0,ELECTRICAL,LOCK SYSTEM REPAIR,SEG-D,1100,CENTRAL LOCK SYSTEM REPAIR - SEG-D,Mechanical
CERAMIC MAINTENANCE SERVICE,998729,1,1728.81,,9,9,0,CAR CARE,CERAMIC COATING,,2040,CERAMIC MAINTENANCE SERVICE - ,Value Addition
CHASIS REPAIR LH,998729,0,720.34,,9,9,0,BODY PARTS,BODY PANEL,SEG-B,850,CHASIS REPAIR LH - SEG-B,Bodyshop
CHASIS REPAIR RH,998729,0,720.34,,9,9,0,BODY PARTS,BODY PANEL,SEG-B,850,CHASIS REPAIR RH - SEG-B,Bodyshop
CHASSIS O/F RR,998729,0,4313.56,,9,9,0,BODY PARTS,CROSS MEMBER REPAIR,SEG-P2,5090,CHASSIS O/F RR - SEG-P2,Bodyshop
CHASSIS REPAIR ,998729,1,7194.92,,9,9,0,BODY PARTS,CROSS MEMBER REPAIR,SEG-B,8490,CHASSIS REPAIR  - SEG-B,Bodyshop
CHROME CLEANING ALL,998729,1,440.68,,9,9,0,CAR CARE,CHROME CLEANING,SEG-SUV,520,CHROME CLEANING ALL - SEG-SUV,Value Addition
CHROME DELETE,998729,1,2872.88,,9,9,0,PAINTING SERVICE,DOOR HINGE PAINT,seg-b,3390,CHROME DELETE - seg-b,Bodyshop
CHROME PLATE WORK,998729,0,5830.51,,9,9,0,ACCESSORIES,STICKER WORK,COMMON,6880,CHROME PLATE WORK - COMMON,Accessories
CIGARETTE LIGHTER HOLDER O/F,998729,1,432.2,,9,9,0,ELECTRICAL,CIGARETTE LIGHTER,SEG-P1,510,CIGARETTE LIGHTER HOLDER O/F - SEG-P1,Mechanical
CIGRATE LIGHTER FITTING,998729,1,550.85,,9,9,0,ACCESSORIES,MOBILE CHARGER,,650,CIGRATE LIGHTER FITTING - ,Accessories
CKP SENSOR O/F,998729,0,3050.85,,9,9,0,ENGINE,CKP SENSOR,SEG-C,3600,CKP SENSOR O/F - SEG-C,Mechanical
CLIMATE CONTROL UNIT O/F,998729,0,2872.88,,9,9,0,ELECTRICAL,WIRING REPAIR,SEG-P2,3390,CLIMATE CONTROL UNIT O/F - SEG-P2,Mechanical
CLIP PARKING BRAKE CABLE O/F,998729,0,2161.02,,9,9,0,BRAKE,BRAKE CABLE O/F,SEG-P1,2550,CLIP PARKING BRAKE CABLE O/F - SEG-P1,Mechanical
CLUTCH CABLE O/F,998729,0,372.88,,9,9,0,CLUTCH,CLUTCH CABLE O/F,SEG-A,440,CLUTCH CABLE O/F - SEG-A,Mechanical
CLUTCH CABLE O/F,998729,0,0,,9,9,0,CLUTCH,CLUTCH CABLE O/F,SEG-B,0,CLUTCH CABLE O/F - SEG-B,Mechanical
CLUTCH MASTER CYLINDER O/F,998729,0,0,,9,9,0,CLUTCH,CLUTCH CYLINDER O/F,SEG-B,0,CLUTCH MASTER CYLINDER O/F - SEG-B,Mechanical
CLUTCH MASTER CYLINDER O/F,998729,0,1525.42,,9,9,0,CLUTCH,CLUTCH CYLINDER O/F,SEG-E,1800,CLUTCH MASTER CYLINDER O/F - SEG-E,Mechanical
CLUTCH MASTER CYLINDER O/F,998729,0,1830.51,,9,9,0,CLUTCH,CLUTCH CYLINDER O/F,SEG-D,2160,CLUTCH MASTER CYLINDER O/F - SEG-D,Mechanical
CLUTCH MASTER CYLINDER O/F,998729,0,2016.95,,9,9,0,CLUTCH,CLUTCH CYLINDER O/F,SEG-F,2380,CLUTCH MASTER CYLINDER O/F - SEG-F,Mechanical
CLUTCH MOTOR O/F,998729,0,2161.02,,9,9,0,CLUTCH,CLUTCH MOTOR,SEG-A,2550,CLUTCH MOTOR O/F - SEG-A,Mechanical
CLUTCH OVERHAUL,998729,0,4271.19,,9,9,0,CLUTCH,CLUTCH OVERHAUL,SEG-E,5040,CLUTCH OVERHAUL - SEG-E,Mechanical
CLUTCH OVERHAUL,998729,0,3652.54,,9,9,0,CLUTCH,CLUTCH OVERHAUL,SEG-C,4310,CLUTCH OVERHAUL - SEG-C,Mechanical
CLUTCH OVERHAUL,998729,0,4872.88,,9,9,0,CLUTCH,CLUTCH OVERHAUL,SEG-F,5750,CLUTCH OVERHAUL - SEG-F,Mechanical
CLUTCH OVERHAUL,998729,0,3652.54,,9,9,0,CLUTCH,CLUTCH OVERHAUL,SEG-A,4310,CLUTCH OVERHAUL - SEG-A,Mechanical
CLUTCH OVERHAUL,998729,0,0,,9,9,0,CLUTCH,CLUTCH OVERHAUL,SEG-P1,0,CLUTCH OVERHAUL - SEG-P1,Mechanical
CLUTCH OVERHAUL,998729,0,0,,9,9,0,CLUTCH,CLUTCH OVERHAUL,SEG-P3,0,CLUTCH OVERHAUL - SEG-P3,Mechanical
CLUTCH OVERHAUL,998729,0,4872.88,,9,9,0,CLUTCH,CLUTCH OVERHAUL,SEG-D,5750,CLUTCH OVERHAUL - SEG-D,Mechanical
CLUTCH OVERHAUL,998729,0,3652.54,,9,9,0,CLUTCH,CLUTCH OVERHAUL,SEG-C,4310,CLUTCH OVERHAUL - SEG-C,Mechanical
CLUTCH OVERHAUL,998729,0,0,,9,9,0,CLUTCH,CLUTCH OVERHAUL,SEG-P2,0,CLUTCH OVERHAUL - SEG-P2,Mechanical
CLUTCH OVERHAUL,998729,0,3652.54,,9,9,0,CLUTCH,CLUTCH OVERHAUL,SEG-B,4310,CLUTCH OVERHAUL - SEG-B,Mechanical
CLUTCH OVERHAUL,998729,0,0,,9,9,0,CLUTCH,CLUTCH OVERHAUL,SEG-P4,0,CLUTCH OVERHAUL - SEG-P4,Mechanical
CLUTCH OVERHAUL,998729,0,4872.88,,9,9,0,CLUTCH,CLUTCH OVERHAUL,SEG-F,5750,CLUTCH OVERHAUL - SEG-F,Mechanical
CLUTCH OVERHAUL,998729,0,4872.88,,9,9,0,CLUTCH,CLUTCH OVERHAUL,SEG-D,5750,CLUTCH OVERHAUL - SEG-D,Mechanical
CLUTCH PADEL SWITCH O/F,998729,0,250,,9,9,0,CLUTCH,CLUTCH MOTOR,,295,CLUTCH PADEL SWITCH O/F - ,Mechanical
CLUTCH PIPE O/F,998729,0,1008.48,,9,9,0,BRAKE,BRAKE PIPE,SEG-B,1190,CLUTCH PIPE O/F - SEG-B,Mechanical
CLUTCH PIPE REPAIR,998729,0,1762.71,,9,9,0,CLUTCH,CLUTCH CYLINDER,SEG-C,2080,CLUTCH PIPE REPAIR - SEG-C,Mechanical
CLUTCH SET O/F,998729,0,618.64,,9,9,0,CLUTCH,CLUTCH SET,,730,CLUTCH SET O/F - ,Mechanical
CLUTCH SLIVE CYLINDER O/F,998729,0,1525.42,,9,9,0,CLUTCH,CLUTCH CYLINDER O/F,SEG-E,1800,CLUTCH SLIVE CYLINDER O/F - SEG-E,Mechanical
CLUTCH SLIVE CYLINDER O/F,998729,0,2016.95,,9,9,0,CLUTCH,CLUTCH CYLINDER O/F,SEG-F,2380,CLUTCH SLIVE CYLINDER O/F - SEG-F,Mechanical
CLUTCH SLIVE CYLINDER O/F,998729,0,974.58,,9,9,0,CLUTCH,CLUTCH CYLINDER O/F,SEG-D,1150,CLUTCH SLIVE CYLINDER O/F - SEG-D,Mechanical
CNG KIT INSTALLATION,998729,1,1254.24,,9,9,0,FUEL SYSTEM,CNG TANK,COMMON,1480,CNG KIT INSTALLATION - COMMON,Mechanical
CNG KIT REMOVE,998729,0,1466.1,,9,9,0,FUEL SYSTEM,CNG TANK O/F,,1730,CNG KIT REMOVE - ,Mechanical
CNG TANK O/F,998729,0,550,,9,9,0,FUEL SYSTEM,CNG TANK,,649,CNG TANK O/F - ,Mechanical
CNG TANK REMOVE,998729,0,152.54,,9,9,0,ENGINE,CNG TANK O/F,seg-a,180,CNG TANK REMOVE - seg-a,Mechanical
CNG WIRING REPAIR,998729,0,669.49,,9,9,0,ELECTRICAL,WIRING REPAIR,SEG-B,790,CNG WIRING REPAIR - SEG-B,Mechanical
CNG WIRING REPLACE,998729,0,2322.03,,9,9,0,ELECTRICAL,WIRING REPAIR,SEG-B,2740,CNG WIRING REPLACE - SEG-B,Mechanical
COIL SPRING PAD O/F RR BH,998729,0,728.81,,9,9,0,SUSPENSION,COIL SPRING O/F,SEG-C,860,COIL SPRING PAD O/F RR BH - SEG-C,Mechanical
COIL SPRING PAD O/F RR BH,998729,0,728.81,,9,9,0,SUSPENSION,COIL SPRING O/F,SEG-B,860,COIL SPRING PAD O/F RR BH - SEG-B,Mechanical
COIL SPRING PAD O/F RR BH,998729,0,728.81,,9,9,0,SUSPENSION,COIL SPRING O/F,SEG-A,860,COIL SPRING PAD O/F RR BH - SEG-A,Mechanical
COIL SPRING PAD O/F RR BH,998729,0,1703.39,,9,9,0,SUSPENSION,COIL SPRING O/F,SEG-E,2010,COIL SPRING PAD O/F RR BH - SEG-E,Mechanical
COIL SPRING PAD O/F RR BH,998729,0,3296.61,,9,9,0,SUSPENSION,COIL SPRING O/F,SEG-F,3890,COIL SPRING PAD O/F RR BH - SEG-F,Mechanical
COIL SPRING PAD O/F RR LH,998729,0,372.88,,9,9,0,SUSPENSION,COIL SPRING O/F,SEG-A,440,COIL SPRING PAD O/F RR LH - SEG-A,Mechanical
COIL SPRING PAD O/F RR LH,998729,0,372.88,,9,9,0,SUSPENSION,COIL SPRING O/F,SEG-B,440,COIL SPRING PAD O/F RR LH - SEG-B,Mechanical
COIL SPRING PAD O/F RR LH,998729,0,372.88,,9,9,0,SUSPENSION,COIL SPRING O/F,SEG-C,440,COIL SPRING PAD O/F RR LH - SEG-C,Mechanical
COIL SPRING PAD O/F RR LH,998729,0,855.93,,9,9,0,SUSPENSION,COIL SPRING O/F,SEG-E,1010,COIL SPRING PAD O/F RR LH - SEG-E,Mechanical
COIL SPRING PAD O/F RR LH,998729,0,1644.07,,9,9,0,SUSPENSION,COIL SPRING O/F,SEG-F,1940,COIL SPRING PAD O/F RR LH - SEG-F,Mechanical
COIL SPRING PAD O/F RR RH,998729,0,372.88,,9,9,0,SUSPENSION,COIL SPRING O/F,SEG-A,440,COIL SPRING PAD O/F RR RH - SEG-A,Mechanical
COIL SPRING PAD O/F RR RH,998729,0,372.88,,9,9,0,SUSPENSION,COIL SPRING O/F,SEG-B,440,COIL SPRING PAD O/F RR RH - SEG-B,Mechanical
COIL SPRING PAD O/F RR RH,998729,0,372.88,,9,9,0,SUSPENSION,COIL SPRING O/F,SEG-C,440,COIL SPRING PAD O/F RR RH - SEG-C,Mechanical
COIL SPRING PAD O/F RR RH,998729,0,855.93,,9,9,0,SUSPENSION,COIL SPRING O/F,SEG-E,1010,COIL SPRING PAD O/F RR RH - SEG-E,Mechanical
COIL SPRING PAD O/F RR RH,998729,0,1644.07,,9,9,0,SUSPENSION,COIL SPRING O/F,SEG-F,1940,COIL SPRING PAD O/F RR RH - SEG-F,Mechanical
COMB.LAMP BULB O/F - EACH,998729,0,127.12,,9,9,0,ELECTRICAL,BULB O/F,SEG-A,150,COMB.LAMP BULB O/F - EACH - SEG-A,Mechanical
COMB.LAMP BULB O/F - EACH,998729,0,127.12,,9,9,0,ELECTRICAL,BULB O/F,SEG-B,150,COMB.LAMP BULB O/F - EACH - SEG-B,Mechanical
COMB.LAMP BULB O/F - EACH,998729,0,127.12,,9,9,0,ELECTRICAL,BULB O/F,SEG-C,150,COMB.LAMP BULB O/F - EACH - SEG-C,Mechanical
COMB.LAMP BULB O/F - EACH,998729,0,127.12,,9,9,0,ELECTRICAL,BULB O/F,SEG-D,150,COMB.LAMP BULB O/F - EACH - SEG-D,Mechanical
COMB.LAMP BULB O/F - EACH,998729,0,127.12,,9,9,0,ELECTRICAL,BULB O/F,SEG-F,150,COMB.LAMP BULB O/F - EACH - SEG-F,Mechanical
COMB.LAMP BULB O/F - EACH,998729,0,372.88,,9,9,0,ELECTRICAL,BULB O/F,SEG-P1,440,COMB.LAMP BULB O/F - EACH - SEG-P1,Mechanical
COMB.LAMP BULB O/F - EACH,998729,0,372.88,,9,9,0,ELECTRICAL,BULB O/F,SEG-P2,440,COMB.LAMP BULB O/F - EACH - SEG-P2,Mechanical
COMB.LAMP BULB O/F - EACH,998729,0,372.88,,9,9,0,ELECTRICAL,BULB O/F,SEG-P3,440,COMB.LAMP BULB O/F - EACH - SEG-P3,Mechanical
COMB.LAMP BULB O/F - EACH,998729,0,372.88,,9,9,0,ELECTRICAL,BULB O/F,SEG-P4,440,COMB.LAMP BULB O/F - EACH - SEG-P4,Mechanical
COMMON RAIL REPAIR,998729,0,17966.1,,9,9,0,FUEL SYSTEM,COMMON RAIL,SEG-C,21200,COMMON RAIL REPAIR - SEG-C,Mechanical
COMMON RAIL SERVICE,998729,0,3652.54,,9,9,0,FUEL SYSTEM,COMMON RAIL,SEG-P1,4310,COMMON RAIL SERVICE - SEG-P1,Mechanical
COMPARTMENT O/F RR,998729,0,2161.02,,9,9,0,BODY PARTS,BODY PILLAR REPAIR,SEG-P2,2550,COMPARTMENT O/F RR - SEG-P2,Bodyshop
COMPLETE COLOURING ACC,440181,1,28754.24,,9,9,0,PAINTING SERVICE,PAINTING CHARGE,COMMON,33930,COMPLETE COLOURING ACC - COMMON,Bodyshop
COMPRESSOR OVERHAUL,998729,0,1440.68,,9,9,0,AIR CONDITIONER,AC COMPRESSOR,SEG-B,1700,COMPRESSOR OVERHAUL - SEG-B,Mechanical
CONDENSER DRYER O/F,998729,1,2254.24,,9,9,0,AIR CONDITIONER,AC RECEIVER DRIER,,2660,CONDENSER DRYER O/F - ,Mechanical
CONNECTION FITTING HOSE O/F,998729,0,1152.54,,9,9,0,ENGINE COOLING,HOSE PIPE O/F,SEG-P3,1360,CONNECTION FITTING HOSE O/F - SEG-P3,Mechanical
CONTROL UNIT CALIBRATION,998729,0,10169.49,,9,9,0,ELECTRICAL,ANTENA MODULE,,12000,CONTROL UNIT CALIBRATION - ,Mechanical
CONTROL UNIT COMP O/F,998729,0,2161.02,,9,9,0,ELECTRICAL,WIRING REPAIR,SEG-P2,2550,CONTROL UNIT COMP O/F - SEG-P2,Mechanical
CONTROL UNIT LEVER O/F,998729,0,932.2,,9,9,0,ELECTRICAL,COMBINATION SWITCH,SEG-P2,1100,CONTROL UNIT LEVER O/F - SEG-P2,Mechanical
CONVERTABLE ROOF COATING,998729,0,1000,,9,9,0,"ADHESIVE, SPRAY, CLEANER",CARBURATOR CLEANER,,1180,CONVERTABLE ROOF COATING - ,Value Addition
CONVERTABLE ROOF REPAIR,998729,1,12500,,9,9,0,BODY PARTS,ROOF TOP REPAIR,,14750,CONVERTABLE ROOF REPAIR - ,Bodyshop
COOLANT BLEED LINE O/F,998729,0,1000,,9,9,0,ENGINE COOLING,HOSE PIPE O/F,SEG-P2,1180,COOLANT BLEED LINE O/F - SEG-P2,Mechanical
COOLANT ELBOW O/F INTAKE,998729,0,423.73,,9,9,0,ENGINE COOLING,ELBOW O/F,SEG-A,500,COOLANT ELBOW O/F INTAKE - SEG-A,Mechanical
COOLANT ELBOW O/F INTAKE,998729,0,669.49,,9,9,0,ENGINE COOLING,ELBOW O/F,SEG-B,790,COOLANT ELBOW O/F INTAKE - SEG-B,Mechanical
COOLANT ELBOW O/F INTAKE,998729,0,669.49,,9,9,0,ENGINE COOLING,ELBOW O/F,SEG-C,790,COOLANT ELBOW O/F INTAKE - SEG-C,Mechanical
COOLANT ELBOW O/F INTAKE,998729,0,974.58,,9,9,0,ENGINE COOLING,ELBOW O/F,SEG-D,1150,COOLANT ELBOW O/F INTAKE - SEG-D,Mechanical
COOLANT ELBOW O/F INTAKE,998729,0,796.61,,9,9,0,ENGINE COOLING,ELBOW O/F,SEG-E,940,COOLANT ELBOW O/F INTAKE - SEG-E,Mechanical
COOLANT ELBOW O/F INTAKE,998729,0,3474.58,,9,9,0,ENGINE COOLING,ELBOW O/F,SEG-P4,4100,COOLANT ELBOW O/F INTAKE - SEG-P4,Mechanical
COOLANT ELBOW O/F INTAKE,998729,0,1466.1,,9,9,0,ENGINE COOLING,ELBOW O/F,SEG-P1,1730,COOLANT ELBOW O/F INTAKE - SEG-P1,Mechanical
COOLANT ELBOW O/F INTAKE,998729,0,1830.51,,9,9,0,ENGINE COOLING,ELBOW O/F,SEG-P2,2160,COOLANT ELBOW O/F INTAKE - SEG-P2,Mechanical
COOLANT ELBOW O/F INTAKE,998729,0,1830.51,,9,9,0,ENGINE COOLING,ELBOW O/F,SEG-P3,2160,COOLANT ELBOW O/F INTAKE - SEG-P3,Mechanical
COOLANT ELBOW O/F INTAKE,998729,0,1152.54,,9,9,0,ENGINE COOLING,ELBOW,SEG-F,1360,COOLANT ELBOW O/F INTAKE - SEG-F,Mechanical
COOLANT ELBOW O/F OUTLET,998729,0,372.88,,9,9,0,ENGINE COOLING,ELBOW O/F,SEG-A,440,COOLANT ELBOW O/F OUTLET - SEG-A,Mechanical
COOLANT ELBOW O/F OUTLET,998729,0,550.85,,9,9,0,ENGINE COOLING,ELBOW O/F,SEG-B,650,COOLANT ELBOW O/F OUTLET - SEG-B,Mechanical
COOLANT ELBOW O/F OUTLET,998729,0,550.85,,9,9,0,ENGINE COOLING,ELBOW O/F,SEG-C,650,COOLANT ELBOW O/F OUTLET - SEG-C,Mechanical
COOLANT ELBOW O/F OUTLET,998729,0,974.58,,9,9,0,ENGINE COOLING,ELBOW O/F,SEG-D,1150,COOLANT ELBOW O/F OUTLET - SEG-D,Mechanical
COOLANT ELBOW O/F OUTLET,998729,0,796.61,,9,9,0,ENGINE COOLING,ELBOW O/F,SEG-F,940,COOLANT ELBOW O/F OUTLET - SEG-F,Mechanical
COOLANT ELBOW O/F OUTLET,998729,0,1466.1,,9,9,0,ENGINE COOLING,ELBOW O/F,SEG-P1,1730,COOLANT ELBOW O/F OUTLET - SEG-P1,Mechanical
COOLANT ELBOW O/F OUTLET,998729,0,1830.51,,9,9,0,ENGINE COOLING,ELBOW O/F,SEG-P2,2160,COOLANT ELBOW O/F OUTLET - SEG-P2,Mechanical
COOLANT ELBOW O/F OUTLET,998729,0,1830.51,,9,9,0,ENGINE COOLING,ELBOW O/F,SEG-P3,2160,COOLANT ELBOW O/F OUTLET - SEG-P3,Mechanical
COOLANT ELBOW O/F OUTLET,998729,0,550.85,,9,9,0,ENGINE COOLING,ELBOW O/F,SEG-E,650,COOLANT ELBOW O/F OUTLET - SEG-E,Mechanical
COOLANT ELBOW O/F OUTLET,998729,0,3474.58,,9,9,0,ENGINE COOLING,ELBOW O/F,SEG-P4,4100,COOLANT ELBOW O/F OUTLET - SEG-P4,Mechanical
COOLANT HOSE O/F,998729,0,2161.02,,9,9,0,ENGINE COOLING,HOSE PIPE O/F,SEG-P1,2550,COOLANT HOSE O/F - SEG-P1,Mechanical
COOLANT HOSE REPAIR,998729,0,669.49,,9,9,0,ENGINE COOLING,RADIATOR HOSE,SEG-C,790,COOLANT HOSE REPAIR - SEG-C,Mechanical
COOLANT LEAKAGE CHECK,998729,0,669.49,,9,9,0,ENGINE COOLING,COOLANT TANK,,790,COOLANT LEAKAGE CHECK - ,Mechanical
COOLANT LINE CLEANING,998729,0,1008.48,,9,9,0,ENGINE COOLING,COOLANT PIPE,COMMON,1190,COOLANT LINE CLEANING - COMMON,Mechanical
COOLANT PUMP O/F,998729,0,1042.37,,9,9,0,ENGINE,WATER PUMP,SEG-B,1230,COOLANT PUMP O/F - SEG-B,Mechanical
COOLANT REPLACE,998729,0,245.76,,9,9,0,ENGINE COOLING,COOLANT CHANGE,SEG-A,290,COOLANT REPLACE - SEG-A,Mechanical
COOLANT REPLACE,998729,0,372.88,,9,9,0,ENGINE COOLING,COOLANT CHANGE,SEG-B,440,COOLANT REPLACE - SEG-B,Mechanical
COOLANT REPLACE,998729,0,372.88,,9,9,0,ENGINE COOLING,COOLANT CHANGE,SEG-C,440,COOLANT REPLACE - SEG-C,Mechanical
COOLANT REPLACE,998729,0,372.88,,9,9,0,ENGINE COOLING,COOLANT CHANGE,SEG-D,440,COOLANT REPLACE - SEG-D,Mechanical
COOLANT REPLACE,998729,0,618.64,,9,9,0,ENGINE COOLING,COOLANT CHANGE,SEG-F,730,COOLANT REPLACE - SEG-F,Mechanical
COOLANT REPLACE,998729,0,1220.34,,9,9,0,ENGINE COOLING,COOLANT CHANGE,SEG-P1,1440,COOLANT REPLACE - SEG-P1,Mechanical
COOLANT REPLACE,998729,0,1220.34,,9,9,0,ENGINE COOLING,COOLANT CHANGE,SEG-P2,1440,COOLANT REPLACE - SEG-P2,Mechanical
COOLANT REPLACE,998729,0,1830.51,,9,9,0,ENGINE COOLING,COOLANT CHANGE,SEG-P3,2160,COOLANT REPLACE - SEG-P3,Mechanical
COOLANT REPLACE,998729,0,2440.68,,9,9,0,ENGINE COOLING,COOLANT CHANGE,SEG-P4,2880,COOLANT REPLACE - SEG-P4,Mechanical
COOLANT REPLACE,998729,0,423.73,,9,9,0,ENGINE COOLING,COOLANT CHANGE,SEG-E,500,COOLANT REPLACE - SEG-E,Mechanical
COOLANT TANK CAP FITTING,998729,1,593.22,,9,9,0,ENGINE COOLING,COOLANT TANK CAP,,700,COOLANT TANK CAP FITTING - ,Mechanical
COOLANT TANK CLEAN,998729,0,796.61,,9,9,0,ENGINE COOLING,COOLANT TANK O/F,SEG-P1,940,COOLANT TANK CLEAN - SEG-P1,Mechanical
COOLANT TANK O/F,998729,0,423.73,,9,9,0,ENGINE COOLING,COOLANT TANK O/F,SEG-F,500,COOLANT TANK O/F - SEG-F,Mechanical
COOLANT TANK O/F,998729,0,245.76,,9,9,0,ENGINE COOLING,COOLANT TANK O/F,SEG-A,290,COOLANT TANK O/F - SEG-A,Mechanical
COOLANT TANK O/F,998729,0,372.88,,9,9,0,ENGINE COOLING,COOLANT TANK O/F,SEG-E,440,COOLANT TANK O/F - SEG-E,Mechanical
COOLANT TANK O/F,998729,0,1525.42,,9,9,0,ENGINE COOLING,COOLANT TANK O/F,SEG-P3,1800,COOLANT TANK O/F - SEG-P3,Mechanical
COOLANT TANK O/F,998729,0,1830.51,,9,9,0,ENGINE COOLING,COOLANT TANK O/F,SEG-P4,2160,COOLANT TANK O/F - SEG-P4,Mechanical
COOLANT TANK O/F,998729,0,1466.1,,9,9,0,ENGINE COOLING,COOLANT TANK O/F,SEG-P2,1730,COOLANT TANK O/F - SEG-P2,Mechanical
COOLANT TANK O/F,998729,0,305.09,,9,9,0,ENGINE COOLING,COOLANT TANK O/F,SEG-C,360,COOLANT TANK O/F - SEG-C,Mechanical
COOLANT TANK O/F,998729,0,669.49,,9,9,0,ENGINE COOLING,COOLANT TANK O/F,SEG-D,790,COOLANT TANK O/F - SEG-D,Mechanical
COOLANT TANK O/F,998729,0,1101.7,,9,9,0,ENGINE COOLING,COOLANT TANK O/F,SEG-P1,1300,COOLANT TANK O/F - SEG-P1,Mechanical
COOLANT TANK O/F,998729,0,305.09,,9,9,0,ENGINE COOLING,COOLANT TANK O/F,SEG-B,360,COOLANT TANK O/F - SEG-B,Mechanical
COOLING COIL O/F,998729,0,4669.49,,9,9,0,AIR CONDITIONER,AC COOLING COIL,SEG-C,5510,COOLING COIL O/F - SEG-C,Mechanical
COOLING SYSTEM LINE REPAIR,998729,0,3737.29,,9,9,0,ENGINE COOLING,COOLANT PIPE,SEG-D,4410,COOLING SYSTEM LINE REPAIR - SEG-D,Mechanical
COVER O/F RR,998729,0,432.2,,9,9,0,BODY PARTS,ENGINE COVER,SEG-P1,510,COVER O/F RR - SEG-P1,Bodyshop
COWL TOP GRILL O/F,998729,1,720.34,,9,9,0,BODY PARTS,SHOW GRILL O/F,SEG-B,850,COWL TOP GRILL O/F - SEG-B,Bodyshop
COWL TOP PANEL REPAIR,998729,0,1220.34,,9,9,0,BODY PARTS,COWL PANEL,SEG-SUV,1440,COWL TOP PANEL REPAIR - SEG-SUV,Bodyshop
CR PUMP SERVICE AND CALIBRATION,998729,1,4855.93,,9,9,0,FUEL SYSTEM,FUEL PUMP,,5730,CR PUMP SERVICE AND CALIBRATION - ,Mechanical
CRANK CASE O/F,998729,0,4372.88,,9,9,0,ENGINE,CRANKSHAFT OIL SEAL O/F,,5160,CRANK CASE O/F - ,Mechanical
CRANK SHAFT PULLEY REPAIR,998729,1,7593.22,,9,9,0,ENGINE,CAMSHAFT PULLEY O/F,,8960,CRANK SHAFT PULLEY REPAIR - ,Mechanical
CRANKSHAFT OIL SEAL O/F - F/S,998729,0,618.64,GEAR BOX O/F EXTRA,9,9,0,ENGINE,CRANKSHAFT OIL SEAL O/F,SEG-B,730,CRANKSHAFT OIL SEAL O/F - F/S - SEG-B,Mechanical
CRANKSHAFT OIL SEAL O/F - F/S,998729,0,618.64,GEAR BOX O/F EXTRA,9,9,0,ENGINE,CRANKSHAFT OIL SEAL O/F,SEG-A,730,CRANKSHAFT OIL SEAL O/F - F/S - SEG-A,Mechanical
CRANKSHAFT OIL SEAL O/F - F/S,998729,0,728.81,GEAR BOX O/F EXTRA,9,9,0,ENGINE,CRANKSHAFT OIL SEAL O/F,SEG-C,860,CRANKSHAFT OIL SEAL O/F - F/S - SEG-C,Mechanical
CRANKSHAFT OIL SEAL O/F - F/S,998729,0,855.93,GEAR BOX O/F EXTRA,9,9,0,ENGINE,CRANKSHAFT OIL SEAL O/F,SEG-D,1010,CRANKSHAFT OIL SEAL O/F - F/S - SEG-D,Mechanical
CRANKSHAFT OIL SEAL O/F - F/S,998729,0,728.81,GEAR BOX O/F EXTRA,9,9,0,ENGINE,CRANKSHAFT OIL SEAL O/F,SEG-E,860,CRANKSHAFT OIL SEAL O/F - F/S - SEG-E,Mechanical
CRANKSHAFT OIL SEAL O/F - F/S,998729,0,855.93,GEAR BOX O/F EXTRA,9,9,0,ENGINE,CRANKSHAFT OIL SEAL O/F,SEG-F,1010,CRANKSHAFT OIL SEAL O/F - F/S - SEG-F,Mechanical
CRANKSHAFT OIL SEAL O/F - F/S,998729,0,1220.34,GEAR BOX O/F EXTRA,9,9,0,ENGINE,CRANKSHAFT OIL SEAL O/F,SEG-P1,1440,CRANKSHAFT OIL SEAL O/F - F/S - SEG-P1,Mechanical
CRANKSHAFT OIL SEAL O/F - F/S,998729,0,1220.34,GEAR BOX O/F EXTRA,9,9,0,ENGINE,CRANKSHAFT OIL SEAL O/F,SEG-P2,1440,CRANKSHAFT OIL SEAL O/F - F/S - SEG-P2,Mechanical
CRANKSHAFT OIL SEAL O/F - F/S,998729,0,2440.68,GEAR BOX O/F EXTRA,9,9,0,ENGINE,CRANKSHAFT OIL SEAL O/F,SEG-P3,2880,CRANKSHAFT OIL SEAL O/F - F/S - SEG-P3,Mechanical
CRANKSHAFT OIL SEAL O/F - F/S,998729,0,3652.54,GEAR BOX O/F EXTRA,9,9,0,ENGINE,CRANKSHAFT OIL SEAL O/F,SEG-P4,4310,CRANKSHAFT OIL SEAL O/F - F/S - SEG-P4,Mechanical
CRANKSHAFT OIL SEAL O/F - T/S,998729,0,618.64,TIMING O/F EXTRA,9,9,0,ENGINE,CRANKSHAFT OIL SEAL O/F,SEG-A,730,CRANKSHAFT OIL SEAL O/F - T/S - SEG-A,Mechanical
CRANKSHAFT OIL SEAL O/F - T/S,998729,0,618.64,TIMING O/F EXTRA,9,9,0,ENGINE,CRANKSHAFT OIL SEAL O/F,SEG-B,730,CRANKSHAFT OIL SEAL O/F - T/S - SEG-B,Mechanical
CRANKSHAFT OIL SEAL O/F - T/S,998729,0,728.81,TIMING O/F EXTRA,9,9,0,ENGINE,CRANKSHAFT OIL SEAL O/F,SEG-C,860,CRANKSHAFT OIL SEAL O/F - T/S - SEG-C,Mechanical
CRANKSHAFT OIL SEAL O/F - T/S,998729,0,855.93,TIMING O/F EXTRA,9,9,0,ENGINE,CRANKSHAFT OIL SEAL O/F,SEG-D,1010,CRANKSHAFT OIL SEAL O/F - T/S - SEG-D,Mechanical
CRANKSHAFT OIL SEAL O/F - T/S,998729,0,728.81,TIMING O/F EXTRA,9,9,0,ENGINE,CRANKSHAFT OIL SEAL O/F,SEG-E,860,CRANKSHAFT OIL SEAL O/F - T/S - SEG-E,Mechanical
CRANKSHAFT OIL SEAL O/F - T/S,998729,0,855.93,TIMING O/F EXTRA,9,9,0,ENGINE,CRANKSHAFT OIL SEAL O/F,SEG-F,1010,CRANKSHAFT OIL SEAL O/F - T/S - SEG-F,Mechanical
CRANKSHAFT OIL SEAL O/F - T/S,998729,0,1220.34,TIMING O/F EXTRA,9,9,0,ENGINE,CRANKSHAFT OIL SEAL O/F,SEG-P1,1440,CRANKSHAFT OIL SEAL O/F - T/S - SEG-P1,Mechanical
CRANKSHAFT OIL SEAL O/F - T/S,998729,0,1220.34,TIMING O/F EXTRA,9,9,0,ENGINE,CRANKSHAFT OIL SEAL O/F,SEG-P2,1440,CRANKSHAFT OIL SEAL O/F - T/S - SEG-P2,Mechanical
CRANKSHAFT OIL SEAL O/F - T/S,998729,0,2440.68,TIMING O/F EXTRA,9,9,0,ENGINE,CRANKSHAFT OIL SEAL O/F,SEG-P3,2880,CRANKSHAFT OIL SEAL O/F - T/S - SEG-P3,Mechanical
CRANKSHAFT OIL SEAL O/F - T/S,998729,0,3652.54,TIMING O/F EXTRA,9,9,0,ENGINE,CRANKSHAFT OIL SEAL O/F,SEG-P4,4310,CRANKSHAFT OIL SEAL O/F - T/S - SEG-P4,Mechanical
CRANKSHAFT PULLEY O/F,998729,0,4271.19,,9,9,0,ENGINE,CRANKSHAFT PULLEY O/F,SEG-P2,5040,CRANKSHAFT PULLEY O/F - SEG-P2,Mechanical
CRANKSHAFT PULLEY O/F,998729,0,3652.54,,9,9,0,ENGINE,CRANKSHAFT PULLEY O/F,SEG-P1,4310,CRANKSHAFT PULLEY O/F - SEG-P1,Mechanical
CRANKSHAFT PULLEY O/F,998729,0,618.64,,9,9,0,ENGINE,CRANKSHAFT PULLEY O/F,SEG-A,730,CRANKSHAFT PULLEY O/F - SEG-A,Mechanical
CRANKSHAFT PULLEY O/F,998729,0,618.64,,9,9,0,ENGINE,CRANKSHAFT PULLEY O/F,SEG-B,730,CRANKSHAFT PULLEY O/F - SEG-B,Mechanical
CRANKSHAFT PULLEY O/F,998729,0,728.81,,9,9,0,ENGINE,CRANKSHAFT PULLEY O/F,SEG-C,860,CRANKSHAFT PULLEY O/F - SEG-C,Mechanical
CRANKSHAFT PULLEY O/F,998729,0,855.93,,9,9,0,ENGINE,CRANKSHAFT PULLEY O/F,SEG-D,1010,CRANKSHAFT PULLEY O/F - SEG-D,Mechanical
CRANKSHAFT PULLEY O/F,998729,0,728.81,,9,9,0,ENGINE,CRANKSHAFT PULLEY O/F,SEG-E,860,CRANKSHAFT PULLEY O/F - SEG-E,Mechanical
CRANKSHAFT PULLEY O/F,998729,0,855.93,,9,9,0,ENGINE,CRANKSHAFT PULLEY O/F,SEG-F,1010,CRANKSHAFT PULLEY O/F - SEG-F,Mechanical
CRANKSHAFT PULLEY O/F,998729,0,4872.88,,9,9,0,ENGINE,CRANKSHAFT PULLEY O/F,SEG-P3,5750,CRANKSHAFT PULLEY O/F - SEG-P3,Mechanical
CRANKSHAFT PULLEY O/F,998729,0,6093.22,,9,9,0,ENGINE,CRANKSHAFT PULLEY O/F,SEG-P4,7190,CRANKSHAFT PULLEY O/F - SEG-P4,Mechanical
CROME ELEMENTS PAINTING ALL,998729,1,5000,,9,9,0,PAINTING SERVICE,MOULDING PAINT,,5900,CROME ELEMENTS PAINTING ALL - ,Bodyshop
CROSS BAR O/F,998729,1,618.64,,9,9,0,BODY PARTS,CROSS MEMBER O/F,SEG-F,730,CROSS BAR O/F - SEG-F,Bodyshop
CROSS MEMBER O/F LOWER,998729,1,211.86,,9,9,0,BODY PARTS,CROSS MEMBER O/F,SEG-D,250,CROSS MEMBER O/F LOWER - SEG-D,Bodyshop
CROSS MOUNTING O/F,998729,0,1440.68,,9,9,0,ENGINE,ENGINE MOUNTING,,1700,CROSS MOUNTING O/F - ,Mechanical
CUP  HOLDER O/F,998729,1,2872.88,,9,9,0,BODY PARTS,ARM REST,,3390,CUP  HOLDER O/F - ,Bodyshop
CURTAIN MOTOR FITTING RR LH,998729,1,13245.76,,9,9,0,ACCESSORIES,WINDOW CURTAIN,seg-p3,15630,CURTAIN MOTOR FITTING RR LH - seg-p3,Accessories
CUSTOMISATION WORK,998729,1,25000,,9,9,0,BODY PARTS,ROOF TOP REPAIR,,29500,CUSTOMISATION WORK - ,Bodyshop
CUSTOMIZED FRONT BUMPER KIT INSTALLATION CHARGES,998729,1,5000,,9,9,0,BODY PARTS,BUMPER O/F,,5900,CUSTOMIZED FRONT BUMPER KIT INSTALLATION CHARGES - ,Bodyshop
CUSTOMIZED ROOF PAINTING CHARGE,998729,1,37500,,9,9,0,PAINTING SERVICE,ROOF PANEL PAINT,,44250,CUSTOMIZED ROOF PAINTING CHARGE - ,Bodyshop
CUTTING & WELDING CHARGES,998729,1,1440.68,,9,9,0,BODY PARTS,DENTING CHARGE,COMMON,1700,CUTTING & WELDING CHARGES - COMMON,Bodyshop
D BOX WIRING,998729,0,3250,,9,9,0,ELECTRICAL,WIRING HARNESS,,3835,D BOX WIRING - ,Mechanical
DAMP MAT FITTING,998729,1,8627.12,,9,9,0,UPHOLSTERY,WRAPPING FILM,COMMON,10180,DAMP MAT FITTING - COMMON,Mechanical
DAMPER PULLEY REPLACEMENT,998729,0,5754.24,,9,9,0,ENGINE,CRANKSHAFT PULLEY,SEG-P2,6790,DAMPER PULLEY REPLACEMENT - SEG-P2,Mechanical
DAMPING SHEET INSTALLATION,998729,1,1440.68,,9,9,0,UPHOLSTERY,DAMPING SHEET O/F,SEG-D,1700,DAMPING SHEET INSTALLATION - SEG-D,Mechanical
DASH BOARD SUPPORT PANEL O/F LH,998729,0,2161.02,,9,9,0,BODY PARTS,SUPPORT PANEL O/F,SEG-B,2550,DASH BOARD SUPPORT PANEL O/F LH - SEG-B,Bodyshop
DASH CAM WIRING O/F,998729,0,2161.02,,9,9,0,ELECTRICAL,WIRING REPAIR,SEG-P3,2550,DASH CAM WIRING O/F - SEG-P3,Mechanical
DASHBOARD AC PANEL FITTING,998729,1,2915.25,,9,9,0,BODY PARTS,DASHBOARD O/F,,3440,DASHBOARD AC PANEL FITTING - ,Bodyshop
DASHBOARD GLOVE BOX REPAIR,998729,1,14830.51,,9,9,0,BODY PARTS,GLOVE BOX,SEG-D,17500,DASHBOARD GLOVE BOX REPAIR - SEG-D,Bodyshop
DASHBOARD O/F,998729,0,7194.92,,9,9,0,BODY PARTS,DASHBOARD O/F,SEG-P1,8490,DASHBOARD O/F - SEG-P1,Bodyshop
DASHBOARD PADDING,998729,1,28033.9,,9,9,0,UPHOLSTERY,DOOR TRIM PADDING,SEG-P3,33080,DASHBOARD PADDING - SEG-P3,Mechanical
DASHBOARD PAINT,998729,1,2800,,9,9,0,PAINTING SERVICE,FENDER PAINT,SEG-A,3304,DASHBOARD PAINT - SEG-A,Bodyshop
DASHBOARD REFURBISHED,998729,1,21567.8,,9,9,0,BODY PARTS,DASHBOARD REPAIR,SEG-P1,25450,DASHBOARD REFURBISHED - SEG-P1,Bodyshop
DASHCAM FITTING,998729,1,1152.54,,9,9,0,ACCESSORIES,CAMERA FITTING,SEG-E,1360,DASHCAM FITTING - SEG-E,Accessories
DE-WATERING  ,998729,0,2161.02,,9,9,0,GENERAL SERVICE,DEWATERING,SEG-P3,2550,DE-WATERING   - SEG-P3,Mechanical
DEAD AXLE O/F RR,998729,0,3652.54,,9,9,0,TRANSMISSION,AXLE O/F,SEG-C,4310,DEAD AXLE O/F RR - SEG-C,Mechanical
DEAD AXLE O/F RR,998729,0,8525.42,,9,9,0,TRANSMISSION,AXLE O/F,SEG-P2,10060,DEAD AXLE O/F RR - SEG-P2,Mechanical
DEAD AXLE O/F RR,998729,0,2194.92,,9,9,0,TRANSMISSION,AXLE O/F,SEG-A,2590,DEAD AXLE O/F RR - SEG-A,Mechanical
DEAD AXLE O/F RR,998729,0,3652.54,,9,9,0,TRANSMISSION,AXLE O/F,SEG-B,4310,DEAD AXLE O/F RR - SEG-B,Mechanical
DEAD AXLE O/F RR,998729,0,3652.54,,9,9,0,TRANSMISSION,AXLE O/F,SEG-E,4310,DEAD AXLE O/F RR - SEG-E,Mechanical
DEAD AXLE O/F RR,998729,0,6093.22,,9,9,0,TRANSMISSION,AXLE O/F,SEG-D,7190,DEAD AXLE O/F RR - SEG-D,Mechanical
DEAD AXLE O/F RR,998729,0,6093.22,,9,9,0,TRANSMISSION,AXLE O/F,SEG-F,7190,DEAD AXLE O/F RR - SEG-F,Mechanical
DEAD AXLE O/F RR,998729,0,7313.56,,9,9,0,TRANSMISSION,AXLE O/F,SEG-P1,8630,DEAD AXLE O/F RR - SEG-P1,Mechanical
DEAD AXLE O/F RR,998729,0,10966.1,,9,9,0,TRANSMISSION,AXLE O/F,SEG-P4,12940,DEAD AXLE O/F RR - SEG-P4,Mechanical
DEAD AXLE O/F RR,998729,0,9745.76,,9,9,0,TRANSMISSION,AXLE O/F,SEG-P3,11500,DEAD AXLE O/F RR - SEG-P3,Mechanical
DEAD PEDAL O/F,998729,1,305.09,,9,9,0,BODY PARTS,DASHBOARD,SEG-F,360,DEAD PEDAL O/F - SEG-F,Bodyshop
DEFFERENTIAL O/F,998729,0,14372.88,,9,9,0,TRANSMISSION,GEAR BOX,SEG-P2,16960,DEFFERENTIAL O/F - SEG-P2,Mechanical
DENTING & PAINTING WORK,998729,1,33779.66,,9,9,0,PAINTING SERVICE,BONET PAINT,,39860,DENTING & PAINTING WORK - ,Bodyshop
DENTING AND O/F CHARGES,998729,1,7906.78,,9,9,0,BODY PARTS,DENTING CHARGE,SEG-P2,9330,DENTING AND O/F CHARGES - SEG-P2,Bodyshop
DENTING AND O/F CHARGES,998729,1,17966.1,,9,9,0,BODY PARTS,DENTING CHARGE,SEG-D,21200,DENTING AND O/F CHARGES - SEG-D,Bodyshop
DENTING AND O/F CHARGES,998729,1,5033.9,,9,9,0,BODY PARTS,DENTING CHARGE,seg-p1,5940,DENTING AND O/F CHARGES - seg-p1,Bodyshop
DENTING CHARGE,998729,1,0,,9,9,0,BODY PARTS,DENTING CHARGE,SEG-P2,0,DENTING CHARGE - SEG-P2,Bodyshop
DENTING CHARGES,998729,1,7194.92,,9,9,0,BODY PARTS,DENTING CHARGE,COMMON,8490,DENTING CHARGES - COMMON,Bodyshop
DENTING CHARGES,998729,1,8805.09,,9,9,0,BODY PARTS,DENTING CHARGE,SEG-SUV,10390,DENTING CHARGES - SEG-SUV,Bodyshop
DIAGNOSTIC CHARGE ,998729,0,974.58,,9,9,0,SCANNING SERVICE,DIAGNOSTICS,SEG-E-F,1150,DIAGNOSTIC CHARGE  - SEG-E-F,Mechanical
DIAGNOSTIC CHARGE,998729,0,1220.34,,9,9,0,SCANNING SERVICE,DIAGNOSTICS,SEG-P1-P2-P3-P4,1440,DIAGNOSTIC CHARGE - SEG-P1-P2-P3-P4,Mechanical
DIAGNOSTIC CHARGE,998729,0,618.64,,9,9,0,SCANNING SERVICE,DIAGNOSTICS,SEG-A-B-C-D,730,DIAGNOSTIC CHARGE - SEG-A-B-C-D,Mechanical
DICKEY CURTAIN REPAIR,998729,1,1830.51,,9,9,0,ACCESSORIES,WINDOW CURTAIN,,2160,DICKEY CURTAIN REPAIR - ,Accessories
DICKEY FLOOR PANEL REPAIR,998729,1,2440.68,,9,9,0,BODY PARTS,TAILGATE,SEG-F,2880,DICKEY FLOOR PANEL REPAIR - SEG-F,Bodyshop
DICKEY GLASS O/F RR,998729,1,1525.42,,9,9,0,BODY PARTS,WINDSHIELD GLASS,SEG-F,1800,DICKEY GLASS O/F RR - SEG-F,Bodyshop
DICKEY LOCK REPAIR,998729,1,847.46,,9,9,0,BODY PARTS,TAILGATE LOCK,,1000,DICKEY LOCK REPAIR - ,Bodyshop
DICKEY TRAY REPAIR,998729,1,1008.48,,9,9,0,BODY PARTS,TAILGATE REPAIR,,1190,DICKEY TRAY REPAIR - ,Bodyshop
DIESEL FILTER CLEAN,998729,0,423.73,,9,9,0,FILTERATION,FILTER SERVICE,SEG-C,500,DIESEL FILTER CLEAN - SEG-C,Mechanical
DIESEL FILTER CLEAN,998729,0,1440.68,,9,9,0,FILTERATION,DIESEL FILTER,SEG-P1,1700,DIESEL FILTER CLEAN - SEG-P1,Mechanical
DIESEL FILTER O/F,998729,0,423.73,,9,9,0,FILTERATION,FILTER O/F,SEG-P1,500,DIESEL FILTER O/F - SEG-P1,Mechanical
DIESEL FILTER O/F,998729,0,550.85,,9,9,0,FILTERATION,FILTER O/F,SEG-D,650,DIESEL FILTER O/F - SEG-D,Mechanical
DIESEL FILTER O/F,998729,0,245.76,,9,9,0,FILTERATION,FILTER O/F,SEG-A,290,DIESEL FILTER O/F - SEG-A,Mechanical
DIESEL FILTER O/F,998729,0,372.88,,9,9,0,FILTERATION,FILTER O/F,SEG-C,440,DIESEL FILTER O/F - SEG-C,Mechanical
DIESEL FILTER O/F,998729,0,550.85,,9,9,0,FILTERATION,FILTER O/F,SEG-E,650,DIESEL FILTER O/F - SEG-E,Mechanical
DIESEL FILTER O/F,998729,0,669.49,,9,9,0,FILTERATION,FILTER O/F,SEG-F,790,DIESEL FILTER O/F - SEG-F,Mechanical
DIESEL FILTER O/F,998729,0,669.49,,9,9,0,FILTERATION,FILTER O/F,SEG-P3,790,DIESEL FILTER O/F - SEG-P3,Mechanical
DIESEL FILTER O/F,998729,0,796.61,,9,9,0,FILTERATION,FILTER O/F,SEG-P4,940,DIESEL FILTER O/F - SEG-P4,Mechanical
DIESEL FILTER O/F,998729,0,372.88,,9,9,0,FILTERATION,FILTER O/F,SEG-B,440,DIESEL FILTER O/F - SEG-B,Mechanical
DIESEL FILTER O/F,998729,0,550.85,,9,9,0,FILTERATION,FILTER O/F,SEG-P2,650,DIESEL FILTER O/F - SEG-P2,Mechanical
DIFFERENTIAL BUSH O/F FR BH,998729,0,5754.24,,9,9,0,TRANSMISSION,DIFFERENTIAL O/F,SEG-P3,6790,DIFFERENTIAL BUSH O/F FR BH - SEG-P3,Mechanical
DIFFERENTIAL O/F,998729,0,9745.76,,9,9,0,TRANSMISSION,DIFFERENTIAL O/F,SEG-P1,11500,DIFFERENTIAL O/F - SEG-P1,Mechanical
DIFFERENTIAL O/F,998729,0,10966.1,,9,9,0,TRANSMISSION,DIFFERENTIAL O/F,SEG-P2,12940,DIFFERENTIAL O/F - SEG-P2,Mechanical
DIFFERENTIAL O/F,998729,0,12186.44,,9,9,0,TRANSMISSION,DIFFERENTIAL O/F,SEG-P3,14380,DIFFERENTIAL O/F - SEG-P3,Mechanical
DIFFERENTIAL O/F,998729,0,14618.64,,9,9,0,TRANSMISSION,DIFFERENTIAL O/F,SEG-P4,17250,DIFFERENTIAL O/F - SEG-P4,Mechanical
DIFFERENTIAL O/F,998729,0,4271.19,,9,9,0,TRANSMISSION,DIFFERENTIAL O/F,SEG-F,5040,DIFFERENTIAL O/F - SEG-F,Mechanical
DIFFERENTIAL OIL REPLACE,998729,0,372.88,,9,9,0,LUBRICANT,OIL CHANGE,SEG-F,440,DIFFERENTIAL OIL REPLACE - SEG-F,Mechanical
DISCHARGE HOSE O/F,998729,0,211.86,,9,9,0,AIR CONDITIONER,AC PIPE,SEG-C,250,DISCHARGE HOSE O/F - SEG-C,Mechanical
DISINFECTANT TREATMENT,998729,1,1169.49,,9,9,0,CAR CARE,DISINFECTANT TREATMENT,COMMON,1380,DISINFECTANT TREATMENT - COMMON,Value Addition
DISPLAY NAVIGATION SYSTEM INSTALLATION,998729,0,3593.22,,9,9,0,ELECTRICAL,MUSIC SYSTEM FITTING,SEG-P1,4240,DISPLAY NAVIGATION SYSTEM INSTALLATION - SEG-P1,Mechanical
DISPLAY UNIT REPAIR,998729,1,28754.24,,9,9,0,ELECTRICAL,WIRING REPAIR,SEG-P2,33930,DISPLAY UNIT REPAIR - SEG-P2,Mechanical
DOOR ARM O/F RR,998729,0,974.58,,9,9,0,BODY PARTS,DOOR HINGE,SEG-B,1150,DOOR ARM O/F RR - SEG-B,Bodyshop
DOOR ARM REST PADDING,998729,0,2449.15,,9,9,0,UPHOLSTERY,ARM REST PADDING,SEG-D,2890,DOOR ARM REST PADDING - SEG-D,Mechanical
DOOR BEZEL PAINTING LH,998729,0,508.48,,9,9,0,PAINTING SERVICE,FOG LIGHT BEZEL PAINT,KIA-SELTOS,600,DOOR BEZEL PAINTING LH - KIA-SELTOS,Bodyshop
DOOR BEZEL PAINTING RH,998729,0,508.48,,9,9,0,PAINTING SERVICE,FOG LIGHT BEZEL PAINT,KIA-SELTOS,600,DOOR BEZEL PAINTING RH - KIA-SELTOS,Bodyshop
DOOR CABLE REPAIR FR RH,998729,0,2161.02,,9,9,0,BODY PARTS,DOOR LATCH O/F,SEG-P2,2550,DOOR CABLE REPAIR FR RH - SEG-P2,Bodyshop
DOOR CLADDING O/F ALL,998729,1,644.07,,9,9,0,BODY PARTS,BODY CLADDING,SEG-C,760,DOOR CLADDING O/F ALL - SEG-C,Bodyshop
DOOR CLADDING O/F FR LH,998729,1,288.14,,9,9,0,BODY PARTS,DOOR O/F,SEG-P3,340,DOOR CLADDING O/F FR LH - SEG-P3,Bodyshop
DOOR GARNISH PAINTING ALL,998729,1,0,,9,9,0,PAINTING SERVICE,DOOR PAINT,SEG-P2,0,DOOR GARNISH PAINTING ALL - SEG-P2,Bodyshop
DOOR GLASS CALIBRATION FR RH,998729,0,2872.88,,9,9,0,SCANNING SERVICE,CALIBRATION,SEG-P3,3390,DOOR GLASS CALIBRATION FR RH - SEG-P3,Mechanical
DOOR GLASS O/F FR LH,998729,1,720.34,,9,9,0,BODY PARTS,DOOR GLASS O/F,SEG-C,850,DOOR GLASS O/F FR LH - SEG-C,Bodyshop
DOOR GLASS O/F FR RH,998729,1,576.27,,9,9,0,BODY PARTS,DOOR GLASS O/F,SEG-B,680,DOOR GLASS O/F FR RH - SEG-B,Bodyshop
DOOR GLASS O/F FR RH,998729,1,855.93,,9,9,0,BODY PARTS,DOOR GLASS O/F,SEG-P1,1010,DOOR GLASS O/F FR RH - SEG-P1,Bodyshop
DOOR GLASS O/F RR LH,998729,1,855.93,,9,9,0,BODY PARTS,DOOR GLASS O/F,SEG-P1,1010,DOOR GLASS O/F RR LH - SEG-P1,Bodyshop
DOOR GLASS O/F RR LH,998729,1,423.73,,9,9,0,BODY PARTS,DOOR GLASS O/F,SEG-SUV,500,DOOR GLASS O/F RR LH - SEG-SUV,Bodyshop
DOOR GLASS O/F RR RH ,998729,1,855.93,,9,9,0,BODY PARTS,DOOR GLASS O/F,SEG-B,1010,DOOR GLASS O/F RR RH  - SEG-B,Bodyshop
DOOR GLASS REGULATOR SERVICE FR LH,998729,1,5906.78,,9,9,0,BODY PARTS,GLASS WINDER,SEG-P1,6970,DOOR GLASS REGULATOR SERVICE FR LH - SEG-P1,Bodyshop
DOOR GLASS REGULATOR SERVICE FR RH,998729,0,423.73,,9,9,0,BODY PARTS,GLASS WINDER O/F,SEG-C,500,DOOR GLASS REGULATOR SERVICE FR RH - SEG-C,Bodyshop
DOOR HANDLE PADDING,998729,1,3305.09,,9,9,0,UPHOLSTERY,DOOR TRIM PADDING,SEG-P1,3900,DOOR HANDLE PADDING - SEG-P1,Mechanical
DOOR HANDLE SETTING ALL,998729,1,720.34,,9,9,0,BODY PARTS,DOOR HANDLE O/F,SEG-C,850,DOOR HANDLE SETTING ALL - SEG-C,Bodyshop
DOOR HINGE O/F FR LH,998729,1,720.34,,9,9,0,BODY PARTS,DOOR HINGE,SEG-F,850,DOOR HINGE O/F FR LH - SEG-F,Bodyshop
DOOR HINGE O/F FR RH ,998729,1,0,,9,9,0,BODY PARTS,DOOR HINGE,SEG-P1,0,DOOR HINGE O/F FR RH  - SEG-P1,Bodyshop
DOOR HINGE O/F RR,998729,0,288.14,,9,9,0,BODY PARTS,DOOR HINGE,seg-b,340,DOOR HINGE O/F RR - seg-b,Bodyshop
DOOR HINGE PAINTING FR LH,998729,1,500,,9,9,0,PAINTING SERVICE,DOOR HINGE PAINT,,590,DOOR HINGE PAINTING FR LH - ,Bodyshop
DOOR HINGE PAINTING FR RH,998729,1,211.86,,9,9,0,PAINTING SERVICE,DOOR HINGE PAINT,SEG-P1,250,DOOR HINGE PAINTING FR RH - SEG-P1,Bodyshop
DOOR HINGES PAINTING RR LH,998729,1,800,,9,9,0,PAINTING SERVICE,DOOR HINGE PAINT,,944,DOOR HINGES PAINTING RR LH - ,Bodyshop
DOOR HINGES PAINTING RR RH,998729,1,800,,9,9,0,PAINTING SERVICE,DOOR HINGE PAINT,,944,DOOR HINGES PAINTING RR RH - ,Bodyshop
DOOR HINGES REPAIR ,998729,1,508.48,,9,9,0,BODY PARTS,,SEG-C,600,DOOR HINGES REPAIR  - SEG-C,Bodyshop
DOOR INNER HANDLE O/F ALL,998729,0,3169.49,,9,9,0,BODY PARTS,DOOR HANDLE O/F,SEG-P2,3740,DOOR INNER HANDLE O/F ALL - SEG-P2,Bodyshop
DOOR INNER HANDLE O/F FR LH,998729,0,618.64,,9,9,0,BODY PARTS,DOOR HANDLE O/F,SEG-P1,730,DOOR INNER HANDLE O/F FR LH - SEG-P1,Bodyshop
DOOR INNER HANDLE O/F FR LH,998729,0,127.12,,9,9,0,BODY PARTS,DOOR HANDLE O/F,SEG-A,150,DOOR INNER HANDLE O/F FR LH - SEG-A,Bodyshop
DOOR INNER HANDLE O/F FR LH,998729,0,245.76,,9,9,0,BODY PARTS,DOOR HANDLE O/F,SEG-B,290,DOOR INNER HANDLE O/F FR LH - SEG-B,Bodyshop
DOOR INNER HANDLE O/F FR LH,998729,0,245.76,,9,9,0,BODY PARTS,DOOR HANDLE O/F,SEG-C,290,DOOR INNER HANDLE O/F FR LH - SEG-C,Bodyshop
DOOR INNER HANDLE O/F FR LH,998729,0,423.73,,9,9,0,BODY PARTS,DOOR HANDLE O/F,SEG-D,500,DOOR INNER HANDLE O/F FR LH - SEG-D,Bodyshop
DOOR INNER HANDLE O/F FR LH,998729,0,372.88,,9,9,0,BODY PARTS,DOOR HANDLE O/F,SEG-E,440,DOOR INNER HANDLE O/F FR LH - SEG-E,Bodyshop
DOOR INNER HANDLE O/F FR LH,998729,0,423.73,,9,9,0,BODY PARTS,DOOR HANDLE O/F,SEG-F,500,DOOR INNER HANDLE O/F FR LH - SEG-F,Bodyshop
DOOR INNER HANDLE O/F FR LH,998729,0,618.64,,9,9,0,BODY PARTS,DOOR HANDLE O/F,SEG-P2,730,DOOR INNER HANDLE O/F FR LH - SEG-P2,Bodyshop
DOOR INNER HANDLE O/F FR LH,998729,0,669.49,,9,9,0,BODY PARTS,DOOR HANDLE O/F,SEG-P3,790,DOOR INNER HANDLE O/F FR LH - SEG-P3,Bodyshop
DOOR INNER HANDLE O/F FR LH,998729,0,669.49,,9,9,0,BODY PARTS,DOOR HANDLE O/F,SEG-P4,790,DOOR INNER HANDLE O/F FR LH - SEG-P4,Bodyshop
DOOR INNER HANDLE O/F FR RH,998729,0,127.12,,9,9,0,BODY PARTS,DOOR HANDLE O/F,SEG-A,150,DOOR INNER HANDLE O/F FR RH - SEG-A,Bodyshop
DOOR INNER HANDLE O/F FR RH,998729,0,245.76,,9,9,0,BODY PARTS,DOOR HANDLE O/F,SEG-B,290,DOOR INNER HANDLE O/F FR RH - SEG-B,Bodyshop
DOOR INNER HANDLE O/F FR RH,998729,0,245.76,,9,9,0,BODY PARTS,DOOR HANDLE O/F,SEG-C,290,DOOR INNER HANDLE O/F FR RH - SEG-C,Bodyshop
DOOR INNER HANDLE O/F FR RH,998729,0,423.73,,9,9,0,BODY PARTS,DOOR HANDLE O/F,SEG-D,500,DOOR INNER HANDLE O/F FR RH - SEG-D,Bodyshop
DOOR INNER HANDLE O/F FR RH,998729,0,372.88,,9,9,0,BODY PARTS,DOOR HANDLE O/F,SEG-E,440,DOOR INNER HANDLE O/F FR RH - SEG-E,Bodyshop
DOOR INNER HANDLE O/F FR RH,998729,0,423.73,,9,9,0,BODY PARTS,DOOR HANDLE O/F,SEG-F,500,DOOR INNER HANDLE O/F FR RH - SEG-F,Bodyshop
DOOR INNER HANDLE O/F FR RH,998729,0,618.64,,9,9,0,BODY PARTS,DOOR HANDLE O/F,SEG-P2,730,DOOR INNER HANDLE O/F FR RH - SEG-P2,Bodyshop
DOOR INNER HANDLE O/F FR RH,998729,0,669.49,,9,9,0,BODY PARTS,DOOR HANDLE O/F,SEG-P3,790,DOOR INNER HANDLE O/F FR RH - SEG-P3,Bodyshop
DOOR INNER HANDLE O/F FR RH,998729,0,669.49,,9,9,0,BODY PARTS,DOOR HANDLE O/F,SEG-P4,790,DOOR INNER HANDLE O/F FR RH - SEG-P4,Bodyshop
DOOR INNER HANDLE O/F FR RH,998729,0,618.64,,9,9,0,BODY PARTS,DOOR HANDLE O/F,SEG-P1,730,DOOR INNER HANDLE O/F FR RH - SEG-P1,Bodyshop
DOOR INNER HANDLE O/F RR LH,998729,0,618.64,,9,9,0,BODY PARTS,DOOR HANDLE O/F,SEG-P2,730,DOOR INNER HANDLE O/F RR LH - SEG-P2,Bodyshop
DOOR INNER HANDLE O/F RR LH,998729,0,127.12,,9,9,0,BODY PARTS,DOOR HANDLE O/F,SEG-A,150,DOOR INNER HANDLE O/F RR LH - SEG-A,Bodyshop
DOOR INNER HANDLE O/F RR LH,998729,0,245.76,,9,9,0,BODY PARTS,DOOR HANDLE O/F,SEG-B,290,DOOR INNER HANDLE O/F RR LH - SEG-B,Bodyshop
DOOR INNER HANDLE O/F RR LH,998729,0,245.76,,9,9,0,BODY PARTS,DOOR HANDLE O/F,SEG-C,290,DOOR INNER HANDLE O/F RR LH - SEG-C,Bodyshop
DOOR INNER HANDLE O/F RR LH,998729,0,423.73,,9,9,0,BODY PARTS,DOOR HANDLE O/F,SEG-D,500,DOOR INNER HANDLE O/F RR LH - SEG-D,Bodyshop
DOOR INNER HANDLE O/F RR LH,998729,0,372.88,,9,9,0,BODY PARTS,DOOR HANDLE O/F,SEG-E,440,DOOR INNER HANDLE O/F RR LH - SEG-E,Bodyshop
DOOR INNER HANDLE O/F RR LH,998729,0,423.73,,9,9,0,BODY PARTS,DOOR HANDLE O/F,SEG-F,500,DOOR INNER HANDLE O/F RR LH - SEG-F,Bodyshop
DOOR INNER HANDLE O/F RR LH,998729,0,618.64,,9,9,0,BODY PARTS,DOOR HANDLE O/F,SEG-P1,730,DOOR INNER HANDLE O/F RR LH - SEG-P1,Bodyshop
DOOR INNER HANDLE O/F RR LH,998729,0,669.49,,9,9,0,BODY PARTS,DOOR HANDLE O/F,SEG-P3,790,DOOR INNER HANDLE O/F RR LH - SEG-P3,Bodyshop
DOOR INNER HANDLE O/F RR LH,998729,0,669.49,,9,9,0,BODY PARTS,DOOR HANDLE O/F,SEG-P4,790,DOOR INNER HANDLE O/F RR LH - SEG-P4,Bodyshop
DOOR INNER HANDLE O/F RR RH,998729,0,127.12,,9,9,0,BODY PARTS,DOOR HANDLE O/F,SEG-A,150,DOOR INNER HANDLE O/F RR RH - SEG-A,Bodyshop
DOOR INNER HANDLE O/F RR RH,998729,0,245.76,,9,9,0,BODY PARTS,DOOR HANDLE O/F,SEG-B,290,DOOR INNER HANDLE O/F RR RH - SEG-B,Bodyshop
DOOR INNER HANDLE O/F RR RH,998729,0,245.76,,9,9,0,BODY PARTS,DOOR HANDLE O/F,SEG-C,290,DOOR INNER HANDLE O/F RR RH - SEG-C,Bodyshop
DOOR INNER HANDLE O/F RR RH,998729,0,423.73,,9,9,0,BODY PARTS,DOOR HANDLE O/F,SEG-D,500,DOOR INNER HANDLE O/F RR RH - SEG-D,Bodyshop
DOOR INNER HANDLE O/F RR RH,998729,0,372.88,,9,9,0,BODY PARTS,DOOR HANDLE O/F,SEG-E,440,DOOR INNER HANDLE O/F RR RH - SEG-E,Bodyshop
DOOR INNER HANDLE O/F RR RH,998729,0,423.73,,9,9,0,BODY PARTS,DOOR HANDLE O/F,SEG-F,500,DOOR INNER HANDLE O/F RR RH - SEG-F,Bodyshop
DOOR INNER HANDLE O/F RR RH,998729,0,618.64,,9,9,0,BODY PARTS,DOOR HANDLE O/F,SEG-P1,730,DOOR INNER HANDLE O/F RR RH - SEG-P1,Bodyshop
DOOR INNER HANDLE O/F RR RH,998729,0,618.64,,9,9,0,BODY PARTS,DOOR HANDLE O/F,SEG-P2,730,DOOR INNER HANDLE O/F RR RH - SEG-P2,Bodyshop
DOOR INNER HANDLE O/F RR RH,998729,0,669.49,,9,9,0,BODY PARTS,DOOR HANDLE O/F,SEG-P3,790,DOOR INNER HANDLE O/F RR RH - SEG-P3,Bodyshop
DOOR INNER HANDLE O/F RR RH,998729,0,669.49,,9,9,0,BODY PARTS,DOOR HANDLE O/F,SEG-P4,790,DOOR INNER HANDLE O/F RR RH - SEG-P4,Bodyshop
DOOR INNER HANDLE PAINTING ALL,998729,1,3593.22,,9,9,0,PAINTING SERVICE,DOOR HANDLE PAINT,SEG-F,4240,DOOR INNER HANDLE PAINTING ALL - SEG-F,Bodyshop
DOOR INNER HANDLE REPAIR FR LH,998729,1,2500,,9,9,0,BODY PARTS,DOOR HANDLE O/F,,2950,DOOR INNER HANDLE REPAIR FR LH - ,Bodyshop
DOOR INNER HANDLE REPAIR FR RH,998729,1,1254.24,,9,9,0,BODY PARTS,DOOR HANDLE,,1480,DOOR INNER HANDLE REPAIR FR RH - ,Bodyshop
DOOR INNER HANDLE REPAIR RR LH,998729,0,720.34,,9,9,0,BODY PARTS,DOOR HANDLE O/F,SEG-P1,850,DOOR INNER HANDLE REPAIR RR LH - SEG-P1,Bodyshop
DOOR LATCH O/F FR LH,998729,0,1466.1,,9,9,0,BODY PARTS,DOOR LATCH O/F,SEG-P2,1730,DOOR LATCH O/F FR LH - SEG-P2,Bodyshop
DOOR LATCH O/F FR LH,998729,0,372.88,,9,9,0,BODY PARTS,DOOR LATCH O/F,SEG-B,440,DOOR LATCH O/F FR LH - SEG-B,Bodyshop
DOOR LATCH O/F FR LH,998729,1,245.76,,9,9,0,BODY PARTS,DOOR LATCH O/F,SEG-A,290,DOOR LATCH O/F FR LH - SEG-A,Bodyshop
DOOR LATCH O/F FR LH,998729,1,372.88,,9,9,0,BODY PARTS,DOOR LATCH O/F,SEG-C,440,DOOR LATCH O/F FR LH - SEG-C,Bodyshop
DOOR LATCH O/F FR LH,998729,1,1042.37,,9,9,0,BODY PARTS,DOOR LATCH O/F,SEG-D,1230,DOOR LATCH O/F FR LH - SEG-D,Bodyshop
DOOR LATCH O/F FR LH,998729,1,372.88,,9,9,0,BODY PARTS,DOOR LATCH O/F,SEG-E,440,DOOR LATCH O/F FR LH - SEG-E,Bodyshop
DOOR LATCH O/F FR LH,998729,1,1042.37,,9,9,0,BODY PARTS,DOOR LATCH O/F,SEG-F,1230,DOOR LATCH O/F FR LH - SEG-F,Bodyshop
DOOR LATCH O/F FR LH,998729,1,1152.54,,9,9,0,BODY PARTS,DOOR LATCH O/F,SEG-P1,1360,DOOR LATCH O/F FR LH - SEG-P1,Bodyshop
DOOR LATCH O/F FR LH,998729,1,1949.15,,9,9,0,BODY PARTS,DOOR LATCH O/F,SEG-P3,2300,DOOR LATCH O/F FR LH - SEG-P3,Bodyshop
DOOR LATCH O/F FR LH,998729,1,2440.68,,9,9,0,BODY PARTS,DOOR LATCH O/F,SEG-P4,2880,DOOR LATCH O/F FR LH - SEG-P4,Bodyshop
DOOR LATCH O/F FR RH,998729,0,245.76,,9,9,0,BODY PARTS,DOOR LATCH O/F,SEG-A,290,DOOR LATCH O/F FR RH - SEG-A,Bodyshop
DOOR LATCH O/F FR RH,998729,0,372.88,,9,9,0,BODY PARTS,DOOR LATCH O/F,SEG-C,440,DOOR LATCH O/F FR RH - SEG-C,Bodyshop
DOOR LATCH O/F FR RH,998729,0,372.88,,9,9,0,BODY PARTS,DOOR LATCH O/F,SEG-E,440,DOOR LATCH O/F FR RH - SEG-E,Bodyshop
DOOR LATCH O/F FR RH,998729,0,1042.37,,9,9,0,BODY PARTS,DOOR LATCH O/F,SEG-F,1230,DOOR LATCH O/F FR RH - SEG-F,Bodyshop
DOOR LATCH O/F FR RH,998729,0,1466.1,,9,9,0,BODY PARTS,DOOR LATCH O/F,SEG-P2,1730,DOOR LATCH O/F FR RH - SEG-P2,Bodyshop
DOOR LATCH O/F FR RH,998729,0,2440.68,,9,9,0,BODY PARTS,DOOR LATCH O/F,SEG-P4,2880,DOOR LATCH O/F FR RH - SEG-P4,Bodyshop
DOOR LATCH O/F FR RH,998729,0,1152.54,,9,9,0,BODY PARTS,DOOR LATCH O/F,SEG-P1,1360,DOOR LATCH O/F FR RH - SEG-P1,Bodyshop
DOOR LATCH O/F FR RH,998729,0,1949.15,,9,9,0,BODY PARTS,DOOR LATCH O/F,SEG-P3,2300,DOOR LATCH O/F FR RH - SEG-P3,Bodyshop
DOOR LATCH O/F FR RH,998729,0,372.88,,9,9,0,BODY PARTS,DOOR LATCH O/F,SEG-B,440,DOOR LATCH O/F FR RH - SEG-B,Bodyshop
DOOR LATCH O/F FR RH,998729,0,1042.37,,9,9,0,BODY PARTS,DOOR LATCH O/F,SEG-D,1230,DOOR LATCH O/F FR RH - SEG-D,Bodyshop
DOOR LATCH O/F RR LH,998729,0,245.76,,9,9,0,BODY PARTS,DOOR LATCH O/F,SEG-A,290,DOOR LATCH O/F RR LH - SEG-A,Bodyshop
DOOR LATCH O/F RR LH,998729,0,1466.1,,9,9,0,BODY PARTS,DOOR LATCH O/F,SEG-P2,1730,DOOR LATCH O/F RR LH - SEG-P2,Bodyshop
DOOR LATCH O/F RR LH,998729,1,372.88,,9,9,0,BODY PARTS,DOOR LATCH O/F,SEG-B,440,DOOR LATCH O/F RR LH - SEG-B,Bodyshop
DOOR LATCH O/F RR LH,998729,1,372.88,,9,9,0,BODY PARTS,DOOR LATCH O/F,SEG-C,440,DOOR LATCH O/F RR LH - SEG-C,Bodyshop
DOOR LATCH O/F RR LH,998729,1,1042.37,,9,9,0,BODY PARTS,DOOR LATCH O/F,SEG-D,1230,DOOR LATCH O/F RR LH - SEG-D,Bodyshop
DOOR LATCH O/F RR LH,998729,1,372.88,,9,9,0,BODY PARTS,DOOR LATCH O/F,SEG-E,440,DOOR LATCH O/F RR LH - SEG-E,Bodyshop
DOOR LATCH O/F RR LH,998729,1,1042.37,,9,9,0,BODY PARTS,DOOR LATCH O/F,SEG-F,1230,DOOR LATCH O/F RR LH - SEG-F,Bodyshop
DOOR LATCH O/F RR LH,998729,1,1152.54,,9,9,0,BODY PARTS,DOOR LATCH O/F,SEG-P1,1360,DOOR LATCH O/F RR LH - SEG-P1,Bodyshop
DOOR LATCH O/F RR LH,998729,1,1949.15,,9,9,0,BODY PARTS,DOOR LATCH O/F,SEG-P3,2300,DOOR LATCH O/F RR LH - SEG-P3,Bodyshop
DOOR LATCH O/F RR LH,998729,1,2440.68,,9,9,0,BODY PARTS,DOOR LATCH O/F,SEG-P4,2880,DOOR LATCH O/F RR LH - SEG-P4,Bodyshop
DOOR LATCH O/F RR RH,998729,0,372.88,,9,9,0,BODY PARTS,DOOR LATCH O/F,SEG-B,440,DOOR LATCH O/F RR RH - SEG-B,Bodyshop
DOOR LATCH O/F RR RH,998729,0,372.88,,9,9,0,BODY PARTS,DOOR LATCH O/F,SEG-C,440,DOOR LATCH O/F RR RH - SEG-C,Bodyshop
DOOR LATCH O/F RR RH,998729,0,1042.37,,9,9,0,BODY PARTS,DOOR LATCH O/F,SEG-D,1230,DOOR LATCH O/F RR RH - SEG-D,Bodyshop
DOOR LATCH O/F RR RH,998729,0,372.88,,9,9,0,BODY PARTS,DOOR LATCH O/F,SEG-E,440,DOOR LATCH O/F RR RH - SEG-E,Bodyshop
DOOR LATCH O/F RR RH,998729,0,1042.37,,9,9,0,BODY PARTS,DOOR LATCH O/F,SEG-F,1230,DOOR LATCH O/F RR RH - SEG-F,Bodyshop
DOOR LATCH O/F RR RH,998729,0,1152.54,,9,9,0,BODY PARTS,DOOR LATCH O/F,SEG-P1,1360,DOOR LATCH O/F RR RH - SEG-P1,Bodyshop
DOOR LATCH O/F RR RH,998729,0,1466.1,,9,9,0,BODY PARTS,DOOR LATCH O/F,SEG-P2,1730,DOOR LATCH O/F RR RH - SEG-P2,Bodyshop
DOOR LATCH O/F RR RH,998729,0,1949.15,,9,9,0,BODY PARTS,DOOR LATCH O/F,SEG-P3,2300,DOOR LATCH O/F RR RH - SEG-P3,Bodyshop
DOOR LATCH O/F RR RH,998729,0,2440.68,,9,9,0,BODY PARTS,DOOR LATCH O/F,SEG-P4,2880,DOOR LATCH O/F RR RH - SEG-P4,Bodyshop
DOOR LATCH O/F RR RH,998729,0,245.76,,9,9,0,BODY PARTS,DOOR LATCH O/F,SEG-A,290,DOOR LATCH O/F RR RH - SEG-A,Bodyshop
DOOR LATCH REPAIR FR LH,998729,1,4855.93,,9,9,0,BODY PARTS,DOOR LATCH O/F,SEG-P1,5730,DOOR LATCH REPAIR FR LH - SEG-P1,Bodyshop
DOOR LATCH REPAIR FR RH,998729,1,7762.71,,9,9,0,BODY PARTS,DOOR LATCH,SEG-P3,9160,DOOR LATCH REPAIR FR RH - SEG-P3,Bodyshop
DOOR LATCH REPAIR RR LH,998729,0,3050.85,,9,9,0,BODY PARTS,TAILGATE LATCH O/F,SEG-D,3600,DOOR LATCH REPAIR RR LH - SEG-D,Bodyshop
DOOR LATCH REPAIR RR RH,998729,1,6822.03,,9,9,0,BODY PARTS,DOOR LATCH O/F,SEG-P3,8050,DOOR LATCH REPAIR RR RH - SEG-P3,Bodyshop
DOOR LOCK O/F FR RH,998729,0,432.2,,9,9,0,BODY PARTS,DOOR LOCK,SEG-D,510,DOOR LOCK O/F FR RH - SEG-D,Bodyshop
DOOR LOCK REPAIR,998729,1,1279.66,,9,9,0,BODY PARTS,DOOR LOCK,SEG-B,1510,DOOR LOCK REPAIR - SEG-B,Bodyshop
DOOR LOCK REPAIR RR LH,998729,1,6415.25,,9,9,0,BODY PARTS,DOOR LATCH O/F,,7570,DOOR LOCK REPAIR RR LH - ,Bodyshop
DOOR LOCK REPAIR RR RH,998729,0,364.41,,9,9,0,BODY PARTS,DOOR,SEG-B,430,DOOR LOCK REPAIR RR RH - SEG-B,Bodyshop
DOOR MIRROR BASE PAINTING LH,998729,1,0,,9,9,NULL,PAINTING SERVICE,DOOR PAINT,SEG-P2,0,DOOR MIRROR BASE PAINTING LH - SEG-P2,Bodyshop
DOOR MIRROR BASE PAINTING RH,998729,1,0,,9,9,NULL,PAINTING SERVICE,DOOR PAINT,SEG-P2,0,DOOR MIRROR BASE PAINTING RH - SEG-P2,Bodyshop
DOOR MIRROR O/F LH,998729,1,728.81,,9,9,0,ELECTRICAL,MIRROR O/F,SEG-F,860,DOOR MIRROR O/F LH - SEG-F,Mechanical
DOOR MIRROR O/F LH,998729,1,177.97,,9,9,0,ELECTRICAL,MIRROR O/F,SEG-A,210,DOOR MIRROR O/F LH - SEG-A,Mechanical
DOOR MIRROR O/F LH,998729,1,728.81,,9,9,0,ELECTRICAL,MIRROR O/F,SEG-D,860,DOOR MIRROR O/F LH - SEG-D,Mechanical
DOOR MIRROR O/F LH,998729,1,372.88,,9,9,0,ELECTRICAL,MIRROR O/F,SEG-E,440,DOOR MIRROR O/F LH - SEG-E,Mechanical
DOOR MIRROR O/F LH,998729,1,1042.37,,9,9,0,ELECTRICAL,MIRROR O/F,SEG-P1,1230,DOOR MIRROR O/F LH - SEG-P1,Mechanical
DOOR MIRROR O/F LH,998729,1,1398.31,,9,9,0,ELECTRICAL,MIRROR O/F,SEG-P3,1650,DOOR MIRROR O/F LH - SEG-P3,Mechanical
DOOR MIRROR O/F LH,998729,1,1466.1,,9,9,0,ELECTRICAL,MIRROR O/F,SEG-P4,1730,DOOR MIRROR O/F LH - SEG-P4,Mechanical
DOOR MIRROR O/F LH,998729,1,1152.54,,9,9,0,ELECTRICAL,MIRROR O/F,SEG-P2,1360,DOOR MIRROR O/F LH - SEG-P2,Mechanical
DOOR MIRROR O/F LH,998729,1,372.88,,9,9,0,ELECTRICAL,MIRROR O/F,SEG-C,440,DOOR MIRROR O/F LH - SEG-C,Mechanical
DOOR MIRROR O/F LH,998729,1,372.88,,9,9,0,ELECTRICAL,MIRROR O/F,SEG-B,440,DOOR MIRROR O/F LH - SEG-B,Mechanical
DOOR MIRROR O/F RH,998729,1,728.81,,9,9,0,ELECTRICAL,MIRROR O/F,SEG-F,860,DOOR MIRROR O/F RH - SEG-F,Mechanical
DOOR MIRROR O/F RH,998729,1,1042.37,,9,9,0,ELECTRICAL,MIRROR O/F,SEG-P1,1230,DOOR MIRROR O/F RH - SEG-P1,Mechanical
DOOR MIRROR O/F RH,998729,1,177.97,,9,9,0,ELECTRICAL,MIRROR O/F,SEG-A,210,DOOR MIRROR O/F RH - SEG-A,Mechanical
DOOR MIRROR O/F RH,998729,1,372.88,,9,9,0,ELECTRICAL,MIRROR O/F,SEG-B,440,DOOR MIRROR O/F RH - SEG-B,Mechanical
DOOR MIRROR O/F RH,998729,1,728.81,,9,9,0,ELECTRICAL,MIRROR O/F,SEG-D,860,DOOR MIRROR O/F RH - SEG-D,Mechanical
DOOR MIRROR O/F RH,998729,1,372.88,,9,9,0,ELECTRICAL,MIRROR O/F,SEG-E,440,DOOR MIRROR O/F RH - SEG-E,Mechanical
DOOR MIRROR O/F RH,998729,1,1152.54,,9,9,0,ELECTRICAL,MIRROR O/F,SEG-P2,1360,DOOR MIRROR O/F RH - SEG-P2,Mechanical
DOOR MIRROR O/F RH,998729,1,1398.31,,9,9,0,ELECTRICAL,MIRROR O/F,SEG-P3,1650,DOOR MIRROR O/F RH - SEG-P3,Mechanical
DOOR MIRROR O/F RH,998729,1,1466.1,,9,9,0,ELECTRICAL,MIRROR O/F,SEG-P4,1730,DOOR MIRROR O/F RH - SEG-P4,Mechanical
DOOR MIRROR O/F RH,998729,1,372.88,,9,9,0,ELECTRICAL,MIRROR O/F,SEG-C,440,DOOR MIRROR O/F RH - SEG-C,Mechanical
DOOR MIRROR PAINTING LH,998729,1,720.34,,9,9,0,PAINTING SERVICE,MIRROR PAINT,SEG-P3,850,DOOR MIRROR PAINTING LH - SEG-P3,Bodyshop
DOOR MIRROR PAINTING LH,998729,1,720.34,,9,9,0,PAINTING SERVICE,MIRROR PAINT,SEG-P1 METALIC,850,DOOR MIRROR PAINTING LH - SEG-P1 METALIC,Bodyshop
DOOR MIRROR PAINTING LH,998729,1,0,,9,9,0,PAINTING SERVICE,MIRROR PAINT,SEG-C,0,DOOR MIRROR PAINTING LH - SEG-C,Bodyshop
DOOR MIRROR PAINTING LH,998729,1,0,,9,9,0,PAINTING SERVICE,MIRROR PAINT,SEG-P2,0,DOOR MIRROR PAINTING LH - SEG-P2,Bodyshop
DOOR MIRROR PAINTING LH,998729,1,0,,9,9,0,PAINTING SERVICE,MIRROR PAINT,SEG-D,0,DOOR MIRROR PAINTING LH - SEG-D,Bodyshop
DOOR MIRROR PAINTING LH,998729,1,0,,9,9,0,PAINTING SERVICE,MIRROR PAINT,SEG;-SUV,0,DOOR MIRROR PAINTING LH - SEG;-SUV,Bodyshop
DOOR MIRROR PAINTING LH,998729,1,1152.54,,9,9,0,PAINTING SERVICE,MIRROR PAINT,SEG-B METALIC,1360,DOOR MIRROR PAINTING LH - SEG-B METALIC,Bodyshop
DOOR MIRROR PAINTING LH,998729,1,720.34,,9,9,0,PAINTING SERVICE,MIRROR PAINT,SEG-P1 SOLID,850,DOOR MIRROR PAINTING LH - SEG-P1 SOLID,Bodyshop
DOOR MIRROR PAINTING RH,998729,1,0,,9,9,0,PAINTING SERVICE,MIRROR PAINT,SEG-C,0,DOOR MIRROR PAINTING RH - SEG-C,Bodyshop
DOOR MIRROR PAINTING RH,998729,1,720.34,,9,9,0,PAINTING SERVICE,MIRROR PAINT,SEG-B SOLID,850,DOOR MIRROR PAINTING RH - SEG-B SOLID,Bodyshop
DOOR MIRROR PAINTING RH,998729,1,0,,9,9,0,PAINTING SERVICE,MIRROR PAINT,SEG-D,0,DOOR MIRROR PAINTING RH - SEG-D,Bodyshop
DOOR MIRROR PAINTING RH,998729,1,0,,9,9,0,PAINTING SERVICE,MIRROR PAINT,SEG-SUV,0,DOOR MIRROR PAINTING RH - SEG-SUV,Bodyshop
DOOR MIRROR PAINTING RH,998729,1,2161.02,,9,9,0,PAINTING SERVICE,MIRROR PAINT,SEG-P1,2550,DOOR MIRROR PAINTING RH - SEG-P1,Bodyshop
DOOR MIRROR PAINTING RH,998729,1,1305.09,,9,9,0,PAINTING SERVICE,MIRROR PAINT,SEG-P3,1540,DOOR MIRROR PAINTING RH - SEG-P3,Bodyshop
DOOR MIRROR PAINTING RH,998729,1,1889.83,,9,9,0,PAINTING SERVICE,MIRROR PAINT,SEG-P2,2230,DOOR MIRROR PAINTING RH - SEG-P2,Bodyshop
DOOR MIRROR PAINTING RH,998729,1,1152.54,,9,9,0,PAINTING SERVICE,MIRROR PAINT,SEG-B METALIC,1360,DOOR MIRROR PAINTING RH - SEG-B METALIC,Bodyshop
DOOR MIRROR REPAIR LH,998729,1,0,,9,9,0,ELECTRICAL,MIRROR REPAIR,SEG-C,0,DOOR MIRROR REPAIR LH - SEG-C,Mechanical
DOOR MIRROR REPAIR RH,998729,1,3593.22,,9,9,0,ELECTRICAL,MIRROR REPAIR,SEG-SUV,4240,DOOR MIRROR REPAIR RH - SEG-SUV,Mechanical
DOOR MODULE CODING,998729,1,4372.88,,9,9,0,SCANNING SERVICE,CODING,,5160,DOOR MODULE CODING - ,Mechanical
DOOR MODULE REPAIR,998729,1,36440.68,,9,9,0,ELECTRICAL,WIRING REPAIR,SEG-P3,43000,DOOR MODULE REPAIR - SEG-P3,Mechanical
DOOR MODULE WIRING,998729,1,36440.68,,9,9,0,ELECTRICAL,WIRING REPAIR,SEG-P2,43000,DOOR MODULE WIRING - SEG-P2,Mechanical
DOOR MOULDING FITTING ALL,998729,1,288.14,,9,9,0,ACCESSORIES,DOOR GUARD,SEG-SUV,340,DOOR MOULDING FITTING ALL - SEG-SUV,Accessories
DOOR MOULDING O/F ALL,998729,1,2872.88,,9,9,0,BODY PARTS,MOULDING O/F,SEG-P3,3390,DOOR MOULDING O/F ALL - SEG-P3,Bodyshop
DOOR MOULDING O/F FR LH,998729,1,508.48,,9,9,0,BODY PARTS,MOULDING O/F,SEG-D,600,DOOR MOULDING O/F FR LH - SEG-D,Bodyshop
DOOR MOULDING O/F FR RH,998729,1,720.34,,9,9,0,BODY PARTS,DOOR MOULDING,SEG-SUV,850,DOOR MOULDING O/F FR RH - SEG-SUV,Bodyshop
DOOR MOULDING O/F RR LH,998729,0,152.54,,9,9,0,BODY PARTS,DOOR MOULDING,SEG-P2,180,DOOR MOULDING O/F RR LH - SEG-P2,Bodyshop
DOOR MOULDING O/F RR RH,998729,1,720.34,,9,9,0,BODY PARTS,DOOR MOULDING,SEG-SUV,850,DOOR MOULDING O/F RR RH - SEG-SUV,Bodyshop
DOOR MOULDING PAINTING,998729,1,0,,9,9,0,PAINTING SERVICE,MOULDING PAINT,SEG-P2,0,DOOR MOULDING PAINTING - SEG-P2,Bodyshop
DOOR MOULDING PAINTING ALL,998729,1,7194.92,,9,9,0,PAINTING SERVICE,MOULDING PAINT,SEG-D,8490,DOOR MOULDING PAINTING ALL - SEG-D,Bodyshop
DOOR MOULDING PAINTING FR LH,998729,1,2161.02,,9,9,0,PAINTING SERVICE,DOOR HINGE PAINT,SUV,2550,DOOR MOULDING PAINTING FR LH - SUV,Bodyshop
DOOR MOULDING PAINTING FR RH,998729,1,2161.02,,9,9,0,PAINTING SERVICE,DOOR HINGE PAINT,SEG-SUV,2550,DOOR MOULDING PAINTING FR RH - SEG-SUV,Bodyshop
DOOR MOULDING PAINTING RR LH,998729,1,2161.02,,9,9,0,PAINTING SERVICE,DOOR HINGE PAINT,SUV,2550,DOOR MOULDING PAINTING RR LH - SUV,Bodyshop
DOOR MOULDING PAINTING RR RH,998729,1,2161.02,,9,9,0,PAINTING SERVICE,ALLOY WHEEL PAINT,SEG-SUV,2550,DOOR MOULDING PAINTING RR RH - SEG-SUV,Bodyshop
DOOR MOULDING REPAIR FR LH,998729,1,1440.68,,9,9,0,BODY PARTS,MOULDING O/F,SEG-P2,1700,DOOR MOULDING REPAIR FR LH - SEG-P2,Bodyshop
DOOR MOULDING REPAIR FR RH,998729,1,1440.68,,9,9,0,BODY PARTS,MOULDING O/F,SEG-P2,1700,DOOR MOULDING REPAIR FR RH - SEG-P2,Bodyshop
DOOR MOULDING REPAIR RR LH,998729,1,1440.68,,9,9,0,BODY PARTS,MOULDING O/F,SEG-P2,1700,DOOR MOULDING REPAIR RR LH - SEG-P2,Bodyshop
DOOR MOULDING REPAIR RR RH,998729,1,1008.48,,9,9,0,BODY PARTS,MOULDING O/F,SEG-D,1190,DOOR MOULDING REPAIR RR RH - SEG-D,Bodyshop
DOOR NOISE PAD FITTING ,998729,1,1940.68,,9,9,0,BODY PARTS,,COMMON,2290,DOOR NOISE PAD FITTING  - COMMON,Bodyshop
DOOR O/F FR LH,998729,1,2161.02,,9,9,0,BODY PARTS,DOOR O/F,SEG-D,2550,DOOR O/F FR LH - SEG-D,Bodyshop
DOOR O/F FR RH ,998729,1,2161.02,,9,9,0,BODY PARTS,DOOR O/F,SEG-D,2550,DOOR O/F FR RH  - SEG-D,Bodyshop
DOOR O/F FR RH,998729,1,508.48,,9,9,0,BODY PARTS,DOOR O/F,SEG-B,600,DOOR O/F FR RH - SEG-B,Bodyshop
DOOR O/F FR RH,998729,1,2161.02,,9,9,0,BODY PARTS,DOOR O/F,SEG-C,2550,DOOR O/F FR RH - SEG-C,Bodyshop
DOOR O/F FR RH,998729,1,1296.61,,9,9,0,BODY PARTS,DOOR O/F,SEG-P1,1530,DOOR O/F FR RH - SEG-P1,Bodyshop
DOOR O/F FR RH,998729,1,364.41,,9,9,0,BODY PARTS,DOOR O/F,SEG-C,430,DOOR O/F FR RH - SEG-C,Bodyshop
DOOR O/F RR LH,998729,1,2161.02,,9,9,0,BODY PARTS,DOOR O/F,SEG-P2,2550,DOOR O/F RR LH - SEG-P2,Bodyshop
DOOR O/F RR LH,998729,1,2161.02,,9,9,0,BODY PARTS,DOOR O/F,SEG-D,2550,DOOR O/F RR LH - SEG-D,Bodyshop
DOOR O/F RR RH,998729,1,2161.02,,9,9,0,BODY PARTS,DOOR O/F,SEG-D,2550,DOOR O/F RR RH - SEG-D,Bodyshop
DOOR O/F RR RH,998729,1,2161.02,,9,9,0,BODY PARTS,DOOR O/F,SEG-C,2550,DOOR O/F RR RH - SEG-C,Bodyshop
DOOR O/F RR RH,998729,1,1440.68,,9,9,0,BODY PARTS,DOOR O/F,SEG-B,1700,DOOR O/F RR RH - SEG-B,Bodyshop
DOOR OUTER HANDLE O/F ALL,998729,0,1440.68,,9,9,0,BODY PARTS,DOOR HANDLE O/F,SEG-P2,1700,DOOR OUTER HANDLE O/F ALL - SEG-P2,Bodyshop
DOOR OUTER HANDLE O/F FR LH,998729,0,245.76,,9,9,0,BODY PARTS,DOOR HANDLE O/F,SEG-B,290,DOOR OUTER HANDLE O/F FR LH - SEG-B,Bodyshop
DOOR OUTER HANDLE O/F FR LH,998729,0,372.88,,9,9,0,BODY PARTS,DOOR HANDLE O/F,SEG-D,440,DOOR OUTER HANDLE O/F FR LH - SEG-D,Bodyshop
DOOR OUTER HANDLE O/F FR LH,998729,0,127.12,,9,9,0,BODY PARTS,DOOR HANDLE O/F,SEG-A,150,DOOR OUTER HANDLE O/F FR LH - SEG-A,Bodyshop
DOOR OUTER HANDLE O/F FR LH,998729,0,245.76,,9,9,0,BODY PARTS,DOOR HANDLE O/F,SEG-C,290,DOOR OUTER HANDLE O/F FR LH - SEG-C,Bodyshop
DOOR OUTER HANDLE O/F FR LH,998729,0,372.88,,9,9,0,BODY PARTS,DOOR HANDLE O/F,SEG-E,440,DOOR OUTER HANDLE O/F FR LH - SEG-E,Bodyshop
DOOR OUTER HANDLE O/F FR LH,998729,0,372.88,,9,9,0,BODY PARTS,DOOR HANDLE O/F,SEG-F,440,DOOR OUTER HANDLE O/F FR LH - SEG-F,Bodyshop
DOOR OUTER HANDLE O/F FR LH,998729,0,423.73,,9,9,0,BODY PARTS,DOOR HANDLE O/F,SEG-P1,500,DOOR OUTER HANDLE O/F FR LH - SEG-P1,Bodyshop
DOOR OUTER HANDLE O/F FR LH,998729,0,423.73,,9,9,0,BODY PARTS,DOOR HANDLE O/F,SEG-P2,500,DOOR OUTER HANDLE O/F FR LH - SEG-P2,Bodyshop
DOOR OUTER HANDLE O/F FR LH,998729,0,423.73,,9,9,0,BODY PARTS,DOOR HANDLE O/F,SEG-P3,500,DOOR OUTER HANDLE O/F FR LH - SEG-P3,Bodyshop
DOOR OUTER HANDLE O/F FR LH,998729,0,423.73,,9,9,0,BODY PARTS,DOOR HANDLE O/F,SEG-P4,500,DOOR OUTER HANDLE O/F FR LH - SEG-P4,Bodyshop
DOOR OUTER HANDLE O/F FR RH,998729,0,127.12,,9,9,0,BODY PARTS,DOOR HANDLE O/F,SEG-A,150,DOOR OUTER HANDLE O/F FR RH - SEG-A,Bodyshop
DOOR OUTER HANDLE O/F FR RH,998729,0,245.76,,9,9,0,BODY PARTS,DOOR HANDLE O/F,SEG-C,290,DOOR OUTER HANDLE O/F FR RH - SEG-C,Bodyshop
DOOR OUTER HANDLE O/F FR RH,998729,0,372.88,,9,9,0,BODY PARTS,DOOR HANDLE O/F,SEG-D,440,DOOR OUTER HANDLE O/F FR RH - SEG-D,Bodyshop
DOOR OUTER HANDLE O/F FR RH,998729,0,372.88,,9,9,0,BODY PARTS,DOOR HANDLE O/F,SEG-E,440,DOOR OUTER HANDLE O/F FR RH - SEG-E,Bodyshop
DOOR OUTER HANDLE O/F FR RH,998729,0,372.88,,9,9,0,BODY PARTS,DOOR HANDLE O/F,SEG-F,440,DOOR OUTER HANDLE O/F FR RH - SEG-F,Bodyshop
DOOR OUTER HANDLE O/F FR RH,998729,0,423.73,,9,9,0,BODY PARTS,DOOR HANDLE O/F,SEG-P1,500,DOOR OUTER HANDLE O/F FR RH - SEG-P1,Bodyshop
DOOR OUTER HANDLE O/F FR RH,998729,0,423.73,,9,9,0,BODY PARTS,DOOR HANDLE O/F,SEG-P2,500,DOOR OUTER HANDLE O/F FR RH - SEG-P2,Bodyshop
DOOR OUTER HANDLE O/F FR RH,998729,0,423.73,,9,9,0,BODY PARTS,DOOR HANDLE O/F,SEG-P3,500,DOOR OUTER HANDLE O/F FR RH - SEG-P3,Bodyshop
DOOR OUTER HANDLE O/F FR RH,998729,0,423.73,,9,9,0,BODY PARTS,DOOR HANDLE O/F,SEG-P4,500,DOOR OUTER HANDLE O/F FR RH - SEG-P4,Bodyshop
DOOR OUTER HANDLE O/F FR RH,998729,0,245.76,,9,9,0,BODY PARTS,DOOR HANDLE O/F,SEG-B,290,DOOR OUTER HANDLE O/F FR RH - SEG-B,Bodyshop
DOOR OUTER HANDLE O/F RR BH,998729,0,1440.68,,9,9,0,BODY PARTS,DOOR HANDLE O/F,SEG-P2,1700,DOOR OUTER HANDLE O/F RR BH - SEG-P2,Bodyshop
DOOR OUTER HANDLE O/F RR LH,998729,0,127.12,,9,9,0,BODY PARTS,DOOR HANDLE O/F,SEG-A,150,DOOR OUTER HANDLE O/F RR LH - SEG-A,Bodyshop
DOOR OUTER HANDLE O/F RR LH,998729,0,245.76,,9,9,0,BODY PARTS,DOOR HANDLE O/F,SEG-C,290,DOOR OUTER HANDLE O/F RR LH - SEG-C,Bodyshop
DOOR OUTER HANDLE O/F RR LH,998729,0,372.88,,9,9,0,BODY PARTS,DOOR HANDLE O/F,SEG-D,440,DOOR OUTER HANDLE O/F RR LH - SEG-D,Bodyshop
DOOR OUTER HANDLE O/F RR LH,998729,0,372.88,,9,9,0,BODY PARTS,DOOR HANDLE O/F,SEG-E,440,DOOR OUTER HANDLE O/F RR LH - SEG-E,Bodyshop
DOOR OUTER HANDLE O/F RR LH,998729,0,372.88,,9,9,0,BODY PARTS,DOOR HANDLE O/F,SEG-F,440,DOOR OUTER HANDLE O/F RR LH - SEG-F,Bodyshop
DOOR OUTER HANDLE O/F RR LH,998729,0,423.73,,9,9,0,BODY PARTS,DOOR HANDLE O/F,SEG-P1,500,DOOR OUTER HANDLE O/F RR LH - SEG-P1,Bodyshop
DOOR OUTER HANDLE O/F RR LH,998729,0,423.73,,9,9,0,BODY PARTS,DOOR HANDLE O/F,SEG-P2,500,DOOR OUTER HANDLE O/F RR LH - SEG-P2,Bodyshop
DOOR OUTER HANDLE O/F RR LH,998729,0,423.73,,9,9,0,BODY PARTS,DOOR HANDLE O/F,SEG-P3,500,DOOR OUTER HANDLE O/F RR LH - SEG-P3,Bodyshop
DOOR OUTER HANDLE O/F RR LH,998729,0,423.73,,9,9,0,BODY PARTS,DOOR HANDLE O/F,SEG-P4,500,DOOR OUTER HANDLE O/F RR LH - SEG-P4,Bodyshop
DOOR OUTER HANDLE O/F RR LH,998729,0,245.76,,9,9,0,BODY PARTS,DOOR HANDLE O/F,SEG-B,290,DOOR OUTER HANDLE O/F RR LH - SEG-B,Bodyshop
DOOR OUTER HANDLE O/F RR RH,998729,0,127.12,,9,9,0,BODY PARTS,DOOR HANDLE O/F,SEG-A,150,DOOR OUTER HANDLE O/F RR RH - SEG-A,Bodyshop
DOOR OUTER HANDLE O/F RR RH,998729,0,245.76,,9,9,0,BODY PARTS,DOOR HANDLE O/F,SEG-B,290,DOOR OUTER HANDLE O/F RR RH - SEG-B,Bodyshop
DOOR OUTER HANDLE O/F RR RH,998729,0,372.88,,9,9,0,BODY PARTS,DOOR HANDLE O/F,SEG-D,440,DOOR OUTER HANDLE O/F RR RH - SEG-D,Bodyshop
DOOR OUTER HANDLE O/F RR RH,998729,0,372.88,,9,9,0,BODY PARTS,DOOR HANDLE O/F,SEG-E,440,DOOR OUTER HANDLE O/F RR RH - SEG-E,Bodyshop
DOOR OUTER HANDLE O/F RR RH,998729,0,372.88,,9,9,0,BODY PARTS,DOOR HANDLE O/F,SEG-F,440,DOOR OUTER HANDLE O/F RR RH - SEG-F,Bodyshop
DOOR OUTER HANDLE O/F RR RH,998729,0,423.73,,9,9,0,BODY PARTS,DOOR HANDLE O/F,SEG-P1,500,DOOR OUTER HANDLE O/F RR RH - SEG-P1,Bodyshop
DOOR OUTER HANDLE O/F RR RH,998729,0,423.73,,9,9,0,BODY PARTS,DOOR HANDLE O/F,SEG-P2,500,DOOR OUTER HANDLE O/F RR RH - SEG-P2,Bodyshop
DOOR OUTER HANDLE O/F RR RH,998729,0,423.73,,9,9,0,BODY PARTS,DOOR HANDLE O/F,SEG-P3,500,DOOR OUTER HANDLE O/F RR RH - SEG-P3,Bodyshop
DOOR OUTER HANDLE O/F RR RH,998729,0,423.73,,9,9,0,BODY PARTS,DOOR HANDLE O/F,SEG-P4,500,DOOR OUTER HANDLE O/F RR RH - SEG-P4,Bodyshop
DOOR OUTER HANDLE O/F RR RH,998729,0,245.76,,9,9,0,BODY PARTS,DOOR HANDLE O/F,SEG-C,290,DOOR OUTER HANDLE O/F RR RH - SEG-C,Bodyshop
DOOR OUTER HANDLE PAINTING,998729,0,932.2,,9,9,0,PAINTING SERVICE,PAINTING CHARGE,SEG-P3,1100,DOOR OUTER HANDLE PAINTING - SEG-P3,Bodyshop
DOOR OUTER HANDLE PAINTING FR LH,998729,1,720.34,,9,9,0,PAINTING SERVICE,DOOR HANDLE PAINT,SEG-B,850,DOOR OUTER HANDLE PAINTING FR LH - SEG-B,Bodyshop
DOOR OUTER HANDLE PAINTING FR RH,998729,1,720.34,,9,9,0,PAINTING SERVICE,DOOR HANDLE PAINT,SEG-B,850,DOOR OUTER HANDLE PAINTING FR RH - SEG-B,Bodyshop
DOOR OUTER HANDLE PAINTING RR LH,998729,1,720.34,,9,9,0,PAINTING SERVICE,DOOR HANDLE PAINT,SEG-B,850,DOOR OUTER HANDLE PAINTING RR LH - SEG-B,Bodyshop
DOOR OUTER HANDLE PAINTING RR RH,998729,1,720.34,,9,9,0,PAINTING SERVICE,DOOR HANDLE PAINT,SEG-B,850,DOOR OUTER HANDLE PAINTING RR RH - SEG-B,Bodyshop
DOOR OUTER HANDLE REPAIR FR RH,998729,1,2949.15,,9,9,0,BODY PARTS,DOOR HANDLE,seg-d,3480,DOOR OUTER HANDLE REPAIR FR RH - seg-d,Bodyshop
DOOR OUTER HANDLE REPAIR RR LH,998729,1,2949.15,,9,9,0,BODY PARTS,DOOR HANDLE,seg-d,3480,DOOR OUTER HANDLE REPAIR RR LH - seg-d,Bodyshop
DOOR PAINTING FR LH,998729,1,0,,9,9,0,PAINTING SERVICE,DOOR PAINT,SEG-P3,0,DOOR PAINTING FR LH - SEG-P3,Bodyshop
DOOR PAINTING FR LH,998729,1,0,,9,9,0,PAINTING SERVICE,DOOR PAINT,SEG-SUV,0,DOOR PAINTING FR LH - SEG-SUV,Bodyshop
DOOR PAINTING FR LH,998729,1,5466.1,,9,9,0,PAINTING SERVICE,DOOR PAINT,SEG-C,6450,DOOR PAINTING FR LH - SEG-C,Bodyshop
DOOR PAINTING FR LH,998729,1,0,,9,9,0,PAINTING SERVICE,DOOR PAINT,SEG-P1,0,DOOR PAINTING FR LH - SEG-P1,Bodyshop
DOOR PAINTING FR LH,998729,1,7194.92,,9,9,0,PAINTING SERVICE,DOOR PAINT,SEG-P2,8490,DOOR PAINTING FR LH - SEG-P2,Bodyshop
DOOR PAINTING FR LH,998729,1,5466.1,,9,9,0,PAINTING SERVICE,DOOR PAINT,SEG-B,6450,DOOR PAINTING FR LH - SEG-B,Bodyshop
DOOR PAINTING FR RH,998729,1,6042.37,,9,9,0,PAINTING SERVICE,DOOR PAINT,SEG-C,7130,DOOR PAINTING FR RH - SEG-C,Bodyshop
DOOR PAINTING FR RH,998729,1,6474.58,,9,9,0,PAINTING SERVICE,DOOR PAINT,SEG-P3,7640,DOOR PAINTING FR RH - SEG-P3,Bodyshop
DOOR PAINTING FR RH,998729,1,9347.46,,9,9,0,PAINTING SERVICE,DOOR PAINT,SEG-D,11030,DOOR PAINTING FR RH - SEG-D,Bodyshop
DOOR PAINTING FR RH,998729,1,8627.12,,9,9,0,PAINTING SERVICE,DOOR PAINT,SEG-SUV,10180,DOOR PAINTING FR RH - SEG-SUV,Bodyshop
DOOR PAINTING FR RH ,998729,1,4313.56,PATCH WORK,9,9,0,PAINTING SERVICE,DOOR PAINT,SEG-B,5090,DOOR PAINTING FR RH  - SEG-B,Bodyshop
DOOR PAINTING FR RH,998729,1,10067.8,,9,9,0,PAINTING SERVICE,DOOR PAINT,SEG-P2,11880,DOOR PAINTING FR RH - SEG-P2,Bodyshop
DOOR PAINTING FR RH,998729,1,3593.22,,9,9,0,PAINTING SERVICE,DOOR PAINT,SEG-P1,4240,DOOR PAINTING FR RH - SEG-P1,Bodyshop
DOOR PAINTING FR RH,998729,1,0,,9,9,0,PAINTING SERVICE,DOOR PAINT,SEG-A,0,DOOR PAINTING FR RH - SEG-A,Bodyshop
DOOR PAINTING LH,998729,1,5889.83,,9,9,0,PAINTING SERVICE,DOOR PAINT, I-20 METALLIC,6950,DOOR PAINTING LH -  I-20 METALLIC,Bodyshop
DOOR PAINTING RR LH,998729,1,5466.1,,9,9,0,PAINTING SERVICE,DOOR PAINT,SEG-B,6450,DOOR PAINTING RR LH - SEG-B,Bodyshop
DOOR PAINTING RR LH,998729,1,0,,9,9,0,PAINTING SERVICE,DOOR PAINT,SEG-D,0,DOOR PAINTING RR LH - SEG-D,Bodyshop
DOOR PAINTING RR LH,998729,1,5466.1,,9,9,0,PAINTING SERVICE,DOOR PAINT,SEG-A,6450,DOOR PAINTING RR LH - SEG-A,Bodyshop
DOOR PAINTING RR LH,998729,1,7906.78,,9,9,0,PAINTING SERVICE,DOOR PAINT,SEG-SUV,9330,DOOR PAINTING RR LH - SEG-SUV,Bodyshop
DOOR PAINTING RR LH,998729,1,0,,9,9,0,PAINTING SERVICE,DOOR PAINT,SEG-P3,0,DOOR PAINTING RR LH - SEG-P3,Bodyshop
DOOR PAINTING RR LH,998729,1,0,,9,9,0,PAINTING SERVICE,DOOR PAINT,SEG-P2,0,DOOR PAINTING RR LH - SEG-P2,Bodyshop
DOOR PAINTING RR LH,998729,1,5466.1,,9,9,0,PAINTING SERVICE,DOOR PAINT,SEG-P1,6450,DOOR PAINTING RR LH - SEG-P1,Bodyshop
DOOR PAINTING RR LH,998729,1,6474.58,,9,9,0,PAINTING SERVICE,DOOR PAINT,SEG-C,7640,DOOR PAINTING RR LH - SEG-C,Bodyshop
DOOR PAINTING RR RH,998729,1,4313.56,,9,9,0,PAINTING SERVICE,DOOR PAINT,SEG-C,5090,DOOR PAINTING RR RH - SEG-C,Bodyshop
DOOR PAINTING RR RH,998729,1,0,,9,9,0,PAINTING SERVICE,DOOR PAINT,SEG-P2,0,DOOR PAINTING RR RH - SEG-P2,Bodyshop
DOOR PAINTING RR RH,998729,1,0,,9,9,0,PAINTING SERVICE,DOOR PAINT,SEG-A,0,DOOR PAINTING RR RH - SEG-A,Bodyshop
DOOR PAINTING RR RH,998729,1,0,,9,9,0,PAINTING SERVICE,DOOR PAINT,SEG-P1,0,DOOR PAINTING RR RH - SEG-P1,Bodyshop
DOOR PAINTING RR RH,998729,1,9347.46,,9,9,0,PAINTING SERVICE,DOOR PAINT,SEG-D,11030,DOOR PAINTING RR RH - SEG-D,Bodyshop
DOOR PAINTING RR RH,998729,1,6474.58,,9,9,0,PAINTING SERVICE,DOOR PAINT,SEG-SUV SOLID,7640,DOOR PAINTING RR RH - SEG-SUV SOLID,Bodyshop
DOOR PAINTING RR RH,998729,1,5466.1,,9,9,0,PAINTING SERVICE,DOOR PAINT,SEG-B,6450,DOOR PAINTING RR RH - SEG-B,Bodyshop
DOOR PAINTING RR RH,998729,1,10067.8,,9,9,0,PAINTING SERVICE,DOOR PAINT,SEG-P3 METALLIC,11880,DOOR PAINTING RR RH - SEG-P3 METALLIC,Bodyshop
DOOR PAINTING RR RH,998729,1,7194.92,,9,9,0,PAINTING SERVICE,DOOR PAINT,SEG-SUV METALIC,8490,DOOR PAINTING RR RH - SEG-SUV METALIC,Bodyshop
DOOR REPAIR FR LH,998729,1,1440.68,,9,9,0,BODY PARTS,DOOR REPAIR,SEG-P2,1700,DOOR REPAIR FR LH - SEG-P2,Bodyshop
DOOR REPAIR FR LH,998729,1,644.07,,9,9,0,BODY PARTS,DOOR REPAIR,SEG-C,760,DOOR REPAIR FR LH - SEG-C,Bodyshop
DOOR REPAIR FR LH,998729,1,1296.61,,9,9,0,BODY PARTS,DOOR REPAIR,SEG-SUV,1530,DOOR REPAIR FR LH - SEG-SUV,Bodyshop
DOOR REPAIR FR LH,998729,1,796.61,,9,9,0,BODY PARTS,DOOR REPAIR,SEG-B,940,DOOR REPAIR FR LH - SEG-B,Bodyshop
DOOR REPAIR FR LH,998729,1,1440.68,,9,9,0,BODY PARTS,DOOR REPAIR,SEG-P1,1700,DOOR REPAIR FR LH - SEG-P1,Bodyshop
DOOR REPAIR FR LH,998729,1,796.61,,9,9,0,BODY PARTS,DOOR REPAIR,SEG-A,940,DOOR REPAIR FR LH - SEG-A,Bodyshop
DOOR REPAIR FR LH,998729,1,1008.48,,9,9,0,BODY PARTS,DOOR REPAIR,SEG-D,1190,DOOR REPAIR FR LH - SEG-D,Bodyshop
DOOR REPAIR FR RH,998729,1,1440.68,,9,9,0,BODY PARTS,DOOR REPAIR,SEG-P2,1700,DOOR REPAIR FR RH - SEG-P2,Bodyshop
DOOR REPAIR FR RH,998729,1,796.61,,9,9,0,BODY PARTS,DOOR REPAIR,SEG-SUV,940,DOOR REPAIR FR RH - SEG-SUV,Bodyshop
DOOR REPAIR FR RH,998729,1,3737.29,,9,9,0,BODY PARTS,DOOR REPAIR,SEG-P1,4410,DOOR REPAIR FR RH - SEG-P1,Bodyshop
DOOR REPAIR FR RH,998729,1,796.61,,9,9,0,BODY PARTS,DOOR REPAIR,SEG-B,940,DOOR REPAIR FR RH - SEG-B,Bodyshop
DOOR REPAIR FR RH,998729,1,796.61,,9,9,0,BODY PARTS,DOOR REPAIR,SEG-B,940,DOOR REPAIR FR RH - SEG-B,Bodyshop
DOOR REPAIR FR RH,998729,1,855.93,,9,9,0,BODY PARTS,DOOR REPAIR,SEG-C,1010,DOOR REPAIR FR RH - SEG-C,Bodyshop
DOOR REPAIR FR RH,998729,1,932.2,,9,9,0,BODY PARTS,DOOR REPAIR,SEG-D,1100,DOOR REPAIR FR RH - SEG-D,Bodyshop
DOOR REPAIR FR RH,998729,1,1152.54,,9,9,0,BODY PARTS,DOOR REPAIR,SEG-P3,1360,DOOR REPAIR FR RH - SEG-P3,Bodyshop
DOOR REPAIR RR LH,998729,1,644.07,,9,9,0,BODY PARTS,DOOR REPAIR,SEG-A,760,DOOR REPAIR RR LH - SEG-A,Bodyshop
DOOR REPAIR RR LH,998729,1,720.34,,9,9,0,BODY PARTS,DOOR REPAIR,SEG-P1,850,DOOR REPAIR RR LH - SEG-P1,Bodyshop
DOOR REPAIR RR LH,998729,1,720.34,,9,9,0,BODY PARTS,DOOR REPAIR,SEG-SUV,850,DOOR REPAIR RR LH - SEG-SUV,Bodyshop
DOOR REPAIR RR LH,998729,1,855.93,,9,9,0,BODY PARTS,DOOR REPAIR,SEG-C,1010,DOOR REPAIR RR LH - SEG-C,Bodyshop
DOOR REPAIR RR LH,998729,1,5754.24,,9,9,0,BODY PARTS,DOOR REPAIR,SEG-P2,6790,DOOR REPAIR RR LH - SEG-P2,Bodyshop
DOOR REPAIR RR LH,998729,1,796.61,,9,9,0,BODY PARTS,DOOR REPAIR,SEG-B,940,DOOR REPAIR RR LH - SEG-B,Bodyshop
DOOR REPAIR RR LH,998729,1,1440.68,,9,9,0,BODY PARTS,DOOR REPAIR,SEG-P3,1700,DOOR REPAIR RR LH - SEG-P3,Bodyshop
DOOR REPAIR RR LH,998729,1,1152.54,,9,9,0,BODY PARTS,DOOR REPAIR,SEG-D,1360,DOOR REPAIR RR LH - SEG-D,Bodyshop
DOOR REPAIR RR RH,998729,1,1440.68,,9,9,0,BODY PARTS,DOOR REPAIR,SEG-P2,1700,DOOR REPAIR RR RH - SEG-P2,Bodyshop
DOOR REPAIR RR RH,998729,1,855.93,,9,9,0,BODY PARTS,DOOR REPAIR,SEG-C,1010,DOOR REPAIR RR RH - SEG-C,Bodyshop
DOOR REPAIR RR RH,998729,1,1296.61,,9,9,0,BODY PARTS,DOOR REPAIR,SEG-SUV,1530,DOOR REPAIR RR RH - SEG-SUV,Bodyshop
DOOR REPAIR RR RH,998729,1,1008.48,,9,9,0,BODY PARTS,DOOR REPAIR,SEG-D,1190,DOOR REPAIR RR RH - SEG-D,Bodyshop
DOOR REPAIR RR RH,998729,1,932.2,,9,9,0,BODY PARTS,DOOR REPAIR,SEG-D,1100,DOOR REPAIR RR RH - SEG-D,Bodyshop
DOOR REPAIR RR RH,998729,1,796.61,,9,9,0,BODY PARTS,DOOR REPAIR,SEG-P1,940,DOOR REPAIR RR RH - SEG-P1,Bodyshop
DOOR REPAIR RR RH,998729,1,2161.02,,9,9,0,BODY PARTS,DOOR REPAIR,SEG-P3,2550,DOOR REPAIR RR RH - SEG-P3,Bodyshop
DOOR REPAIR RR RH,998729,1,720.34,,9,9,0,BODY PARTS,DOOR REPAIR,SEG-B,850,DOOR REPAIR RR RH - SEG-B,Bodyshop
DOOR RIBBON O/F INNER ALL ,998729,1,728.81,,9,9,0,BODY PARTS,DOOR MOULDING,SEG-SUV,860,DOOR RIBBON O/F INNER ALL  - SEG-SUV,Bodyshop
DOOR SETTING ALL,998729,0,364.41,,9,9,0,BODY PARTS,DOOR,SEG-A,430,DOOR SETTING ALL - SEG-A,Bodyshop
DOOR SETTING RR LH,998729,0,728.81,,9,9,0,BODY PARTS,DOOR,SANTRO,860,DOOR SETTING RR LH - SANTRO,Bodyshop
DOOR SETUP LIGHT FITTING,998729,1,1500,,9,9,0,ACCESSORIES,LED LIGHT FITTING,,1770,DOOR SETUP LIGHT FITTING - ,Accessories
DOOR SILL GUARD FITTING,998729,1,576.27,,9,9,0,ACCESSORIES,DOOR GUARD,,680,DOOR SILL GUARD FITTING - ,Accessories
DOOR SKIRTING O/F ALL,998729,1,3169.49,,9,9,0,BODY PARTS,SKIRT PANEL O/F,SEG-P1,3740,DOOR SKIRTING O/F ALL - SEG-P1,Bodyshop
DOOR STEP O/F,998729,1,2161.02,,9,9,0,ACCESSORIES,FOOT REST,,2550,DOOR STEP O/F - ,Accessories
DOOR STEP PAINTING,998729,1,2161.02,,9,9,0,PAINTING SERVICE,DOOR HINGE PAINT,,2550,DOOR STEP PAINTING - ,Bodyshop
DOOR STOPPER O/F FR LH,998729,1,1254.24,,9,9,0,BODY PARTS,DOOR STOPPER,,1480,DOOR STOPPER O/F FR LH - ,Bodyshop
DOOR STOPPER O/F FR RH,998729,0,1200,,9,9,0,BODY PARTS,DOOR STOPPER,,1416,DOOR STOPPER O/F FR RH - ,Bodyshop
DOOR STOPPER O/F RR LH,998729,1,1220.34,,9,9,0,BODY PARTS,DOOR STOPPER,,1440,DOOR STOPPER O/F RR LH - ,Bodyshop
DOOR STOPPER REPAIR RR LH,998729,0,720.34,,9,9,0,BODY PARTS,DOOR STOPPER,SEG-B,850,DOOR STOPPER REPAIR RR LH - SEG-B,Bodyshop
DOOR STOPPER REPAIR RR RH,998729,0,720.34,,9,9,0,BODY PARTS,DOOR STOPPER,SEG-B,850,DOOR STOPPER REPAIR RR RH - SEG-B,Bodyshop
DOOR TOUCH UP FR LH,998729,1,2161.02,,9,9,0,PAINTING SERVICE,DOOR PAINT,SEG-D,2550,DOOR TOUCH UP FR LH - SEG-D,Bodyshop
DOOR TOUCH UP FR RH,998729,1,2161.02,,9,9,0,PAINTING SERVICE,DOOR PAINT,SEG-D,2550,DOOR TOUCH UP FR RH - SEG-D,Bodyshop
DOOR TOUCH UP RR LH,998729,1,2161.02,,9,9,0,PAINTING SERVICE,DOOR PAINT,SEG-D,2550,DOOR TOUCH UP RR LH - SEG-D,Bodyshop
DOOR TOUCH UP RR RH,998729,1,2161.02,,9,9,0,PAINTING SERVICE,DOOR PAINT,SEG-D,2550,DOOR TOUCH UP RR RH - SEG-D,Bodyshop
DOOR TRIM (METAL SEAT) O/F FR LH,998729,0,423.73,,9,9,0,BODY PARTS,TRIM O/F,SEG-D,500,DOOR TRIM (METAL SEAT) O/F FR LH - SEG-D,Bodyshop
DOOR TRIM (METAL SEAT) O/F FR LH,998729,0,550.85,,9,9,0,BODY PARTS,TRIM O/F,SEG-P1,650,DOOR TRIM (METAL SEAT) O/F FR LH - SEG-P1,Bodyshop
DOOR TRIM (METAL SEAT) O/F FR LH,998729,0,728.81,,9,9,0,BODY PARTS,TRIM O/F,SEG-P2,860,DOOR TRIM (METAL SEAT) O/F FR LH - SEG-P2,Bodyshop
DOOR TRIM (METAL SEAT) O/F FR LH,998729,0,974.58,,9,9,0,BODY PARTS,TRIM O/F,SEG-P3,1150,DOOR TRIM (METAL SEAT) O/F FR LH - SEG-P3,Bodyshop
DOOR TRIM (METAL SEAT) O/F FR LH,998729,0,1220.34,,9,9,0,BODY PARTS,TRIM O/F,SEG-P4,1440,DOOR TRIM (METAL SEAT) O/F FR LH - SEG-P4,Bodyshop
DOOR TRIM (METAL SEAT) O/F FR RH,998729,0,423.73,,9,9,0,BODY PARTS,TRIM O/F,SEG-D,500,DOOR TRIM (METAL SEAT) O/F FR RH - SEG-D,Bodyshop
DOOR TRIM (METAL SEAT) O/F FR RH,998729,0,550.85,,9,9,0,BODY PARTS,TRIM O/F,SEG-P1,650,DOOR TRIM (METAL SEAT) O/F FR RH - SEG-P1,Bodyshop
DOOR TRIM (METAL SEAT) O/F FR RH,998729,0,728.81,,9,9,0,BODY PARTS,TRIM O/F,SEG-P2,860,DOOR TRIM (METAL SEAT) O/F FR RH - SEG-P2,Bodyshop
DOOR TRIM (METAL SEAT) O/F FR RH,998729,0,974.58,,9,9,0,BODY PARTS,TRIM O/F,SEG-P3,1150,DOOR TRIM (METAL SEAT) O/F FR RH - SEG-P3,Bodyshop
DOOR TRIM (METAL SEAT) O/F FR RH,998729,0,1220.34,,9,9,0,BODY PARTS,TRIM O/F,SEG-P4,1440,DOOR TRIM (METAL SEAT) O/F FR RH - SEG-P4,Bodyshop
DOOR TRIM (METAL SEAT) O/F RR LH,998729,0,423.73,,9,9,0,BODY PARTS,TRIM O/F,SEG-D,500,DOOR TRIM (METAL SEAT) O/F RR LH - SEG-D,Bodyshop
DOOR TRIM (METAL SEAT) O/F RR LH,998729,0,550.85,,9,9,0,BODY PARTS,TRIM O/F,SEG-P1,650,DOOR TRIM (METAL SEAT) O/F RR LH - SEG-P1,Bodyshop
DOOR TRIM (METAL SEAT) O/F RR LH,998729,0,728.81,,9,9,0,BODY PARTS,TRIM O/F,SEG-P2,860,DOOR TRIM (METAL SEAT) O/F RR LH - SEG-P2,Bodyshop
DOOR TRIM (METAL SEAT) O/F RR LH,998729,0,974.58,,9,9,0,BODY PARTS,TRIM O/F,SEG-P3,1150,DOOR TRIM (METAL SEAT) O/F RR LH - SEG-P3,Bodyshop
DOOR TRIM (METAL SEAT) O/F RR LH,998729,0,1220.34,,9,9,0,BODY PARTS,TRIM O/F,SEG-P4,1440,DOOR TRIM (METAL SEAT) O/F RR LH - SEG-P4,Bodyshop
DOOR TRIM (METAL SEAT) O/F RR RH,998729,0,423.73,,9,9,0,BODY PARTS,TRIM O/F,SEG-D,500,DOOR TRIM (METAL SEAT) O/F RR RH - SEG-D,Bodyshop
DOOR TRIM (METAL SEAT) O/F RR RH,998729,0,550.85,,9,9,0,BODY PARTS,TRIM O/F,SEG-P1,650,DOOR TRIM (METAL SEAT) O/F RR RH - SEG-P1,Bodyshop
DOOR TRIM (METAL SEAT) O/F RR RH,998729,0,728.81,,9,9,0,BODY PARTS,TRIM O/F,SEG-P2,860,DOOR TRIM (METAL SEAT) O/F RR RH - SEG-P2,Bodyshop
DOOR TRIM (METAL SEAT) O/F RR RH,998729,0,974.58,,9,9,0,BODY PARTS,TRIM O/F,SEG-P3,1150,DOOR TRIM (METAL SEAT) O/F RR RH - SEG-P3,Bodyshop
DOOR TRIM (METAL SEAT) O/F RR RH,998729,0,1220.34,,9,9,0,BODY PARTS,TRIM O/F,SEG-P4,1440,DOOR TRIM (METAL SEAT) O/F RR RH - SEG-P4,Bodyshop
DOOR TRIM LEATHER O/F ALL,998729,0,2872.88,,9,9,0,BODY PARTS,TRIM O/F,SEG-SUV,3390,DOOR TRIM LEATHER O/F ALL - SEG-SUV,Bodyshop
DOOR TRIM O/F & REPAIR,998729,1,1400,,9,9,0,UPHOLSTERY,DOOR TRIM PADDING,,1652,DOOR TRIM O/F & REPAIR - ,Value Addition
DOOR TRIM O/F & REPAIR ALL,998729,0,8627.12,,9,9,0,BODY PARTS,DOOR TRIM,SEG-P3,10180,DOOR TRIM O/F & REPAIR ALL - SEG-P3,Bodyshop
DOOR TRIM O/F ALL,998729,0,1440.68,,9,9,0,BODY PARTS,TRIM O/F,SEG-P2,1700,DOOR TRIM O/F ALL - SEG-P2,Bodyshop
DOOR TRIM O/F ALL,998729,0,855.93,,9,9,0,BODY PARTS,TRIM O/F,SEG-B,1010,DOOR TRIM O/F ALL - SEG-B,Bodyshop
DOOR TRIM O/F FR LH,998729,0,305.09,,9,9,0,BODY PARTS,TRIM O/F,SEG-B,360,DOOR TRIM O/F FR LH - SEG-B,Bodyshop
DOOR TRIM O/F FR LH,998729,0,423.73,,9,9,0,BODY PARTS,TRIM O/F,SEG-D,500,DOOR TRIM O/F FR LH - SEG-D,Bodyshop
DOOR TRIM O/F FR LH,998729,0,177.97,,9,9,0,BODY PARTS,TRIM O/F,SEG-A,210,DOOR TRIM O/F FR LH - SEG-A,Bodyshop
DOOR TRIM O/F FR LH,998729,0,305.09,,9,9,0,BODY PARTS,TRIM O/F,SEG-C,360,DOOR TRIM O/F FR LH - SEG-C,Bodyshop
DOOR TRIM O/F FR LH,998729,0,305.09,,9,9,0,BODY PARTS,TRIM O/F,SEG-E,360,DOOR TRIM O/F FR LH - SEG-E,Bodyshop
DOOR TRIM O/F FR LH,998729,0,423.73,,9,9,0,BODY PARTS,TRIM O/F,SEG-F,500,DOOR TRIM O/F FR LH - SEG-F,Bodyshop
DOOR TRIM O/F FR LH,998729,0,550.85,,9,9,0,BODY PARTS,TRIM O/F,SEG-P1,650,DOOR TRIM O/F FR LH - SEG-P1,Bodyshop
DOOR TRIM O/F FR LH,998729,0,728.81,,9,9,0,BODY PARTS,TRIM O/F,SEG-P2,860,DOOR TRIM O/F FR LH - SEG-P2,Bodyshop
DOOR TRIM O/F FR LH,998729,0,974.58,,9,9,0,BODY PARTS,TRIM O/F,SEG-P3,1150,DOOR TRIM O/F FR LH - SEG-P3,Bodyshop
DOOR TRIM O/F FR LH,998729,0,1220.34,,9,9,0,BODY PARTS,TRIM O/F,SEG-P4,1440,DOOR TRIM O/F FR LH - SEG-P4,Bodyshop
DOOR TRIM O/F FR RH,998729,0,177.97,,9,9,0,BODY PARTS,TRIM O/F,SEG-A,210,DOOR TRIM O/F FR RH - SEG-A,Bodyshop
DOOR TRIM O/F FR RH,998729,0,305.09,,9,9,0,BODY PARTS,TRIM O/F,SEG-B,360,DOOR TRIM O/F FR RH - SEG-B,Bodyshop
DOOR TRIM O/F FR RH,998729,0,305.09,,9,9,0,BODY PARTS,TRIM O/F,SEG-C,360,DOOR TRIM O/F FR RH - SEG-C,Bodyshop
DOOR TRIM O/F FR RH,998729,0,423.73,,9,9,0,BODY PARTS,TRIM O/F,SEG-D,500,DOOR TRIM O/F FR RH - SEG-D,Bodyshop
DOOR TRIM O/F FR RH,998729,0,305.09,,9,9,0,BODY PARTS,TRIM O/F,SEG-E,360,DOOR TRIM O/F FR RH - SEG-E,Bodyshop
DOOR TRIM O/F FR RH,998729,0,423.73,,9,9,0,BODY PARTS,TRIM O/F,SEG-F,500,DOOR TRIM O/F FR RH - SEG-F,Bodyshop
DOOR TRIM O/F FR RH,998729,0,728.81,,9,9,0,BODY PARTS,TRIM O/F,SEG-P2,860,DOOR TRIM O/F FR RH - SEG-P2,Bodyshop
DOOR TRIM O/F FR RH,998729,0,974.58,,9,9,0,BODY PARTS,TRIM O/F,SEG-P3,1150,DOOR TRIM O/F FR RH - SEG-P3,Bodyshop
DOOR TRIM O/F FR RH,998729,0,1220.34,,9,9,0,BODY PARTS,TRIM O/F,SEG-P4,1440,DOOR TRIM O/F FR RH - SEG-P4,Bodyshop
DOOR TRIM O/F FR RH,998729,0,550.85,,9,9,0,BODY PARTS,TRIM O/F,SEG-P1,650,DOOR TRIM O/F FR RH - SEG-P1,Bodyshop
DOOR TRIM O/F RR LH,998729,0,550.85,,9,9,0,BODY PARTS,TRIM O/F,SEG-P1,650,DOOR TRIM O/F RR LH - SEG-P1,Bodyshop
DOOR TRIM O/F RR LH,998729,0,177.97,,9,9,0,BODY PARTS,TRIM O/F,SEG-A,210,DOOR TRIM O/F RR LH - SEG-A,Bodyshop
DOOR TRIM O/F RR LH,998729,0,305.09,,9,9,0,BODY PARTS,TRIM O/F,SEG-C,360,DOOR TRIM O/F RR LH - SEG-C,Bodyshop
DOOR TRIM O/F RR LH,998729,0,423.73,,9,9,0,BODY PARTS,TRIM O/F,SEG-D,500,DOOR TRIM O/F RR LH - SEG-D,Bodyshop
DOOR TRIM O/F RR LH,998729,0,305.09,,9,9,0,BODY PARTS,TRIM O/F,SEG-E,360,DOOR TRIM O/F RR LH - SEG-E,Bodyshop
DOOR TRIM O/F RR LH,998729,0,423.73,,9,9,0,BODY PARTS,TRIM O/F,SEG-F,500,DOOR TRIM O/F RR LH - SEG-F,Bodyshop
DOOR TRIM O/F RR LH,998729,0,728.81,,9,9,0,BODY PARTS,TRIM O/F,SEG-P2,860,DOOR TRIM O/F RR LH - SEG-P2,Bodyshop
DOOR TRIM O/F RR LH,998729,0,974.58,,9,9,0,BODY PARTS,TRIM O/F,SEG-P3,1150,DOOR TRIM O/F RR LH - SEG-P3,Bodyshop
DOOR TRIM O/F RR LH,998729,0,1220.34,,9,9,0,BODY PARTS,TRIM O/F,SEG-P4,1440,DOOR TRIM O/F RR LH - SEG-P4,Bodyshop
DOOR TRIM O/F RR LH,998729,0,305.09,,9,9,0,BODY PARTS,TRIM O/F,SEG-B,360,DOOR TRIM O/F RR LH - SEG-B,Bodyshop
DOOR TRIM O/F RR RH,998729,0,550.85,,9,9,0,BODY PARTS,TRIM O/F,SEG-P1,650,DOOR TRIM O/F RR RH - SEG-P1,Bodyshop
DOOR TRIM O/F RR RH,998729,0,177.97,,9,9,0,BODY PARTS,TRIM O/F,SEG-A,210,DOOR TRIM O/F RR RH - SEG-A,Bodyshop
DOOR TRIM O/F RR RH,998729,0,305.09,,9,9,0,BODY PARTS,TRIM O/F,SEG-B,360,DOOR TRIM O/F RR RH - SEG-B,Bodyshop
DOOR TRIM O/F RR RH,998729,0,305.09,,9,9,0,BODY PARTS,TRIM O/F,SEG-C,360,DOOR TRIM O/F RR RH - SEG-C,Bodyshop
DOOR TRIM O/F RR RH,998729,0,423.73,,9,9,0,BODY PARTS,TRIM O/F,SEG-D,500,DOOR TRIM O/F RR RH - SEG-D,Bodyshop
DOOR TRIM O/F RR RH,998729,0,305.09,,9,9,0,BODY PARTS,TRIM O/F,SEG-E,360,DOOR TRIM O/F RR RH - SEG-E,Bodyshop
DOOR TRIM O/F RR RH,998729,0,423.73,,9,9,0,BODY PARTS,TRIM O/F,SEG-F,500,DOOR TRIM O/F RR RH - SEG-F,Bodyshop
DOOR TRIM O/F RR RH,998729,0,728.81,,9,9,0,BODY PARTS,TRIM O/F,SEG-P2,860,DOOR TRIM O/F RR RH - SEG-P2,Bodyshop
DOOR TRIM O/F RR RH,998729,0,974.58,,9,9,0,BODY PARTS,TRIM O/F,SEG-P3,1150,DOOR TRIM O/F RR RH - SEG-P3,Bodyshop
DOOR TRIM O/F RR RH,998729,0,1220.34,,9,9,0,BODY PARTS,TRIM O/F,SEG-P4,1440,DOOR TRIM O/F RR RH - SEG-P4,Bodyshop
DOOR TRIM PADDING ALL,998729,1,5754.24,,9,9,0,UPHOLSTERY,DOOR TRIM PADDING,SEG-B,6790,DOOR TRIM PADDING ALL - SEG-B,Mechanical
DOOR TRIM PADDING ALL,998729,1,4822.03,,9,9,0,UPHOLSTERY,DOOR TRIM PADDING,SEG-D,5690,DOOR TRIM PADDING ALL - SEG-D,Mechanical
DOOR TRIM PADDING ALL,998729,1,1466.1,,9,9,0,UPHOLSTERY,DOOR TRIM PADDING,SEG-SUV,1730,DOOR TRIM PADDING ALL - SEG-SUV,Mechanical
DOOR TRIM PADDING FR LH,998729,1,1000,,9,9,0,UPHOLSTERY,DOOR TRIM PADDING,,1180,DOOR TRIM PADDING FR LH - ,Value Addition
DOOR TRIM PADDING RR LH,998729,1,800,,9,9,0,UPHOLSTERY,DOOR TRIM PADDING,,0,DOOR TRIM PADDING RR LH - ,Value Addition
DOOR TRIM PAINTING,998729,1,0,,9,9,0,PAINTING SERVICE,TRIM PAINT,SEG-C,0,DOOR TRIM PAINTING - SEG-C,Bodyshop
DOOR TRIM PAINTING ALL,998729,1,0,,9,9,0,PAINTING SERVICE,TRIM PAINT,SEG-SUV,0,DOOR TRIM PAINTING ALL - SEG-SUV,Bodyshop
DOOR TRIM PAINTING FR LH,998729,1,0,,9,9,0,PAINTING SERVICE,TRIM PAINT,SEG-D,0,DOOR TRIM PAINTING FR LH - SEG-D,Bodyshop
DOOR TRIM PAINTING FR RH,998729,1,0,,9,9,0,PAINTING SERVICE,TRIM PAINT,SEG-D,0,DOOR TRIM PAINTING FR RH - SEG-D,Bodyshop
DOOR TRIM PAINTING RR LH,998729,1,0,,9,9,0,PAINTING SERVICE,TRIM PAINT,SEG-D,0,DOOR TRIM PAINTING RR LH - SEG-D,Bodyshop
DOOR TRIM PAINTING RR RH,998729,1,0,,9,9,0,PAINTING SERVICE,TRIM PAINT,SEG-D,0,DOOR TRIM PAINTING RR RH - SEG-D,Bodyshop
DOOR VISOR FITTING,998729,0,432.2,,9,9,0,ACCESSORIES,SUN VISOR,,510,DOOR VISOR FITTING - ,Accessories
DOOR VISOR O/F ALL,998729,0,720.34,,9,9,0,ACCESSORIES,SUN VISOR,SEG-SUV,850,DOOR VISOR O/F ALL - SEG-SUV,Accessories
DOOR WEATHERSTRIP O/F ALL,998729,0,400,,9,9,0,BODY PARTS,WEATHERSTRIP,,472,DOOR WEATHERSTRIP O/F ALL - ,Bodyshop
DOORSTEP O/F LH,998729,1,288.14,,9,9,0,ACCESSORIES,,SEG-SUV,340,DOORSTEP O/F LH - SEG-SUV,Accessories
DOORSTEP O/F RH,998729,1,288.14,,9,9,0,ACCESSORIES,,SEG-SUV,340,DOORSTEP O/F RH - SEG-SUV,Accessories
DPF CLEAN,998729,0,9800,,9,9,0,ENGINE,SILENCER O/F,,11564,DPF CLEAN - ,Mechanical
DPF INJECTOR CLEANING,998729,0,2000,,9,9,0,FUEL SYSTEM,INJECTOR SERVICE,,2360,DPF INJECTOR CLEANING - ,Mechanical
DPF INJECTOR O/F,998729,0,1500,,9,9,0,FUEL SYSTEM,INJECTOR O/F,,1770,DPF INJECTOR O/F - ,Mechanical
DPF O/F,998729,0,847.46,,9,9,0,ENGINE,SILENCER O/F,,1000,DPF O/F - ,Mechanical
DPF PROCESSING,998729,0,2161.02,,9,9,0,FUEL SYSTEM,FUEL LINE SERVICE,SEG-P1,2550,DPF PROCESSING - SEG-P1,Mechanical
DPF REGENERATION,998729,0,2500,,9,9,0,ENGINE,EGR VALVE SERVICE,,2950,DPF REGENERATION - ,Mechanical
DRAINAGE CHANNEL FITTING,998729,1,1694.92,,9,9,0,BODY PARTS,ROOF TOP REPAIR,,2000,DRAINAGE CHANNEL FITTING - ,Bodyshop
DRIP MOULDING PAINTING,998729,1,1440.68,,9,9,0,PAINTING SERVICE,MOULDING PAINT,,1700,DRIP MOULDING PAINTING - ,Bodyshop
DRIVE SHAFT O/F FR RH,998729,0,669.49,,9,9,0,TRANSMISSION,AXLE O/F,SEG-B,790,DRIVE SHAFT O/F FR RH - SEG-B,Mechanical
DRIVE SHAFT REPAIR RR LH,998729,1,9415.25,,9,9,0,TRANSMISSION,AXLE,SEG-P2,11110,DRIVE SHAFT REPAIR RR LH - SEG-P2,Mechanical
DRL LIGHT FITTING,998729,1,1200,,9,9,0,ACCESSORIES,LED LIGHT FITTING,,1416,DRL LIGHT FITTING - ,Accessories
DRL LIGHT O/F LH,998729,0,432.2,,9,9,0,ELECTRICAL,HEAD LIGHT,SEG-P2,510,DRL LIGHT O/F LH - SEG-P2,Mechanical
DRL LIGHT O/F RH,998729,0,432.2,,9,9,0,BODY PARTS,BUMPER REFLECTOR,,510,DRL LIGHT O/F RH - ,Bodyshop
DROP SERVICE,998729,0,127.12,,9,9,0,PICKUP & DROP,DROP SERVICE,COMMON,150,DROP SERVICE - COMMON,Mechanical
DSP TUNNING CHARGE,998729,0,3000,,9,9,0,ACCESSORIES,MUSIC PLAYER,,3540,DSP TUNNING CHARGE - ,Accessories
DTF OIL REPLACE,998729,0,1694.92,,9,9,0,LUBRICANT,OIL CHANGE,,2000,DTF OIL REPLACE - ,Mechanical
DUAL CLUTCH CALIBRATION,998729,0,2872.88,,9,9,0,SCANNING SERVICE,CALIBRATION,SEG-A-B-C-D-E-F,3390,DUAL CLUTCH CALIBRATION - SEG-A-B-C-D-E-F,Mechanical
DUAL CLUTCH CALIBRATION,998729,0,4313.56,,9,9,0,SCANNING SERVICE,CALIBRATION,SEG-P1-P2-P3-P4,5090,DUAL CLUTCH CALIBRATION - SEG-P1-P2-P3-P4,Mechanical
DUAL CLUTCH OVERHAUL,998729,0,11508.48,,9,9,0,CLUTCH,CLUTCH OVERHAUL,SEG-P3,13580,DUAL CLUTCH OVERHAUL - SEG-P3,Mechanical
DUAL CLUTCH OVERHAUL,998729,0,14372.88,,9,9,0,CLUTCH,CLUTCH OVERHAUL,SEG-P4,16960,DUAL CLUTCH OVERHAUL - SEG-P4,Mechanical
DUAL CLUTCH OVERHAUL,998729,0,5728.81,,9,9,0,CLUTCH,CLUTCH OVERHAUL,SEG-B,6760,DUAL CLUTCH OVERHAUL - SEG-B,Mechanical
DUAL CLUTCH OVERHAUL,998729,0,6466.1,,9,9,0,CLUTCH,CLUTCH OVERHAUL,SEG-C,7630,DUAL CLUTCH OVERHAUL - SEG-C,Mechanical
DUAL CLUTCH OVERHAUL,998729,0,7194.92,,9,9,0,CLUTCH,CLUTCH OVERHAUL,SEG-D,8490,DUAL CLUTCH OVERHAUL - SEG-D,Mechanical
DUAL CLUTCH OVERHAUL,998729,0,6466.1,,9,9,0,CLUTCH,CLUTCH OVERHAUL,SEG-E,7630,DUAL CLUTCH OVERHAUL - SEG-E,Mechanical
DUAL CLUTCH OVERHAUL,998729,0,8652.54,,9,9,0,CLUTCH,CLUTCH OVERHAUL,SEG-P1,10210,DUAL CLUTCH OVERHAUL - SEG-P1,Mechanical
DUAL CLUTCH OVERHAUL,998729,0,10050.85,,9,9,0,CLUTCH,CLUTCH OVERHAUL,SEG-P2,11860,DUAL CLUTCH OVERHAUL - SEG-P2,Mechanical
DUST FILTER O/F,998729,0,618.64,,9,9,0,FILTERATION,FILTER O/F,,730,DUST FILTER O/F - ,Mechanical
DYNAMO REPAIR,998729,1,48728.81,,9,9,0,ELECTRICAL,ALTERNATOR,SEG-D,57500,DYNAMO REPAIR - SEG-D,Mechanical
ECM CHECK,998729,1,1152.54,,9,9,0,ELECTRICAL,ECM REPAIR,,1360,ECM CHECK - ,Mechanical
ECM CODING,998729,1,30194.92,,9,9,0,SCANNING SERVICE,CODING,SEG-SUV,35630,ECM CODING - SEG-SUV,Mechanical
ECM O/F,998729,0,1440.68,,9,9,0,ELECTRICAL,ECM,SEG-F,1700,ECM O/F - SEG-F,Mechanical
ECM REPAIR,998729,1,5855.93,,9,9,0,ELECTRICAL,ECM REPAIR,SEG-B,6910,ECM REPAIR - SEG-B,Mechanical
ECM REPAIR,998729,1,49601.7,,9,9,0,ELECTRICAL,ECM REPAIR,SEG-P3,58530,ECM REPAIR - SEG-P3,Mechanical
ECM REPLACE,998729,0,2500,,9,9,0,ELECTRICAL,ECM REPAIR,,2950,ECM REPLACE - ,Mechanical
ECM WIRING REPAIR,998729,0,4872.88,,9,9,0,ELECTRICAL,ECM REPAIR,SEG-P2,5750,ECM WIRING REPAIR - SEG-P2,Mechanical
ECT SENSOR O/F,998729,0,245.76,,9,9,0,ELECTRICAL,SENSOR O/F,SEG-A,290,ECT SENSOR O/F - SEG-A,Mechanical
ECT SENSOR O/F,998729,0,372.88,,9,9,0,ELECTRICAL,SENSOR O/F,SEG-B,440,ECT SENSOR O/F - SEG-B,Mechanical
ECT SENSOR O/F,998729,0,372.88,,9,9,0,ELECTRICAL,SENSOR O/F,SEG-C,440,ECT SENSOR O/F - SEG-C,Mechanical
ECT SENSOR O/F,998729,0,974.58,,9,9,0,ELECTRICAL,SENSOR O/F,SEG-D,1150,ECT SENSOR O/F - SEG-D,Mechanical
ECT SENSOR O/F,998729,0,372.88,,9,9,0,ELECTRICAL,SENSOR O/F,SEG-E,440,ECT SENSOR O/F - SEG-E,Mechanical
ECT SENSOR O/F,998729,0,372.88,,9,9,0,ELECTRICAL,SENSOR O/F,SEG-F,440,ECT SENSOR O/F - SEG-F,Mechanical
ECU DDE ME 9.7,998729,1,143686.44,,9,9,0,ELECTRICAL,WIRING REPAIR,SEG-P3,169550,ECU DDE ME 9.7 - SEG-P3,Mechanical
ECU REPAIR,998729,1,57500,,9,9,0,ELECTRICAL,WIRING REPAIR,SEG-P3,67850,ECU REPAIR - SEG-P3,Mechanical
EGR CODING,998729,1,43127.12,,9,9,0,SCANNING SERVICE,CODING,SEG-P2,50890,EGR CODING - SEG-P2,Mechanical
EGR COOLER O/F,998729,0,0,,9,9,0,ENGINE,EGR COOLER O/F,SEG-P3 ,0,EGR COOLER O/F - SEG-P3 ,Mechanical
EGR COOLER O/F,998729,0,2923.73,,9,9,0,ENGINE,EGR COOLER O/F,SEG-B,3450,EGR COOLER O/F - SEG-B,Mechanical
EGR COOLER O/F,998729,0,3050.85,,9,9,0,ENGINE,EGR COOLER O/F,SEG-C,3600,EGR COOLER O/F - SEG-C,Mechanical
EGR COOLER O/F,998729,0,4271.19,,9,9,0,ENGINE,EGR COOLER O/F,SEG-D,5040,EGR COOLER O/F - SEG-D,Mechanical
EGR COOLER O/F,998729,0,3050.85,,9,9,0,ENGINE,EGR COOLER O/F,SEG-E,3600,EGR COOLER O/F - SEG-E,Mechanical
EGR COOLER O/F,998729,0,4271.19,,9,9,0,ENGINE,EGR COOLER O/F,SEG-F,5040,EGR COOLER O/F - SEG-F,Mechanical
EGR COOLER O/F,998729,0,4872.88,,9,9,0,ENGINE,EGR COOLER O/F,SEG-P1,5750,EGR COOLER O/F - SEG-P1,Mechanical
EGR COOLER O/F,998729,0,4872.88,,9,9,0,ENGINE,EGR COOLER O/F,SEG-P2,5750,EGR COOLER O/F - SEG-P2,Mechanical
EGR COOLER O/F,998729,0,7923.73,,9,9,0,ENGINE,EGR COOLER O/F,SEG-P4,9350,EGR COOLER O/F - SEG-P4,Mechanical
EGR COOLER REPAIR,998729,1,19406.78,,9,9,0,ENGINE,EGR COOLER,SEG-D,22900,EGR COOLER REPAIR - SEG-D,Mechanical
EGR MODULATOR O/F,998729,0,796.61,,9,9,0,ELECTRICAL,HEAD LIGHT MODULE,SEG-SUV,940,EGR MODULATOR O/F - SEG-SUV,Mechanical
EGR VALVE O/F,998729,0,4872.88,,9,9,0,ENGINE,EGR VALVE O/F,SEG-P1,5750,EGR VALVE O/F - SEG-P1,Mechanical
EGR VALVE O/F,998729,0,2923.73,,9,9,0,ENGINE,EGR VALVE O/F,SEG-B,3450,EGR VALVE O/F - SEG-B,Mechanical
EGR VALVE O/F,998729,0,3050.85,,9,9,0,ENGINE,EGR VALVE O/F,SEG-C,3600,EGR VALVE O/F - SEG-C,Mechanical
EGR VALVE O/F,998729,0,3050.85,,9,9,0,ENGINE,EGR VALVE O/F,SEG-E,3600,EGR VALVE O/F - SEG-E,Mechanical
EGR VALVE O/F,998729,0,4271.19,,9,9,0,ENGINE,EGR VALVE O/F,SEG-F,5040,EGR VALVE O/F - SEG-F,Mechanical
EGR VALVE O/F,998729,0,4872.88,,9,9,0,ENGINE,EGR VALVE O/F,SEG-P2,5750,EGR VALVE O/F - SEG-P2,Mechanical
EGR VALVE O/F,998729,0,6703.39,,9,9,0,ENGINE,EGR VALVE O/F,SEG-P3,7910,EGR VALVE O/F - SEG-P3,Mechanical
EGR VALVE O/F,998729,0,7923.73,,9,9,0,ENGINE,EGR VALVE O/F,SEG-P4,9350,EGR VALVE O/F - SEG-P4,Mechanical
EGR VALVE O/F,998729,0,4271.19,,9,9,0,ENGINE,EGR VALVE O/F,SEG-D,5040,EGR VALVE O/F - SEG-D,Mechanical
EGR VALVE SERVICE,998729,0,728.81,VALVE O/F EXTRA,9,9,0,ENGINE,EGR VALVE SERVICE,SEG-D,860,EGR VALVE SERVICE - SEG-D,Mechanical
EGR VALVE SERVICE,998729,0,728.81,VALVE O/F EXTRA,9,9,0,ENGINE,EGR VALVE SERVICE,SEG-F,860,EGR VALVE SERVICE - SEG-F,Mechanical
EGR VALVE SERVICE,998729,0,618.64,VALVE O/F EXTRA,9,9,0,ENGINE,EGR VALVE SERVICE,SEG-C,730,EGR VALVE SERVICE - SEG-C,Mechanical
EGR VALVE SERVICE,998729,0,1220.34,VALVE O/F EXTRA,9,9,0,ENGINE,EGR VALVE SERVICE,SEG-P2,1440,EGR VALVE SERVICE - SEG-P2,Mechanical
EGR VALVE SERVICE,998729,0,1220.34,VALVE O/F EXTRA,9,9,0,ENGINE,EGR VALVE SERVICE,SEG-P1,1440,EGR VALVE SERVICE - SEG-P1,Mechanical
EGR VALVE SERVICE,998729,0,728.81,VALVE O/F EXTRA,9,9,0,ENGINE,EGR VALVE SERVICE,SEG-E,860,EGR VALVE SERVICE - SEG-E,Mechanical
EGR VALVE SERVICE,998729,0,1830.51,VALVE O/F EXTRA,9,9,0,ENGINE,EGR VALVE SERVICE,SEG-P3,2160,EGR VALVE SERVICE - SEG-P3,Mechanical
EGR VALVE SERVICE,998729,0,2440.68,VALVE O/F EXTRA,9,9,0,ENGINE,EGR VALVE SERVICE,SEG-P4,2880,EGR VALVE SERVICE - SEG-P4,Mechanical
EGR VALVE SERVICE,998729,0,618.64,VALVE O/F EXTRA,9,9,0,ENGINE,EGR VALVE SERVICE,SEG-B,730,EGR VALVE SERVICE - SEG-B,Mechanical
ELBOW REPAIR ,998729,0,0,,9,9,0,ENGINE COOLING,ELBOW,SEG-SUV,0,ELBOW REPAIR  - SEG-SUV,Mechanical
ELECTRIC ROOT SETUP FITTING,998729,1,3500,,9,9,0,ACCESSORIES,MUSIC PLAYER,,4130,ELECTRIC ROOT SETUP FITTING - ,Accessories
ELECTRICAL WORK,998729,0,1440.68,,9,9,0,ELECTRICAL,WIRING REPAIR,,1700,ELECTRICAL WORK - ,Mechanical
EMBLEM FITTING FR,998729,0,3050.85,,9,9,0,BODY PARTS,EMBLEM,SEG-P3,3600,EMBLEM FITTING FR - SEG-P3,Bodyshop
EMBLEM FITTING RR,998729,1,1728.81,,9,9,0,BODY PARTS,EMBLEM,SEG-P2,2040,EMBLEM FITTING RR - SEG-P2,Bodyshop
EMBLEM PAINTING FR,998729,1,1440.68,,9,9,0,PAINTING SERVICE,EMBLEM PAINT,SEG-P2,1700,EMBLEM PAINTING FR - SEG-P2,Bodyshop
EMBLEM SET O/F,998729,1,364.41,,9,9,0,BODY PARTS,EMBLEM,SEG-P1,430,EMBLEM SET O/F - SEG-P1,Bodyshop
EMBLEM SET PAINTING,998729,1,2500,,9,9,0,PAINTING SERVICE,EMBLEM PAINT,,2950,EMBLEM SET PAINTING - ,Bodyshop
EN POWER O/F,998729,0,372.88,,9,9,0,ELECTRICAL,WIRING REPAIR,,440,EN POWER O/F - ,Mechanical
END COVER O/F,998729,0,1347.46,,9,9,0,BODY PARTS,ENGINE COVER,,1590,END COVER O/F - ,Bodyshop
ENERGY ABSORBER O/F FR,998729,1,720.34,,9,9,0,BODY PARTS,BUMPER BUFFER,SEG-P1,850,ENERGY ABSORBER O/F FR - SEG-P1,Bodyshop
ENGINE BRACKET O/F,998729,0,2872.88,,9,9,0,ENGINE,ENGINE MOUNTING,,3390,ENGINE BRACKET O/F - ,Mechanical
ENGINE BRACKET REPAIR,998729,1,855.93,,9,9,0,BODY PARTS,TIE MEMBER REPAIR,,1010,ENGINE BRACKET REPAIR - ,Bodyshop
ENGINE CHEMICAL WASH,998729,1,1991.53,,9,9,0,LATHE WORK,HEAD REPOWERING,,2350,ENGINE CHEMICAL WASH - ,Mechanical
ENGINE CLEANING,998729,0,932.2,,9,9,0,ENGINE,ENGINE O/F,SEG-P3,1100,ENGINE CLEANING - SEG-P3,Mechanical
ENGINE COVER FITTING,998729,0,0,,9,9,0,BODY PARTS,ENGINE COVER O/F,SEG-P2,0,ENGINE COVER FITTING - SEG-P2,Bodyshop
ENGINE COVER FITTING,998729,0,152.54,,9,9,0,BODY PARTS,ENGINE COVER O/F,SEG-C,180,ENGINE COVER FITTING - SEG-C,Bodyshop
ENGINE COVER PAINTING,998729,1,6254.24,,9,9,0,PAINTING SERVICE,BUMPER GUARD PAINT,,7380,ENGINE COVER PAINTING - ,Bodyshop
ENGINE COVER REPAIR,998729,1,1500,,9,9,0,BODY PARTS,ENGINE COVER O/F,,1770,ENGINE COVER REPAIR - ,Bodyshop
ENGINE GUARD FITTING,998729,1,1440.68,,9,9,0,BODY PARTS,BUMPER GUARD FITTING,,1700,ENGINE GUARD FITTING - ,Bodyshop
ENGINE HOSE O/F,998729,0,423.73,,9,9,0,ENGINE,EGR HOSE,SEG-B,500,ENGINE HOSE O/F - SEG-B,Mechanical
ENGINE LATHE DIAGNOSIS,998729,1,4313.56,,9,9,0,ENGINE,ENGINE O/F,SEG-P3,5090,ENGINE LATHE DIAGNOSIS - SEG-P3,Mechanical
ENGINE MANIFOLD O/F,998729,0,4872.88,,9,9,0,ENGINE,MANIFOLD,SEG-P2,5750,ENGINE MANIFOLD O/F - SEG-P2,Mechanical
ENGINE MOUNTING BOLT O/F,998729,1,450,,9,9,0,ENGINE,MOUNTING O/F,,531,ENGINE MOUNTING BOLT O/F - ,Mechanical
ENGINE MOUNTING O/F,998729,0,669.49,EACH,9,9,0,ENGINE,MOUNTING O/F,SEG-E,790,ENGINE MOUNTING O/F - SEG-E,Mechanical
ENGINE MOUNTING O/F,998729,0,669.49,EACH,9,9,0,ENGINE,MOUNTING O/F,SEG-B,790,ENGINE MOUNTING O/F - SEG-B,Mechanical
ENGINE MOUNTING O/F,998729,0,3169.49,EACH,9,9,0,ENGINE,MOUNTING O/F,SEG-P2,3740,ENGINE MOUNTING O/F - SEG-P2,Mechanical
ENGINE MOUNTING O/F,998729,0,1042.37,EACH,9,9,0,ENGINE,MOUNTING O/F,SEG-D,1230,ENGINE MOUNTING O/F - SEG-D,Mechanical
ENGINE MOUNTING O/F,998729,0,6703.39,EACH,9,9,0,ENGINE,MOUNTING O/F,SEG-P4,7910,ENGINE MOUNTING O/F - SEG-P4,Mechanical
ENGINE MOUNTING O/F,998729,0,3652.54,EACH,9,9,0,ENGINE,MOUNTING O/F,SEG-P3,4310,ENGINE MOUNTING O/F - SEG-P3,Mechanical
ENGINE MOUNTING O/F,998729,0,1466.1,EACH,9,9,0,ENGINE,MOUNTING O/F,SEG-F,1730,ENGINE MOUNTING O/F - SEG-F,Mechanical
ENGINE MOUNTING O/F,998729,0,669.49,EACH,9,9,0,ENGINE,MOUNTING O/F,SEG-C,790,ENGINE MOUNTING O/F - SEG-C,Mechanical
ENGINE MOUNTING O/F,998729,0,550.85,EACH,9,9,0,ENGINE,MOUNTING O/F,SEG-A,650,ENGINE MOUNTING O/F - SEG-A,Mechanical
ENGINE MOUNTING O/F,998729,0,3169.49,EACH,9,9,0,ENGINE,MOUNTING O/F,SEG-P1,3740,ENGINE MOUNTING O/F - SEG-P1,Mechanical
ENGINE O/F,998729,0,2923.73,,9,9,0,ENGINE,ENGINE O/F,SEG-A,3450,ENGINE O/F - SEG-A,Mechanical
ENGINE O/F,998729,0,3652.54,,9,9,0,ENGINE,ENGINE O/F,SEG-B,4310,ENGINE O/F - SEG-B,Mechanical
ENGINE O/F,998729,0,4271.19,,9,9,0,ENGINE,ENGINE O/F,SEG-C,5040,ENGINE O/F - SEG-C,Mechanical
ENGINE O/F,998729,0,5491.53,,9,9,0,ENGINE,ENGINE O/F,SEG-D,6480,ENGINE O/F - SEG-D,Mechanical
ENGINE O/F,998729,0,7923.73,,9,9,0,ENGINE,ENGINE O/F,SEG-F,9350,ENGINE O/F - SEG-F,Mechanical
ENGINE O/F,998729,0,14618.64,,9,9,0,ENGINE,ENGINE O/F,SEG-P1,17250,ENGINE O/F - SEG-P1,Mechanical
ENGINE O/F,998729,0,17059.32,,9,9,0,ENGINE,ENGINE O/F,SEG-P2,20130,ENGINE O/F - SEG-P2,Mechanical
ENGINE O/F,998729,0,20711.86,,9,9,0,ENGINE,ENGINE O/F,SEG-P3,24440,ENGINE O/F - SEG-P3,Mechanical
ENGINE O/F,998729,0,6093.22,,9,9,0,ENGINE,ENGINE O/F,SEG-E,7190,ENGINE O/F - SEG-E,Mechanical
ENGINE O/F,998729,0,30457.63,,9,9,0,ENGINE,ENGINE O/F,SEG-P4,35940,ENGINE O/F - SEG-P4,Mechanical
ENGINE OIL COOLER O/F,998729,0,3542.37,,9,9,0,ENGINE,ENGINE OIL COOLER O/F,SEG-D,4180,ENGINE OIL COOLER O/F - SEG-D,Mechanical
ENGINE OIL COOLER O/F,998729,0,2923.73,,9,9,0,ENGINE,ENGINE OIL COOLER O/F,SEG-B,3450,ENGINE OIL COOLER O/F - SEG-B,Mechanical
ENGINE OIL COOLER O/F,998729,0,3652.54,,9,9,0,ENGINE,ENGINE OIL COOLER O/F,SEG-E,4310,ENGINE OIL COOLER O/F - SEG-E,Mechanical
ENGINE OIL COOLER O/F,998729,0,4271.19,,9,9,0,ENGINE,ENGINE OIL COOLER O/F,SEG-F,5040,ENGINE OIL COOLER O/F - SEG-F,Mechanical
ENGINE OIL COOLER O/F,998729,0,4271.19,,9,9,0,ENGINE,ENGINE OIL COOLER O/F,SEG-P1,5040,ENGINE OIL COOLER O/F - SEG-P1,Mechanical
ENGINE OIL COOLER O/F,998729,0,8169.49,,9,9,0,ENGINE,ENGINE OIL COOLER O/F,SEG-P4,9640,ENGINE OIL COOLER O/F - SEG-P4,Mechanical
ENGINE OIL COOLER O/F,998729,0,9500,,9,9,0,ENGINE,ENGINE OIL COOLER O/F,SEG-P3,11210,ENGINE OIL COOLER O/F - SEG-P3,Mechanical
ENGINE OIL COOLER O/F,998729,0,2923.73,,9,9,0,ENGINE,ENGINE OIL COOLER O/F,SEG-C,3450,ENGINE OIL COOLER O/F - SEG-C,Mechanical
ENGINE OIL COOLER O/F,998729,0,5728.81,,9,9,0,ENGINE,ENGINE OIL COOLER O/F,SEG-P2,6760,ENGINE OIL COOLER O/F - SEG-P2,Mechanical
ENGINE OIL DRAIN AND REFILL,998729,0,1525.42,,9,9,0,LUBRICANT,ENGINE OIL SYNTHETIC,COMMON,1800,ENGINE OIL DRAIN AND REFILL - COMMON,Mechanical
ENGINE OIL REPLACE,998729,0,423.73,,9,9,0,LUBRICANT,OIL CHANGE,SEG-E,500,ENGINE OIL REPLACE - SEG-E,Mechanical
ENGINE OIL REPLACE,998729,0,1347.46,,9,9,0,LUBRICANT,OIL CHANGE,SEG-P4,1590,ENGINE OIL REPLACE - SEG-P4,Mechanical
ENGINE OIL REPLACE,998729,0,372.88,,9,9,0,LUBRICANT,OIL CHANGE,SEG-B,440,ENGINE OIL REPLACE - SEG-B,Mechanical
ENGINE OIL REPLACE,998729,0,669.49,,9,9,0,LUBRICANT,OIL CHANGE,SEG-F,790,ENGINE OIL REPLACE - SEG-F,Mechanical
ENGINE OIL REPLACE,998729,0,245.76,,9,9,0,LUBRICANT,OIL CHANGE,SEG-A,290,ENGINE OIL REPLACE - SEG-A,Mechanical
ENGINE OIL REPLACE,998729,0,372.88,,9,9,0,LUBRICANT,OIL CHANGE,SEG-C,440,ENGINE OIL REPLACE - SEG-C,Mechanical
ENGINE OIL REPLACE,998729,0,550.85,,9,9,0,LUBRICANT,OIL CHANGE,SEG-D,650,ENGINE OIL REPLACE - SEG-D,Mechanical
ENGINE OIL REPLACE,998729,0,974.58,,9,9,0,LUBRICANT,OIL CHANGE,SEG-P1,1150,ENGINE OIL REPLACE - SEG-P1,Mechanical
ENGINE OIL REPLACE,998729,0,1101.7,,9,9,0,LUBRICANT,OIL CHANGE,SEG-P2,1300,ENGINE OIL REPLACE - SEG-P2,Mechanical
ENGINE OIL REPLACE,998729,0,1220.34,,9,9,0,LUBRICANT,OIL CHANGE,SEG-P3,1440,ENGINE OIL REPLACE - SEG-P3,Mechanical
ENGINE OVERHAUL,998729,0,19491.53,ENGINE O/F EXTRA,9,9,0,ENGINE,ENGINE O/F,SEG-E,23000,ENGINE OVERHAUL - SEG-E,Mechanical
ENGINE OVERHAUL,998729,0,60915.25,ENGINE O/F EXTRA,9,9,0,ENGINE,ENGINE O/F,SEG-P4,71880,ENGINE OVERHAUL - SEG-P4,Mechanical
ENGINE OVERHAUL,998729,0,8525.42,ENGINE O/F EXTRA,9,9,0,ENGINE,ENGINE O/H,SEG-A,10060,ENGINE OVERHAUL - SEG-A,Mechanical
ENGINE OVERHAUL,998729,0,14618.64,ENGINE O/F EXTRA,9,9,0,ENGINE,ENGINE O/H,SEG-B,17250,ENGINE OVERHAUL - SEG-B,Mechanical
ENGINE OVERHAUL,998729,0,14618.64,ENGINE O/F EXTRA,9,9,0,ENGINE,ENGINE O/H,SEG-C,17250,ENGINE OVERHAUL - SEG-C,Mechanical
ENGINE OVERHAUL,998729,0,19491.53,ENGINE O/F EXTRA,9,9,0,ENGINE,ENGINE O/H,SEG-D,23000,ENGINE OVERHAUL - SEG-D,Mechanical
ENGINE OVERHAUL,998729,0,24364.41,ENGINE O/F EXTRA,9,9,0,ENGINE,ENGINE O/H,SEG-F,28750,ENGINE OVERHAUL - SEG-F,Mechanical
ENGINE OVERHAUL,998729,0,36550.85,ENGINE O/F EXTRA,9,9,0,ENGINE,ENGINE O/H,SEG-P1,43130,ENGINE OVERHAUL - SEG-P1,Mechanical
ENGINE OVERHAUL,998729,0,42635.59,ENGINE O/F EXTRA,9,9,0,ENGINE,ENGINE O/H,SEG-P2,50310,ENGINE OVERHAUL - SEG-P2,Mechanical
ENGINE OVERHAUL,998729,0,48728.81,ENGINE O/F EXTRA,9,9,0,ENGINE,ENGINE O/H,SEG-P3,57500,ENGINE OVERHAUL - SEG-P3,Mechanical
ENGINE REPOWERING ,998729,1,5754.24,,9,9,0,LATHE WORK,ENGINE REPOWERING,SEG-P1,6790,ENGINE REPOWERING  - SEG-P1,Mechanical
ENGINE REPOWERING ,998729,1,21940.68,,9,9,0,LATHE WORK,ENGINE REPOWERING,SEG-P2,25890,ENGINE REPOWERING  - SEG-P2,Mechanical
ENGINE ROOM PAINTING,998729,1,4313.56,,9,9,0,PAINTING SERVICE,ENGINE ROOM PAINT,SEG-F,5090,ENGINE ROOM PAINTING - SEG-F,Bodyshop
ENGINE SERVICING/PAINTING,998729,1,2500,,9,9,0,PAINTING SERVICE,FENDER PAINT,SEG-A,2950,ENGINE SERVICING/PAINTING - SEG-A,Bodyshop
ENGINE SIDE ALUMINIUM SHEET FITTING,998729,1,3881.36,,9,9,0,BODY PARTS,SOUND ABSORBER,,4580,ENGINE SIDE ALUMINIUM SHEET FITTING - ,Bodyshop
ENGINE TUNE-UP,998729,0,0,,9,9,0,GENERAL SERVICE,GENERAL CHECK UP,SEG-A,0,ENGINE TUNE-UP - SEG-A,Mechanical
ENGINE TUNE-UP,998729,0,0,,9,9,0,GENERAL SERVICE,GENERAL CHECK UP,SEG-B,0,ENGINE TUNE-UP - SEG-B,Mechanical
ENGINE TUNE-UP,998729,0,0,,9,9,0,GENERAL SERVICE,GENERAL CHECK UP,SEG-C,0,ENGINE TUNE-UP - SEG-C,Mechanical
ENGINE TUNE-UP,998729,0,0,,9,9,0,GENERAL SERVICE,GENERAL CHECK UP,SEG-D,0,ENGINE TUNE-UP - SEG-D,Mechanical
ENGINE TUNE-UP,998729,0,0,,9,9,0,GENERAL SERVICE,GENERAL CHECK UP,SEG-SUV,0,ENGINE TUNE-UP - SEG-SUV,Mechanical
ENGINE TUNE-UP,998729,0,0,,9,9,0,GENERAL SERVICE,GENERAL CHECK UP,SEG-P1,0,ENGINE TUNE-UP - SEG-P1,Mechanical
ENGINE TUNE-UP,998729,0,0,,9,9,0,GENERAL SERVICE,GENERAL CHECK UP,SEG-P2,0,ENGINE TUNE-UP - SEG-P2,Mechanical
ENGINE TUNE-UP,998729,0,0,,9,9,0,GENERAL SERVICE,GENERAL CHECK UP,SEG-P3,0,ENGINE TUNE-UP - SEG-P3,Mechanical
EPS MODULE CODING,998729,1,3127.12,,9,9,0,SCANNING SERVICE,CODING,,3690,EPS MODULE CODING - ,Mechanical
EPS MODULE REPAIR,998729,0,1440.68,,9,9,0,STEERING SYSTEM,EPS MOTOR,,1700,EPS MODULE REPAIR - ,Mechanical
EPS MOTOR O/F,998729,0,2440.68,,9,9,0,STEERING SYSTEM,EPS MOTOR,SEG-B,2880,EPS MOTOR O/F - SEG-B,Mechanical
ESL CODING LOCK & UNLOCK,998729,1,25881.36,,9,9,0,SCANNING SERVICE,CODING,SEG-P2,30540,ESL CODING LOCK & UNLOCK - SEG-P2,Mechanical
ESL REPAIR,998729,1,64694.92,,9,9,0,ELECTRICAL,WIRING REPAIR,SEG-P1,76340,ESL REPAIR - SEG-P1,Mechanical
ESTIMATION CHARGE,998729,0,2118.64,,9,9,0,GENERAL SERVICE,ESTIMATE CHARGE,COMMON,2500,ESTIMATION CHARGE - COMMON,Mechanical
EXHAUST MANIFOLD COVER O/F,998729,0,288.14,,9,9,0,ENGINE,SILENCER,SEG-F,340,EXHAUST MANIFOLD COVER O/F - SEG-F,Mechanical
EXHAUST MANIFOLD INSTALLATION & WIRING,998729,0,720.34,,9,9,0,ELECTRICAL,WIRING REPAIR,SEG-P3,850,EXHAUST MANIFOLD INSTALLATION & WIRING - SEG-P3,Mechanical
EXHAUST MANIFOLD O/F,998729,0,5033.9,,9,9,0,ENGINE,MANIFOLD,SEG-P3,5940,EXHAUST MANIFOLD O/F - SEG-P3,Mechanical
EXHAUST MANIFOLD WELDING,998729,0,720.34,,9,9,0,BODY PARTS,SILENCER WELDING,SEG-P3,850,EXHAUST MANIFOLD WELDING - SEG-P3,Bodyshop
EXHAUST PRESSURE SENSOR,998729,0,1000,,9,9,0,ELECTRICAL,SENSOR O/F,,1180,EXHAUST PRESSURE SENSOR - ,Mechanical
EXHAUST WORK,998719,1,55347.46,,9,9,0,ENGINE,SILENCER O/F,,65310,EXHAUST WORK - ,Mechanical
EXHAUSTFLAP MOTOR O/F,998729,1,3500,,9,9,0,ENGINE,SILENCER PKG,,4130,EXHAUSTFLAP MOTOR O/F - ,Mechanical
EXPANSION RESERVOIR O/F,998729,0,2872.88,,9,9,0,BRAKE,BRAKE SENSOR,SEG-P3,3390,EXPANSION RESERVOIR O/F - SEG-P3,Mechanical
EXPANSION VALVE O/F,998729,0,728.81,,9,9,0,AIR CONDITIONER,AC COMPRESSOR VALVE,SEG-SUV,860,EXPANSION VALVE O/F - SEG-SUV,Mechanical
EZS KEY CODING,998729,1,43127.12,,9,9,0,SCANNING SERVICE,CODING,SEG-P3,50890,EZS KEY CODING - SEG-P3,Mechanical
EZS KEY CODING,998729,1,35940.68,,9,9,0,SCANNING SERVICE,CODING,SEG-P2,42410,EZS KEY CODING - SEG-P2,Mechanical
EZS O/F,998729,0,1220.34,,9,9,0,ELECTRICAL,WIRING REPAIR,SEG-P2,1440,EZS O/F - SEG-P2,Mechanical
EZS REPAIR,998729,1,43127.12,,9,9,0,ELECTRICAL,WIRING REPAIR,SEG-P3,50890,EZS REPAIR - SEG-P3,Mechanical
EZS SERVICE,998729,1,43127.12,,9,9,0,ELECTRICAL,WIRING REPAIR,SEG-P3,50890,EZS SERVICE - SEG-P3,Mechanical
EZS SOFTWARE UPDATE,998729,1,54822.03,,9,9,0,ELECTRICAL,EZS CODING,,64690,EZS SOFTWARE UPDATE - ,Mechanical
FAN REGULATOR O/F,998729,0,2872.88,,9,9,0,ELECTRICAL,HEAD LIGHT MODULE,SEG-P3,3390,FAN REGULATOR O/F - SEG-P3,Mechanical
FAN SHROUD O/F,998729,0,211.86,,9,9,0,ENGINE COOLING,RADIATOR O/F,SEG-SUV,250,FAN SHROUD O/F - SEG-SUV,Mechanical
FAN SHROUD O/F,998729,0,211.86,,9,9,0,ENGINE COOLING,RADIATOR O/F,SEG-B,250,FAN SHROUD O/F - SEG-B,Mechanical
FEM MODULE CODING,998729,1,43127.12,,9,9,0,SCANNING SERVICE,CODING,SEG-P2,50890,FEM MODULE CODING - SEG-P2,Mechanical
FEM MODULE REPAIR,998729,0,10788.14,,9,9,0,ELECTRICAL,ECM REPAIR,SEG-P2,12730,FEM MODULE REPAIR - SEG-P2,Mechanical
FENDER APRON MEMBER O/F LH,998729,0,720.34,,9,9,0,BODY PARTS,FENDER,SEG-B,850,FENDER APRON MEMBER O/F LH - SEG-B,Bodyshop
FENDER APRON MEMBER REPAIR LH,998729,1,2872.88,,9,9,0,BODY PARTS,APRON REPAIR,SEG-C,3390,FENDER APRON MEMBER REPAIR LH - SEG-C,Bodyshop
FENDER APRON MEMBER REPAIR RH,998729,1,2872.88,,9,9,0,BODY PARTS,APRON REPAIR,SEG-C,3390,FENDER APRON MEMBER REPAIR RH - SEG-C,Bodyshop
FENDER APRON O/F FR LH,998729,1,618.64,,9,9,0,BODY PARTS,FENDER O/F,SEG-SUV,730,FENDER APRON O/F FR LH - SEG-SUV,Bodyshop
FENDER APRON O/F FR RH,998729,1,2016.95,,9,9,0,BODY PARTS,APRON REPAIR,SEG-F,2380,FENDER APRON O/F FR RH - SEG-F,Bodyshop
FENDER APRON PAINTING FR LH,998729,1,2161.02,,9,9,0,PAINTING SERVICE,APRON PAINT,SEG-C,2550,FENDER APRON PAINTING FR LH - SEG-C,Bodyshop
FENDER APRON PAINTING FR RH,998729,1,0,,9,9,0,PAINTING SERVICE,APRON PAINT,SEG-C,0,FENDER APRON PAINTING FR RH - SEG-C,Bodyshop
FENDER APRON PAINTING FR RH,998729,1,0,,9,9,0,PAINTING SERVICE,APRON PAINT,SEG-D,0,FENDER APRON PAINTING FR RH - SEG-D,Bodyshop
FENDER APRON REPAIR FR LH,998729,1,3593.22,,9,9,0,BODY PARTS,APRON REPAIR,SEG-P1,4240,FENDER APRON REPAIR FR LH - SEG-P1,Bodyshop
FENDER APRON REPAIR FR LH,998729,1,1084.75,,9,9,0,BODY PARTS,APRON REPAIR,SEG-B,1280,FENDER APRON REPAIR FR LH - SEG-B,Bodyshop
FENDER APRON REPAIR FR LH,998729,1,576.27,,9,9,0,BODY PARTS,APRON REPAIR,SEG-B,680,FENDER APRON REPAIR FR LH - SEG-B,Bodyshop
FENDER APRON REPAIR FR RH,998729,1,1194.92,,9,9,0,BODY PARTS,APRON REPAIR,SEG-D,1410,FENDER APRON REPAIR FR RH - SEG-D,Bodyshop
FENDER APRON REPAIR FR RH,998729,1,2872.88,,9,9,0,BODY PARTS,APRON REPAIR,SEG-P1,3390,FENDER APRON REPAIR FR RH - SEG-P1,Bodyshop
FENDER APRON REPAIR FR RH,998729,1,1084.75,,9,9,0,BODY PARTS,APRON REPAIR,SEG-B,1280,FENDER APRON REPAIR FR RH - SEG-B,Bodyshop
FENDER APRON REPAIR FR RH,998729,1,2161.02,,9,9,0,BODY PARTS,APRON REPAIR,SEG-D,2550,FENDER APRON REPAIR FR RH - SEG-D,Bodyshop
FENDER APRON REPAIR FR RH,998729,1,932.2,,9,9,0,BODY PARTS,APRON REPAIR,SEG-SUV,1100,FENDER APRON REPAIR FR RH - SEG-SUV,Bodyshop
FENDER BEZEL O/F LH,998729,0,1440.68,,9,9,0,BODY PARTS,FENDER BRACKET,SEG-P3,1700,FENDER BEZEL O/F LH - SEG-P3,Bodyshop
FENDER BEZEL O/F RH,998729,0,1440.68,,9,9,0,BODY PARTS,FENDER BRACKET,SEG-P3,1700,FENDER BEZEL O/F RH - SEG-P3,Bodyshop
FENDER BEZEL PAINTING LH,998729,1,720.34,,9,9,0,PAINTING SERVICE,FENDER PAINT,SEG-P2,850,FENDER BEZEL PAINTING LH - SEG-P2,Bodyshop
FENDER BEZEL PAINTING LH,998729,1,288.14,,9,9,0,PAINTING SERVICE,FOG LIGHT BEZEL PAINT,SEG-P2,340,FENDER BEZEL PAINTING LH - SEG-P2,Bodyshop
FENDER BEZEL PAINTING RH,998729,1,288.14,,9,9,0,PAINTING SERVICE,FOG LIGHT BEZEL PAINT,SEG-P2,340,FENDER BEZEL PAINTING RH - SEG-P2,Bodyshop
FENDER BEZEL PAINTING RH,998729,1,720.34,,9,9,0,PAINTING SERVICE,FENDER PAINT,SEG-P2,850,FENDER BEZEL PAINTING RH - SEG-P2,Bodyshop
FENDER BRACKET REPAIR LH,998729,1,364.41,,9,9,0,BODY PARTS,FENDER BRACKET O/F,SEG-SUV,430,FENDER BRACKET REPAIR LH - SEG-SUV,Bodyshop
FENDER BRACKET REPAIR RH,998729,1,855.93,,9,9,0,BODY PARTS,FENDER REPAIR,SEG-E,1010,FENDER BRACKET REPAIR RH - SEG-E,Bodyshop
FENDER CLADDING O/F LH,998729,1,364.41,,9,9,0,BODY PARTS,BODY CLADDING,SEG-P1,430,FENDER CLADDING O/F LH - SEG-P1,Bodyshop
FENDER CLADDING O/F RH,998729,1,364.41,,9,9,0,BODY PARTS,BODY CLADDING,SEG-P1,430,FENDER CLADDING O/F RH - SEG-P1,Bodyshop
FENDER GARNISH O/F LH,998729,1,211.86,,9,9,0,BODY PARTS,BONET GARNISH,SEG-P1,250,FENDER GARNISH O/F LH - SEG-P1,Bodyshop
FENDER GARNISH O/F RH,998729,1,211.86,,9,9,0,BODY PARTS,BONET GARNISH,SEG-P1,250,FENDER GARNISH O/F RH - SEG-P1,Bodyshop
FENDER LIGHT BEZEL PAINTING,998729,1,1440.68,,9,9,0,PAINTING SERVICE,FOG LIGHT BEZEL PAINT,,1700,FENDER LIGHT BEZEL PAINTING - ,Bodyshop
FENDER LIGHT O/F,998729,1,720.34,,9,9,0,ELECTRICAL,FENDER LIGHT,,850,FENDER LIGHT O/F - ,Mechanical
FENDER LINING O/F FR LH,998729,1,211.86,,9,9,0,BODY PARTS,FENDER LINING O/F,SEG-B,250,FENDER LINING O/F FR LH - SEG-B,Bodyshop
FENDER LINING O/F FR LH,998729,1,76.27,,9,9,0,BODY PARTS,FENDER LINING O/F,SEG;-SUV,90,FENDER LINING O/F FR LH - SEG;-SUV,Bodyshop
FENDER LINING O/F FR LH,998729,1,211.86,,9,9,0,BODY PARTS,FENDER LINING O/F,SEG-P2,250,FENDER LINING O/F FR LH - SEG-P2,Bodyshop
FENDER LINING O/F FR RH,998729,1,211.86,,9,9,0,BODY PARTS,FENDER LINING O/F,SEG-P2,250,FENDER LINING O/F FR RH - SEG-P2,Bodyshop
FENDER LINING O/F FR RH,998729,1,211.86,,9,9,0,BODY PARTS,FENDER LINING O/F,SEG-B,250,FENDER LINING O/F FR RH - SEG-B,Bodyshop
FENDER LINING O/F FR RH,998729,1,211.86,,9,9,0,BODY PARTS,FENDER LINING O/F,SEG-SUV,250,FENDER LINING O/F FR RH - SEG-SUV,Bodyshop
FENDER MOULDING  PAINTING RH,998729,1,2872.88,,9,9,0,BODY PARTS,RUNING BORDER MOULDING,SEG-SUV,3390,FENDER MOULDING  PAINTING RH - SEG-SUV,Bodyshop
FENDER MOULDING O/F,998729,1,720.34,,9,9,0,BODY PARTS,MOULDING O/F,SEG-SUV,850,FENDER MOULDING O/F - SEG-SUV,Bodyshop
FENDER MOULDING O/F LH,998729,1,1084.75,,9,9,0,BODY PARTS,MOULDING O/F,SEG-P1,1280,FENDER MOULDING O/F LH - SEG-P1,Bodyshop
FENDER MOULDING O/F LH,998729,1,508.48,,9,9,0,BODY PARTS,MOULDING O/F,SEG-D,600,FENDER MOULDING O/F LH - SEG-D,Bodyshop
FENDER MOULDING O/F RH,998729,1,1084.75,,9,9,0,BODY PARTS,MOULDING O/F,SEG-P1,1280,FENDER MOULDING O/F RH - SEG-P1,Bodyshop
FENDER MOULDING O/F RH,998729,1,720.34,,9,9,0,BODY PARTS,RUNING BORDER MOULDING,SEG-SUV,850,FENDER MOULDING O/F RH - SEG-SUV,Bodyshop
FENDER MOULDING O/F RH ,998729,1,508.48,,9,9,0,BODY PARTS,FENDER LINING O/F,SEG-C,600,FENDER MOULDING O/F RH  - SEG-C,Bodyshop
FENDER MOULDING PAINTING LH,998729,1,2161.02,,9,9,0,PAINTING SERVICE,MOULDING PAINT,SEG-P1,2550,FENDER MOULDING PAINTING LH - SEG-P1,Bodyshop
FENDER MOULDING PAINTING LH,998729,1,2161.02,,9,9,0,PAINTING SERVICE,MOULDING PAINT,SEG-D,2550,FENDER MOULDING PAINTING LH - SEG-D,Bodyshop
FENDER MOULDING PAINTING LH,998729,1,0,,9,9,0,PAINTING SERVICE,MOULDING PAINT,SEG-SUV,0,FENDER MOULDING PAINTING LH - SEG-SUV,Bodyshop
FENDER MOULDING PAINTING RH,998729,1,2161.02,,9,9,0,PAINTING SERVICE,MOULDING PAINT,SEG-D,2550,FENDER MOULDING PAINTING RH - SEG-D,Bodyshop
FENDER MOULDING PAINTING RH,998729,1,0,,9,9,0,PAINTING SERVICE,MOULDING PAINT,SEG-SUV,0,FENDER MOULDING PAINTING RH - SEG-SUV,Bodyshop
FENDER MOULDING PAINTING RH,998729,1,0,,9,9,0,PAINTING SERVICE,MOULDING PAINT,SEG-P1,0,FENDER MOULDING PAINTING RH - SEG-P1,Bodyshop
FENDER MOULDING REPAIR LH,998729,1,720.34,,9,9,0,BODY PARTS,MOULDING O/F,SEG-P1,850,FENDER MOULDING REPAIR LH - SEG-P1,Bodyshop
FENDER MOULDING REPAIR RH,998729,1,508.48,,9,9,0,BODY PARTS,MOULDING O/F,SEG-P2,600,FENDER MOULDING REPAIR RH - SEG-P2,Bodyshop
FENDER O/F LH,998729,1,364.41,,9,9,0,BODY PARTS,FENDER O/F,SEG-C,430,FENDER O/F LH - SEG-C,Bodyshop
FENDER O/F LH,998729,1,508.48,,9,9,0,BODY PARTS,FENDER O/F,SEG-B,600,FENDER O/F LH - SEG-B,Bodyshop
FENDER O/F LH,998729,1,796.61,,9,9,0,BODY PARTS,FENDER O/F,SEG;-SUV,940,FENDER O/F LH - SEG;-SUV,Bodyshop
FENDER O/F LH,998729,1,288.14,,9,9,0,BODY PARTS,FENDER O/F,SEG-D,340,FENDER O/F LH - SEG-D,Bodyshop
FENDER O/F RH,998729,1,288.14,,9,9,0,BODY PARTS,FENDER O/F,SEG-D,340,FENDER O/F RH - SEG-D,Bodyshop
FENDER O/F RH,998729,1,644.07,,9,9,0,BODY PARTS,FENDER O/F,SEG-P1,760,FENDER O/F RH - SEG-P1,Bodyshop
FENDER O/F RH,998729,1,1601.7,,9,9,0,BODY PARTS,FENDER O/F,SEG-SUV,1890,FENDER O/F RH - SEG-SUV,Bodyshop
FENDER O/F RH,998729,1,432.2,,9,9,0,BODY PARTS,FENDER O/F,SEG-SUV,510,FENDER O/F RH - SEG-SUV,Bodyshop
FENDER O/F RH,998729,1,211.86,,9,9,0,BODY PARTS,FENDER O/F,SEG-C,250,FENDER O/F RH - SEG-C,Bodyshop
FENDER O/F RH,998729,1,211.86,,9,9,0,BODY PARTS,FENDER O/F,SEG-B,250,FENDER O/F RH - SEG-B,Bodyshop
FENDER PAINTING FR LH,998729,1,5033.9,,9,9,0,PAINTING SERVICE,FENDER PAINT,SEG-B,5940,FENDER PAINTING FR LH - SEG-B,Bodyshop
FENDER PAINTING FR LH,998729,1,0,,9,9,0,PAINTING SERVICE,FENDER PAINT,SEG-P1,0,FENDER PAINTING FR LH - SEG-P1,Bodyshop
FENDER PAINTING FR LH,998729,1,8627.12,,9,9,0,PAINTING SERVICE,FENDER PAINT,JAGUAR-XF,10180,FENDER PAINTING FR LH - JAGUAR-XF,Bodyshop
FENDER PAINTING FR LH ,998729,1,7194.92,,9,9,0,PAINTING SERVICE,FENDER PAINT,SEG-D,8490,FENDER PAINTING FR LH  - SEG-D,Bodyshop
FENDER PAINTING FR LH,998729,1,5466.1,,9,9,0,PAINTING SERVICE,FENDER PAINT,SEG-C,6450,FENDER PAINTING FR LH - SEG-C,Bodyshop
FENDER PAINTING FR LH,998729,1,0,,9,9,0,PAINTING SERVICE,FENDER PAINT,SEG-P2,0,FENDER PAINTING FR LH - SEG-P2,Bodyshop
FENDER PAINTING FR LH,998729,1,3694.92,,9,9,0,PAINTING SERVICE,FENDER PAINT,SEG-A,4360,FENDER PAINTING FR LH - SEG-A,Bodyshop
FENDER PAINTING FR LH,998729,1,7906.78,,9,9,0,PAINTING SERVICE,FENDER PAINT,SEG-P3,9330,FENDER PAINTING FR LH - SEG-P3,Bodyshop
FENDER PAINTING FR LH,998729,1,0,,9,9,0,PAINTING SERVICE,FENDER PAINT,SEG-SUV,0,FENDER PAINTING FR LH - SEG-SUV,Bodyshop
FENDER PAINTING FR RH,998729,1,6474.58,,9,9,0,PAINTING SERVICE,FENDER PAINT,SEG-C,7640,FENDER PAINTING FR RH - SEG-C,Bodyshop
FENDER PAINTING FR RH,998729,1,7906.78,,9,9,0,PAINTING SERVICE,FENDER PAINT,SEG-A,9330,FENDER PAINTING FR RH - SEG-A,Bodyshop
FENDER PAINTING FR RH,998729,1,0,,9,9,0,PAINTING SERVICE,FENDER PAINT,SEG-P2,0,FENDER PAINTING FR RH - SEG-P2,Bodyshop
FENDER PAINTING FR RH ,998729,1,3500,,9,9,0,PAINTING SERVICE,FENDER PAINT,SEG-P1,4130,FENDER PAINTING FR RH  - SEG-P1,Bodyshop
FENDER PAINTING FR RH,998729,1,6474.58,,9,9,0,PAINTING SERVICE,FENDER PAINT,SEG-P3,7640,FENDER PAINTING FR RH - SEG-P3,Bodyshop
FENDER PAINTING FR RH,998729,1,7906.78,,9,9,0,PAINTING SERVICE,FENDER PAINT,SEG-SUV,9330,FENDER PAINTING FR RH - SEG-SUV,Bodyshop
FENDER PAINTING FR RH,998729,1,4601.7,,9,9,0,PAINTING SERVICE,FENDER PAINT,SEG-D,5430,FENDER PAINTING FR RH - SEG-D,Bodyshop
FENDER PAINTING FR RH,998729,1,5033.9,,9,9,0,PAINTING SERVICE,FENDER PAINT,SEG-B,5940,FENDER PAINTING FR RH - SEG-B,Bodyshop
FENDER REPAIR FR LH,998729,1,796.61,,9,9,0,BODY PARTS,FENDER REPAIR,SEG-SUV,940,FENDER REPAIR FR LH - SEG-SUV,Bodyshop
FENDER REPAIR FR LH,998729,1,2872.88,,9,9,0,BODY PARTS,FENDER REPAIR,SEG-P2,3390,FENDER REPAIR FR LH - SEG-P2,Bodyshop
FENDER REPAIR FR LH,998729,1,508.48,,9,9,0,BODY PARTS,FENDER REPAIR,SEG-P3,600,FENDER REPAIR FR LH - SEG-P3,Bodyshop
FENDER REPAIR FR LH,998729,1,720.34,,9,9,0,BODY PARTS,FENDER REPAIR,SEG-C,850,FENDER REPAIR FR LH - SEG-C,Bodyshop
FENDER REPAIR FR LH,998729,1,720.34,,9,9,0,BODY PARTS,FENDER REPAIR,SEG-C,850,FENDER REPAIR FR LH - SEG-C,Bodyshop
FENDER REPAIR FR LH,998729,1,644.07,,9,9,0,BODY PARTS,FENDER REPAIR,SEG-B,760,FENDER REPAIR FR LH - SEG-B,Bodyshop
FENDER REPAIR FR LH,998729,1,796.61,,9,9,0,BODY PARTS,FENDER REPAIR,SEG-D,940,FENDER REPAIR FR LH - SEG-D,Bodyshop
FENDER REPAIR FR LH,998729,1,2161.02,,9,9,0,BODY PARTS,FENDER REPAIR,SEG-P1,2550,FENDER REPAIR FR LH - SEG-P1,Bodyshop
FENDER REPAIR FR LH,998729,1,576.27,,9,9,0,BODY PARTS,FENDER REPAIR,SEG-A,680,FENDER REPAIR FR LH - SEG-A,Bodyshop
FENDER REPAIR FR RH ,998729,1,1008.48,,9,9,0,BODY PARTS,FENDER REPAIR,SEG-SUV,1190,FENDER REPAIR FR RH  - SEG-SUV,Bodyshop
FENDER REPAIR FR RH ,998729,1,1440.68,,9,9,0,BODY PARTS,FENDER REPAIR,SEG-D,1700,FENDER REPAIR FR RH  - SEG-D,Bodyshop
FENDER REPAIR FR RH ,998729,1,432.2,,9,9,0,BODY PARTS,FENDER REPAIR,SEG-B,510,FENDER REPAIR FR RH  - SEG-B,Bodyshop
FENDER REPAIR FR RH ,998729,1,1440.68,,9,9,0,BODY PARTS,FENDER REPAIR,SEG-D,1700,FENDER REPAIR FR RH  - SEG-D,Bodyshop
FENDER REPAIR FR RH,998729,1,1220.34,,9,9,0,BODY PARTS,FENDER REPAIR,SEG-P2,1440,FENDER REPAIR FR RH - SEG-P2,Bodyshop
FENDER REPAIR FR RH,998729,1,796.61,,9,9,0,BODY PARTS,FENDER REPAIR,SEG-B,940,FENDER REPAIR FR RH - SEG-B,Bodyshop
FENDER REPAIR FR RH,998729,1,932.2,,9,9,0,BODY PARTS,FENDER REPAIR,SEG-P3,1100,FENDER REPAIR FR RH - SEG-P3,Bodyshop
FENDER REPAIR FR RH ,998729,1,1152.54,,9,9,0,BODY PARTS,FENDER REPAIR,SEG-SUV,1360,FENDER REPAIR FR RH  - SEG-SUV,Bodyshop
FENDER REPAIR FR RH,998729,1,1440.68,,9,9,0,BODY PARTS,FENDER REPAIR,SEG-C,1700,FENDER REPAIR FR RH - SEG-C,Bodyshop
FENDER REPAIR FR RH,998729,1,720.34,,9,9,0,BODY PARTS,FENDER REPAIR,SEG-C,850,FENDER REPAIR FR RH - SEG-C,Bodyshop
FENDER REPAIR FR RH,998729,1,2161.02,,9,9,0,BODY PARTS,FENDER REPAIR,SEG-P1,2550,FENDER REPAIR FR RH - SEG-P1,Bodyshop
FENDER REPAIR FR RH,998729,1,1576.27,,9,9,0,BODY PARTS,FENDER REPAIR,SEG-P3,1860,FENDER REPAIR FR RH - SEG-P3,Bodyshop
FENDER SKIRT O/F FR LH,998729,1,84.75,,9,9,0,BODY PARTS,SKIRT PANEL O/F,SEG-SUV,100,FENDER SKIRT O/F FR LH - SEG-SUV,Bodyshop
FENDER SKIRT O/F FR RH,998729,1,84.75,,9,9,0,BODY PARTS,SKIRT PANEL O/F,SEG-SUV,100,FENDER SKIRT O/F FR RH - SEG-SUV,Bodyshop
FENDER TRIM RECON RH,998729,1,7194.92,,9,9,0,BODY PARTS,FENDER,SEG-P3,8490,FENDER TRIM RECON RH - SEG-P3,Bodyshop
FICT MOTOR O/F,998729,0,305.09,,9,9,0,FUEL SYSTEM,FUEL PUMP MOTOR,SEG-C,360,FICT MOTOR O/F - SEG-C,Mechanical
FILLER O/F RR RH,998729,0,720.34,,9,9,0,BODY PARTS,,SEG-B,850,FILLER O/F RR RH - SEG-B,Bodyshop
FILM REMOVING,998729,1,432.2,,9,9,0,ACCESSORIES,FILM REMOVING,COMMON,510,FILM REMOVING - COMMON,Accessories
FINGER GUARD FITTING,998729,1,372.88,,9,9,0,ACCESSORIES,DOOR GUARD,COMMON,440,FINGER GUARD FITTING - COMMON,Accessories
FIP CALIBRATION,998729,1,2118.64,,9,9,0,SCANNING SERVICE,DIAGNOSTICS,,2500,FIP CALIBRATION - ,Mechanical
FIP CALIBRATION,998729,1,850,,9,9,0,SCANNING SERVICE,CALIBRATION,,1003,FIP CALIBRATION - ,Mechanical
FLAG STAND FITTING,998729,1,3593.22,,9,9,0,ACCESSORIES,FLAG STAND,COMMON,4240,FLAG STAND FITTING - COMMON,Accessories
FLANGE COOLANT O/F,998729,0,1593.22,,9,9,0,ENGINE COOLING,ELBOW,,1880,FLANGE COOLANT O/F - ,Mechanical
FLOOR CARPET & MATTING LAMINATION,998729,0,4533.9,,9,9,0,UPHOLSTERY,MATTING LAMINATION,SEG-B,5350,FLOOR CARPET & MATTING LAMINATION - SEG-B,Mechanical
FLOOR CARPET FITTING,998729,1,2915.25,,9,9,0,ACCESSORIES,FOOT MAT,,3440,FLOOR CARPET FITTING - ,Accessories
FLOOR CARPET O/F,998729,0,2745.76,,9,9,0,BODY PARTS,CARPET O/F,SEG-D,3240,FLOOR CARPET O/F - SEG-D,Bodyshop
FLOOR CARPET O/F,998729,0,2254.24,,9,9,0,BODY PARTS,CARPET O/F,SEG-B,2660,FLOOR CARPET O/F - SEG-B,Bodyshop
FLOOR CARPET O/F,998729,1,1440.68,,9,9,0,BODY PARTS,CARPET O/F,SEG-A,1700,FLOOR CARPET O/F - SEG-A,Bodyshop
FLOOR CARPET O/F,998729,1,2991.53,,9,9,0,BODY PARTS,CARPET O/F,SEG-F,3530,FLOOR CARPET O/F - SEG-F,Bodyshop
FLOOR CARPET O/F,998729,1,3474.58,,9,9,0,BODY PARTS,CARPET O/F,SEG-P1,4100,FLOOR CARPET O/F - SEG-P1,Bodyshop
FLOOR CARPET O/F,998729,1,3720.34,,9,9,0,BODY PARTS,CARPET O/F,SEG-P2,4390,FLOOR CARPET O/F - SEG-P2,Bodyshop
FLOOR CARPET O/F,998729,1,4449.15,,9,9,0,BODY PARTS,CARPET O/F,SEG-P4,5250,FLOOR CARPET O/F - SEG-P4,Bodyshop
FLOOR CARPET O/F,998729,0,4076.27,,9,9,0,BODY PARTS,CARPET O/F,SEG-P3,4810,FLOOR CARPET O/F - SEG-P3,Bodyshop
FLOOR CARPET O/F,998729,0,2254.24,,9,9,0,BODY PARTS,CARPET O/F,SEG-C,2660,FLOOR CARPET O/F - SEG-C,Bodyshop
FLOOR CARPET O/F,998729,1,2254.24,,9,9,0,BODY PARTS,SEAT O/F,SEG-E,2660,FLOOR CARPET O/F - SEG-E,Bodyshop
FLOOR CARPET O/F & CLEANING,998729,1,3779.66,,9,9,0,UPHOLSTERY,FLOOR CLEANING,SEG-P1,4460,FLOOR CARPET O/F & CLEANING - SEG-P1,Bodyshop
FLOOR CARPET O/F & CLEANING,998729,1,2440.68,,9,9,0,UPHOLSTERY,FLOOR CLEANING,SEG-B,2880,FLOOR CARPET O/F & CLEANING - SEG-B,Bodyshop
FLOOR CARPET O/F & CLEANING,998729,1,4025.42,,9,9,0,UPHOLSTERY,FLOOR CLEANING,SEG-P2,4750,FLOOR CARPET O/F & CLEANING - SEG-P2,Bodyshop
FLOOR LAMINATION,998729,1,2161.02,,9,9,0,UPHOLSTERY,CARPET LAMINATION,SEG-SUV,2550,FLOOR LAMINATION - SEG-SUV,Mechanical
FLOOR LAMINATION & TAILGATE MATTING  W/MATERIAL,998729,1,7889.83,,9,9,0,UPHOLSTERY,MATTING LAMINATION,COMMON,9310,FLOOR LAMINATION & TAILGATE MATTING  W/MATERIAL - COMMON,Mechanical
FLOOR O/F RR,998729,1,1220.34,,9,9,0,BODY PARTS,FLOOR PANEL REPAIR,SEG-SUV,1440,FLOOR O/F RR - SEG-SUV,Bodyshop
FLOOR PANEL PAINTING,998729,1,1440.68,,9,9,0,PAINTING SERVICE,TAILGATE PAINT,SEG-B,1700,FLOOR PANEL PAINTING - SEG-B,Bodyshop
FLOOR PANEL REPAIR,998729,1,6220.34,,9,9,0,BODY PARTS,FLOOR PANEL,SEG-F,7340,FLOOR PANEL REPAIR - SEG-F,Bodyshop
FLOOR PANEL REPAIR RR,998729,1,754.24,,9,9,0,BODY PARTS,FLOOR PANEL REPAIR,SEG-C,890,FLOOR PANEL REPAIR RR - SEG-C,Bodyshop
FLOOR REPAIR FR,998729,1,1440.68,,9,9,0,BODY PARTS,FLOOR PANEL REPAIR,SEG-B,1700,FLOOR REPAIR FR - SEG-B,Bodyshop
"FLOOR, DOOR & TAILGATE DAMPING",998729,1,7906.78,,9,9,0,UPHOLSTERY,DOOR TRIM PADDING,SEG-B,9330,"FLOOR, DOOR & TAILGATE DAMPING - SEG-B",Mechanical
FLY WHEEL BEARING O/F,998729,0,576.27,,9,9,0,CLUTCH,FLY WHEEL BEARING,SEG-C,680,FLY WHEEL BEARING O/F - SEG-C,Mechanical
FLY WHEEL O/F,998729,0,3415.25,,9,9,0,CLUTCH,FLY WHEEL O/F,SEG-B,4030,FLY WHEEL O/F - SEG-B,Mechanical
FLY WHEEL O/F,998729,0,3415.25,,9,9,0,CLUTCH,FLY WHEEL O/F,SEG-C,4030,FLY WHEEL O/F - SEG-C,Mechanical
FLY WHEEL O/F,998729,0,4389.83,,9,9,0,CLUTCH,FLY WHEEL O/F,SEG-E,5180,FLY WHEEL O/F - SEG-E,Mechanical
FLY WHEEL O/F,998729,0,5118.64,,9,9,0,CLUTCH,FLY WHEEL O/F,SEG-F,6040,FLY WHEEL O/F - SEG-F,Mechanical
FLY WHEEL O/F,998729,0,7194.92,,9,9,0,CLUTCH,FLY WHEEL O/F,SEG-P1,8490,FLY WHEEL O/F - SEG-P1,Mechanical
FLY WHEEL O/F,998729,0,7923.73,,9,9,0,CLUTCH,FLY WHEEL O/F,SEG-P2,9350,FLY WHEEL O/F - SEG-P2,Mechanical
FLY WHEEL O/F,998729,0,10364.41,,9,9,0,CLUTCH,FLY WHEEL O/F,SEG-P3,12230,FLY WHEEL O/F - SEG-P3,Mechanical
FLY WHEEL O/F,998729,0,12186.44,,9,9,0,CLUTCH,FLY WHEEL O/F,SEG-P4,14380,FLY WHEEL O/F - SEG-P4,Mechanical
FLY WHEEL O/F,998729,0,5050.85,,9,9,0,CLUTCH,FLY WHEEL O/F,SEG-D,5960,FLY WHEEL O/F - SEG-D,Mechanical
FLY WHEEL O/F,998729,0,2677.97,,9,9,0,CLUTCH,FLY WHEEL O/F,SEG-A,3160,FLY WHEEL O/F - SEG-A,Mechanical
FOAM FITTING,998729,1,372.88,,9,9,0,ACCESSORIES,ACCESSORIES FITTING,COMMON,440,FOAM FITTING - COMMON,Accessories
FOG LAMP ASSY O/F RH,998729,0,152.54,,9,9,0,ELECTRICAL,FOG LIGHT FITTING,SEG-P1,180,FOG LAMP ASSY O/F RH - SEG-P1,Mechanical
FOG LAMP BULB O/F - EACH,998729,0,177.97,BUMPER O/F EXTRA,9,9,0,ELECTRICAL,BULB O/F,SEG-E,210,FOG LAMP BULB O/F - EACH - SEG-E,Mechanical
FOG LAMP BULB O/F - EACH,998729,0,245.76,BUMPER O/F EXTRA,9,9,0,ELECTRICAL,BULB O/F,SEG-P4,290,FOG LAMP BULB O/F - EACH - SEG-P4,Mechanical
FOG LAMP BULB O/F - EACH,998729,0,177.97,BUMPER O/F EXTRA,9,9,0,ELECTRICAL,BULB O/F,SEG-A,210,FOG LAMP BULB O/F - EACH - SEG-A,Mechanical
FOG LAMP BULB O/F - EACH,998729,0,177.97,BUMPER O/F EXTRA,9,9,0,ELECTRICAL,BULB O/F,SEG-B,210,FOG LAMP BULB O/F - EACH - SEG-B,Mechanical
FOG LAMP BULB O/F - EACH,998729,0,177.97,BUMPER O/F EXTRA,9,9,0,ELECTRICAL,BULB O/F,SEG-C,210,FOG LAMP BULB O/F - EACH - SEG-C,Mechanical
FOG LAMP BULB O/F - EACH,998729,0,177.97,BUMPER O/F EXTRA,9,9,0,ELECTRICAL,BULB O/F,SEG-D,210,FOG LAMP BULB O/F - EACH - SEG-D,Mechanical
FOG LAMP BULB O/F - EACH,998729,0,177.97,BUMPER O/F EXTRA,9,9,0,ELECTRICAL,BULB O/F,SEG-F,210,FOG LAMP BULB O/F - EACH - SEG-F,Mechanical
FOG LAMP BULB O/F - EACH,998729,0,245.76,BUMPER O/F EXTRA,9,9,0,ELECTRICAL,BULB O/F,SEG-P1,290,FOG LAMP BULB O/F - EACH - SEG-P1,Mechanical
FOG LAMP BULB O/F - EACH,998729,0,245.76,BUMPER O/F EXTRA,9,9,0,ELECTRICAL,BULB O/F,SEG-P2,290,FOG LAMP BULB O/F - EACH - SEG-P2,Mechanical
FOG LAMP BULB O/F - EACH,998729,0,245.76,BUMPER O/F EXTRA,9,9,0,ELECTRICAL,BULB O/F,SEG-P3,290,FOG LAMP BULB O/F - EACH - SEG-P3,Mechanical
FOG LAMP O/F RR,998729,0,500,,9,9,0,ELECTRICAL,FOG LIGHT FITTING,,590,FOG LAMP O/F RR - ,Bodyshop
FOG LAMP REPAIR FR LH,998729,0,1042.37,,9,9,0,ELECTRICAL,WIRING REPAIR,SEG-B,1230,FOG LAMP REPAIR FR LH - SEG-B,Bodyshop
FOG LAMP REPAIR FR RH,998729,1,720.34,,9,9,0,ELECTRICAL,FOG LIGHT,,850,FOG LAMP REPAIR FR RH - ,Bodyshop
FOG LIGHT BEZEL O/F FR LH,998729,1,508.48,,9,9,0,BODY PARTS,SHOW GRILLE,SEG-P1,600,FOG LIGHT BEZEL O/F FR LH - SEG-P1,Bodyshop
FOG LIGHT BEZEL O/F FR RH,998729,1,508.48,,9,9,0,BODY PARTS,SHOW GRILLE,SEG-P1,600,FOG LIGHT BEZEL O/F FR RH - SEG-P1,Bodyshop
FOG LIGHT BEZEL PAINTING  RH,998729,1,0,,9,9,0,PAINTING SERVICE,FOG LIGHT BEZEL PAINT,SEG-SUV,0,FOG LIGHT BEZEL PAINTING  RH - SEG-SUV,Bodyshop
FOG LIGHT BEZEL PAINTING LH,998729,1,0,,9,9,0,PAINTING SERVICE,FOG LIGHT BEZEL PAINT,SEG-C,0,FOG LIGHT BEZEL PAINTING LH - SEG-C,Bodyshop
FOG LIGHT BEZEL PAINTING LH,998729,1,0,,9,9,0,PAINTING SERVICE,FOG LIGHT BEZEL PAINT,SEG-B,0,FOG LIGHT BEZEL PAINTING LH - SEG-B,Bodyshop
FOG LIGHT BEZEL PAINTING LH,998729,1,0,,9,9,0,PAINTING SERVICE,FOG LIGHT BEZEL PAINT,SEG-D,0,FOG LIGHT BEZEL PAINTING LH - SEG-D,Bodyshop
FOG LIGHT BEZEL PAINTING LH,998729,1,0,,9,9,0,PAINTING SERVICE,FOG LIGHT BEZEL PAINT,SEG-SUV,0,FOG LIGHT BEZEL PAINTING LH - SEG-SUV,Bodyshop
FOG LIGHT BEZEL PAINTING LH,998729,1,1644.07,,9,9,0,PAINTING SERVICE,FOG LIGHT BEZEL PAINT,SEG-P3,1940,FOG LIGHT BEZEL PAINTING LH - SEG-P3,Bodyshop
FOG LIGHT BEZEL PAINTING LH,998729,1,364.41,,9,9,0,PAINTING SERVICE,FOG LIGHT BEZEL PAINT,SEG-P1,430,FOG LIGHT BEZEL PAINTING LH - SEG-P1,Bodyshop
FOG LIGHT BEZEL PAINTING RH,998729,1,1644.07,,9,9,0,PAINTING SERVICE,FOG LIGHT BEZEL PAINT,SEG-P3,1940,FOG LIGHT BEZEL PAINTING RH - SEG-P3,Bodyshop
FOG LIGHT BEZEL PAINTING RH,998729,1,364.41,,9,9,0,PAINTING SERVICE,FOG LIGHT BEZEL PAINT,SEG-P1,430,FOG LIGHT BEZEL PAINTING RH - SEG-P1,Bodyshop
FOG LIGHT BEZEL PAINTING RH,998729,1,0,,9,9,0,PAINTING SERVICE,FOG LIGHT BEZEL PAINT,SEG-B,0,FOG LIGHT BEZEL PAINTING RH - SEG-B,Bodyshop
FOG LIGHT BEZEL PAINTING RH,998729,1,0,,9,9,0,PAINTING SERVICE,FOG LIGHT BEZEL PAINT,SEG-C,0,FOG LIGHT BEZEL PAINTING RH - SEG-C,Bodyshop
FOG LIGHT BEZEL PAINTING RH,998729,1,1440.68,,9,9,0,PAINTING SERVICE,FOG LIGHT BEZEL PAINT,SEG-SUV,1700,FOG LIGHT BEZEL PAINTING RH - SEG-SUV,Bodyshop
FOG LIGHT FITTING,998729,1,720.34,,9,9,0,ELECTRICAL,FOG LIGHT FITTING,SEG-SUV,850,FOG LIGHT FITTING - SEG-SUV,Mechanical
FOG LIGHT O/F FR BH,998729,1,372.88,,9,9,0,ELECTRICAL,FOG LIGHT,SEG-F,440,FOG LIGHT O/F FR BH - SEG-F,Mechanical
FOG LIGHT O/F LH,998729,0,152.54,,9,9,0,ELECTRICAL,FOG LIGHT FITTING,SEG-P1,180,FOG LIGHT O/F LH - SEG-P1,Mechanical
FOG LIGHT SOCKET FITTING,998729,1,300,,9,9,0,ELECTRICAL,FOG LIGHT WIRE,,354,FOG LIGHT SOCKET FITTING - ,Mechanical
FOG LIGHT SWITCH FITTING,998729,1,720.34,,9,9,0,ELECTRICAL,COMBINATION SWITCH O/F,,850,FOG LIGHT SWITCH FITTING - ,Mechanical
FOG LIGHT WIRING,998729,1,1872.88,,9,9,0,ELECTRICAL,WIRING REPAIR,,2210,FOG LIGHT WIRING - ,Mechanical
FOOT REST BOX FITTING,998729,1,2669.49,,9,9,0,ACCESSORIES,FOOT REST FITTING,,3150,FOOT REST BOX FITTING - ,Accessories
FOOT REST O/F,998729,1,364.41,,9,9,0,ACCESSORIES,FOOT REST,SEG-SUV,430,FOOT REST O/F - SEG-SUV,Accessories
FOOT REST SET FITTING,998729,1,2872.88,,9,9,0,ACCESSORIES,FOOT REST FITTING,SEG-F,3390,FOOT REST SET FITTING - SEG-F,Accessories
FOOT REST WOODEN BOX FITTING,998729,1,3559.32,,9,9,0,ACCESSORIES,FOOT REST FITTING,,4200,FOOT REST WOODEN BOX FITTING - ,Accessories
FOOT STEP O/F AND REPAIR LH,998729,1,2500,,9,9,0,BODY PARTS,SIDE STEP,,2950,FOOT STEP O/F AND REPAIR LH - ,Bodyshop
FOOT STEP O/F AND REPAIR RH,998729,1,2500,,9,9,0,BODY PARTS,SIDE STEP,,2950,FOOT STEP O/F AND REPAIR RH - ,Bodyshop
FOOT STEP O/F LH,998729,1,1084.75,,9,9,0,BODY PARTS,ARM REST,SEG-F,1280,FOOT STEP O/F LH - SEG-F,Bodyshop
FOOT STEP O/F RH,998729,1,1084.75,,9,9,0,BODY PARTS,ARM REST,SEG-F,1280,FOOT STEP O/F RH - SEG-F,Bodyshop
FOOT STEP PAINTING,998729,1,4313.56,,9,9,0,PAINTING SERVICE,BUMPER GUARD PAINT,,5090,FOOT STEP PAINTING - ,Bodyshop
FREE CHECK UP,998729,0,0,,9,9,0,GENERAL SERVICE,GENERAL CHECK UP,COMMON,0,FREE CHECK UP - COMMON,Mechanical
FRM MODULE O/F,998729,1,1500,,9,9,0,ELECTRICAL,RADIATOR MODULE,,1770,FRM MODULE O/F - ,Mechanical
FRM MODULE O/F & CODING,998729,0,1466.1,,9,9,0,SCANNING SERVICE,CODING,,1730,FRM MODULE O/F & CODING - ,Mechanical
FRM MODULE REPAIR,998729,1,5800,,9,9,0,ELECTRICAL,RADIATOR MODULE,,6844,FRM MODULE REPAIR - ,Mechanical
FUEL ACTUATOR O/F,998729,0,457.63,,9,9,0,ELECTRICAL,ACTUATOR,SEG-C,540,FUEL ACTUATOR O/F - SEG-C,Mechanical
FUEL GAUGE O/F,998729,0,584.75,,9,9,0,FUEL SYSTEM,FUEL PUMP SENSOR,,690,FUEL GAUGE O/F - ,Mechanical
FUEL GUAGE CALIBRATION,998729,0,2872.88,,9,9,0,SCANNING SERVICE,CALIBRATION,SEG-P2,3390,FUEL GUAGE CALIBRATION - SEG-P2,Mechanical
FUEL GUAGE WIRING,998729,0,796.61,,9,9,0,ELECTRICAL,WIRING REPAIR,SEG-B,940,FUEL GUAGE WIRING - SEG-B,Mechanical
FUEL INJECTOR O/F - DSL,998729,0,423.73,EACH,9,9,0,FUEL SYSTEM,INJECTOR O/F,SEG-C,500,FUEL INJECTOR O/F - DSL - SEG-C,Mechanical
FUEL INJECTOR O/F - DSL,998729,0,423.73,EACH,9,9,0,FUEL SYSTEM,INJECTOR O/F,SEG-E,500,FUEL INJECTOR O/F - DSL - SEG-E,Mechanical
FUEL INJECTOR O/F - DSL,998729,0,423.73,EACH,9,9,0,FUEL SYSTEM,INJECTOR O/F,SEG-F,500,FUEL INJECTOR O/F - DSL - SEG-F,Mechanical
FUEL INJECTOR O/F - DSL,998729,0,423.73,EACH,9,9,0,FUEL SYSTEM,INJECTOR O/F,SEG-P1,500,FUEL INJECTOR O/F - DSL - SEG-P1,Mechanical
FUEL INJECTOR O/F - DSL,998729,0,423.73,EACH,9,9,0,FUEL SYSTEM,INJECTOR O/F,SEG-P4,500,FUEL INJECTOR O/F - DSL - SEG-P4,Mechanical
FUEL INJECTOR O/F - DSL,998729,0,423.73,EACH,9,9,0,FUEL SYSTEM,INJECTOR O/F,SEG-D,500,FUEL INJECTOR O/F - DSL - SEG-D,Mechanical
FUEL INJECTOR O/F - DSL,998729,0,423.73,EACH,9,9,0,FUEL SYSTEM,INJECTOR O/F,SEG-P3,500,FUEL INJECTOR O/F - DSL - SEG-P3,Mechanical
FUEL INJECTOR O/F - DSL,998729,0,372.88,EACH,9,9,0,FUEL SYSTEM,INJECTOR O/F,SEG-B,440,FUEL INJECTOR O/F - DSL - SEG-B,Mechanical
FUEL INJECTOR O/F - DSL,998729,0,423.73,EACH,9,9,0,FUEL SYSTEM,INJECTOR O/F,SEG-P2,500,FUEL INJECTOR O/F - DSL - SEG-P2,Mechanical
FUEL INJECTOR O/F - PTL,998729,0,177.97,EACH,9,9,0,FUEL SYSTEM,INJECTOR O/F,SEG-A,210,FUEL INJECTOR O/F - PTL - SEG-A,Mechanical
FUEL INJECTOR O/F - PTL,998729,0,177.97,EACH,9,9,0,FUEL SYSTEM,INJECTOR O/F,SEG-B,210,FUEL INJECTOR O/F - PTL - SEG-B,Mechanical
FUEL INJECTOR O/F - PTL,998729,0,177.97,EACH,9,9,0,FUEL SYSTEM,INJECTOR O/F,SEG-C,210,FUEL INJECTOR O/F - PTL - SEG-C,Mechanical
FUEL INJECTOR O/F - PTL,998729,0,177.97,EACH,9,9,0,FUEL SYSTEM,INJECTOR O/F,SEG-D,210,FUEL INJECTOR O/F - PTL - SEG-D,Mechanical
FUEL INJECTOR O/F - PTL,998729,0,177.97,EACH,9,9,0,FUEL SYSTEM,INJECTOR O/F,SEG-E,210,FUEL INJECTOR O/F - PTL - SEG-E,Mechanical
FUEL INJECTOR O/F - PTL,998729,0,372.88,EACH,9,9,0,FUEL SYSTEM,INJECTOR O/F,SEG-P1,440,FUEL INJECTOR O/F - PTL - SEG-P1,Mechanical
FUEL INJECTOR O/F - PTL,998729,0,372.88,EACH,9,9,0,FUEL SYSTEM,INJECTOR O/F,SEG-P2,440,FUEL INJECTOR O/F - PTL - SEG-P2,Mechanical
FUEL INJECTOR O/F - PTL,998729,0,491.53,EACH,9,9,0,FUEL SYSTEM,INJECTOR O/F,SEG-P3,580,FUEL INJECTOR O/F - PTL - SEG-P3,Mechanical
FUEL INJECTOR O/F - PTL,998729,0,728.81,EACH,9,9,0,FUEL SYSTEM,INJECTOR O/F,SEG-P4,860,FUEL INJECTOR O/F - PTL - SEG-P4,Mechanical
FUEL INJECTOR O/F - PTL,998729,0,177.97,EACH,9,9,0,FUEL SYSTEM,INJECTOR O/F,SEG-F,210,FUEL INJECTOR O/F - PTL - SEG-F,Mechanical
FUEL INJECTOR REPAIR & SERVICE,998729,1,7796.61,,9,9,0,FUEL SYSTEM,INJECTOR SERVICE,SEG-C (4NOS),9200,FUEL INJECTOR REPAIR & SERVICE - SEG-C (4NOS),Mechanical
FUEL INJECTOR REPAIR & SERVICE,998729,1,3593.22,,9,9,0,FUEL SYSTEM,INJECTOR SERVICE,SEG-P3,4240,FUEL INJECTOR REPAIR & SERVICE - SEG-P3,Mechanical
"FUEL INJECTOR, RAIL & PUMP O/F",998729,0,8627.12,,9,9,0,FUEL SYSTEM,INJECTOR O/F,SEG-P3,10180,"FUEL INJECTOR, RAIL & PUMP O/F - SEG-P3",Mechanical
FUEL LID CABLE O/F,998729,1,915.25,,9,9,0,FUEL SYSTEM,FUEL TANK LID,,1080,FUEL LID CABLE O/F - ,Mechanical
FUEL LINE CLEAN,998729,0,2661.02,,9,9,0,FUEL SYSTEM,INJECTOR NOZZLE ,SEG-P3,3140,FUEL LINE CLEAN - SEG-P3,Mechanical
FUEL LINE WIRING REPAIR,998729,0,14372.88,,9,9,0,ELECTRICAL,WIRING REPAIR,SEG-P3,16960,FUEL LINE WIRING REPAIR - SEG-P3,Mechanical
FUEL LINE WIRING REPAIR,998729,0,1152.54,,9,9,0,ELECTRICAL,WIRING REPAIR,SEG-A,1360,FUEL LINE WIRING REPAIR - SEG-A,Mechanical
FUEL MAIN PIPE O/F,998729,0,2161.02,,9,9,0,FUEL SYSTEM,FUEL PIPE,SEG-P1,2550,FUEL MAIN PIPE O/F - SEG-P1,Mechanical
FUEL PIPE O/F,998729,0,720.34,,9,9,0,FUEL SYSTEM,FUEL PIPE,SEG-C,850,FUEL PIPE O/F - SEG-C,Mechanical
FUEL PIPE REPAIR,998729,1,1618.64,,9,9,0,FUEL SYSTEM,FUEL PIPE,SEG-P2,1910,FUEL PIPE REPAIR - SEG-P2,Mechanical
FUEL PRESSURE SENSOR O/F,998729,0,5000,,9,9,0,ELECTRICAL,SENSOR O/F,SEG-P4,5900,FUEL PRESSURE SENSOR O/F - SEG-P4,Mechanical
FUEL PUMP MOTOR O/F,998729,0,508.48,,9,9,0,FUEL SYSTEM,FUEL PUMP O/F,SEG-P1,600,FUEL PUMP MOTOR O/F - SEG-P1,Mechanical
FUEL PUMP O/F - H/P PUMP,998729,0,1830.51,ENGINE O/F EXTRA,9,9,0,FUEL SYSTEM,FUEL TANK O/F,SEG-B,2160,FUEL PUMP O/F - H/P PUMP - SEG-B,Mechanical
FUEL PUMP O/F - H/P PUMP,998729,0,1830.51,ENGINE O/F EXTRA,9,9,0,FUEL SYSTEM,FUEL TANK O/F,SEG-C,2160,FUEL PUMP O/F - H/P PUMP - SEG-C,Mechanical
FUEL PUMP O/F - H/P PUMP,998729,0,2440.68,ENGINE O/F EXTRA,9,9,0,FUEL SYSTEM,FUEL TANK O/F,SEG-D,2880,FUEL PUMP O/F - H/P PUMP - SEG-D,Mechanical
FUEL PUMP O/F - H/P PUMP,998729,0,1830.51,ENGINE O/F EXTRA,9,9,0,FUEL SYSTEM,FUEL TANK O/F,SEG-E,2160,FUEL PUMP O/F - H/P PUMP - SEG-E,Mechanical
FUEL PUMP O/F - H/P PUMP,998729,0,4271.19,ENGINE O/F EXTRA,9,9,0,FUEL SYSTEM,FUEL TANK O/F,SEG-F,5040,FUEL PUMP O/F - H/P PUMP - SEG-F,Mechanical
FUEL PUMP O/F - H/P PUMP,998729,0,4872.88,ENGINE O/F EXTRA,9,9,0,FUEL SYSTEM,FUEL TANK O/F,SEG-P1,5750,FUEL PUMP O/F - H/P PUMP - SEG-P1,Mechanical
FUEL PUMP O/F - H/P PUMP,998729,0,5491.53,ENGINE O/F EXTRA,9,9,0,FUEL SYSTEM,FUEL TANK O/F,SEG-P2,6480,FUEL PUMP O/F - H/P PUMP - SEG-P2,Mechanical
FUEL PUMP O/F - H/P PUMP,998729,0,6093.22,ENGINE O/F EXTRA,9,9,0,FUEL SYSTEM,FUEL TANK O/F,SEG-P3,7190,FUEL PUMP O/F - H/P PUMP - SEG-P3,Mechanical
FUEL PUMP O/F - H/P PUMP,998729,0,7313.56,ENGINE O/F EXTRA,9,9,0,FUEL SYSTEM,FUEL TANK O/F,SEG-P4,8630,FUEL PUMP O/F - H/P PUMP - SEG-P4,Mechanical
FUEL PUMP O/F - TANK,998729,0,855.93,,9,9,0,FUEL SYSTEM,FUEL TANK O/F,SEG-A,1010,FUEL PUMP O/F - TANK - SEG-A,Mechanical
FUEL PUMP O/F - TANK,998729,0,1101.7,,9,9,0,FUEL SYSTEM,FUEL TANK O/F,SEG-C,1300,FUEL PUMP O/F - TANK - SEG-C,Mechanical
FUEL PUMP O/F - TANK,998729,0,1830.51,,9,9,0,FUEL SYSTEM,FUEL TANK O/F,SEG-D,2160,FUEL PUMP O/F - TANK - SEG-D,Mechanical
FUEL PUMP O/F - TANK,998729,0,1101.7,,9,9,0,FUEL SYSTEM,FUEL TANK O/F,SEG-E,1300,FUEL PUMP O/F - TANK - SEG-E,Mechanical
FUEL PUMP O/F - TANK,998729,0,1466.1,,9,9,0,FUEL SYSTEM,FUEL TANK O/F,SEG-F,1730,FUEL PUMP O/F - TANK - SEG-F,Mechanical
FUEL PUMP O/F - TANK,998729,0,4627.12,,9,9,0,FUEL SYSTEM,FUEL TANK O/F,SEG-P2,5460,FUEL PUMP O/F - TANK - SEG-P2,Mechanical
FUEL PUMP O/F - TANK,998729,0,5118.64,,9,9,0,FUEL SYSTEM,FUEL TANK O/F,SEG-P3,6040,FUEL PUMP O/F - TANK - SEG-P3,Mechanical
FUEL PUMP O/F - TANK,998729,0,6093.22,,9,9,0,FUEL SYSTEM,FUEL TANK O/F,SEG-P4,7190,FUEL PUMP O/F - TANK - SEG-P4,Mechanical
FUEL PUMP O/F - TANK,998729,0,974.58,,9,9,0,FUEL SYSTEM,FUEL PUMP O/F,SEG-B,1150,FUEL PUMP O/F - TANK - SEG-B,Mechanical
FUEL PUMP O/F - TANK,998729,0,4271.19,,9,9,0,FUEL SYSTEM,FUEL PUMP O/F,SEG-P1,5040,FUEL PUMP O/F - TANK - SEG-P1,Mechanical
FUEL PUMP REPAIR,998729,1,8440.68,,9,9,0,FUEL SYSTEM,FUEL PUMP O/F,,9960,FUEL PUMP REPAIR - ,Mechanical
FUEL PUMP SERVICE,998729,0,796.61,,9,9,0,FUEL SYSTEM,FUEL PUMP,,940,FUEL PUMP SERVICE - ,Mechanical
FUEL PUMP SERVICE & CALIBRATION,998729,0,5033.9,,9,9,0,FUEL SYSTEM,FUEL PUMP O/F,SEG-B,5940,FUEL PUMP SERVICE & CALIBRATION - SEG-B,Mechanical
FUEL PUMP SERVICE & CALIBRATION,998729,0,4313.56,,9,9,0,FUEL SYSTEM,FUEL PUMP O/F,SEG-P3,5090,FUEL PUMP SERVICE & CALIBRATION - SEG-P3,Mechanical
"FUEL PUMP, INJECTOR & RAIL CHECK UP",998729,0,3593.22,,9,9,0,FUEL SYSTEM,FUEL PUMP O/F,SEG-D,4240,"FUEL PUMP, INJECTOR & RAIL CHECK UP - SEG-D",Mechanical
FUEL QUALITY PRESSURE CONTROL O/F,998729,0,2584.75,,9,9,0,FUEL SYSTEM,FUEL PUMP SENSOR,SEG-P2,3050,FUEL QUALITY PRESSURE CONTROL O/F - SEG-P2,Mechanical
FUEL RAIL REPAIR & SERVICE,998729,0,18271.19,,9,9,0,FUEL SYSTEM,COMMON RAIL,SEG-P3,21560,FUEL RAIL REPAIR & SERVICE - SEG-P3,Mechanical
FUEL RETURN PIPE O/F,998729,0,800,,9,9,0,FUEL SYSTEM,FUEL PIPE,,944,FUEL RETURN PIPE O/F - ,Mechanical
FUEL RETURN VALVE O/F,998729,0,288.14,,9,9,0,FUEL SYSTEM,FUEL PIPE,SEG-B,340,FUEL RETURN VALVE O/F - SEG-B,Mechanical
FUEL SYSTEM SERVICE,998729,0,12500,,9,9,0,FUEL SYSTEM,FUEL PUMP O/F,SEG-P4,14750,FUEL SYSTEM SERVICE - SEG-P4,Mechanical
FUEL TANK ASSY O/F,998729,0,1220.34,,9,9,0,FUEL SYSTEM,FUEL TANK O/F,SEG-A,1440,FUEL TANK ASSY O/F - SEG-A,Mechanical
FUEL TANK ASSY O/F,998729,0,1220.34,,9,9,0,FUEL SYSTEM,FUEL TANK O/F,SEG-B,1440,FUEL TANK ASSY O/F - SEG-B,Mechanical
FUEL TANK ASSY O/F,998729,0,1466.1,,9,9,0,FUEL SYSTEM,FUEL TANK O/F,SEG-C,1730,FUEL TANK ASSY O/F - SEG-C,Mechanical
FUEL TANK ASSY O/F,998729,0,2076.27,,9,9,0,FUEL SYSTEM,FUEL TANK O/F,SEG-D,2450,FUEL TANK ASSY O/F - SEG-D,Mechanical
FUEL TANK ASSY O/F,998729,0,2194.92,,9,9,0,FUEL SYSTEM,FUEL TANK O/F,SEG-F,2590,FUEL TANK ASSY O/F - SEG-F,Mechanical
FUEL TANK ASSY O/F,998729,0,4271.19,,9,9,0,FUEL SYSTEM,FUEL TANK O/F,SEG-P1,5040,FUEL TANK ASSY O/F - SEG-P1,Mechanical
FUEL TANK ASSY O/F,998729,0,4872.88,,9,9,0,FUEL SYSTEM,FUEL TANK O/F,SEG-P2,5750,FUEL TANK ASSY O/F - SEG-P2,Mechanical
FUEL TANK ASSY O/F,998729,0,6093.22,,9,9,0,FUEL SYSTEM,FUEL TANK O/F,SEG-P3,7190,FUEL TANK ASSY O/F - SEG-P3,Mechanical
FUEL TANK ASSY O/F,998729,0,1466.1,,9,9,0,FUEL SYSTEM,FUEL TANK O/F,SEG-E,1730,FUEL TANK ASSY O/F - SEG-E,Mechanical
FUEL TANK ASSY O/F,998729,0,7313.56,,9,9,0,FUEL SYSTEM,FUEL TANK O/F,SEG-P4,8630,FUEL TANK ASSY O/F - SEG-P4,Mechanical
FUEL TANK CAP PAINTING,998729,1,1008.48,,9,9,0,PAINTING SERVICE,BUMPER CAP PAINT,SEG-B,1190,FUEL TANK CAP PAINTING - SEG-B,Bodyshop
FUEL TANK CLEAN,998729,0,1220.34,TANK O/F EXTRA,9,9,0,FUEL SYSTEM,FUEL TANK O/F,SEG-P4,1440,FUEL TANK CLEAN - SEG-P4,Mechanical
FUEL TANK CLEAN,998729,0,728.81,TANK O/F EXTRA,9,9,0,FUEL SYSTEM,FUEL TANK O/F,SEG-B,860,FUEL TANK CLEAN - SEG-B,Mechanical
FUEL TANK CLEAN,998729,0,728.81,TANK O/F EXTRA,9,9,0,FUEL SYSTEM,FUEL TANK O/F,SEG-A,860,FUEL TANK CLEAN - SEG-A,Mechanical
FUEL TANK CLEAN,998729,0,728.81,TANK O/F EXTRA,9,9,0,FUEL SYSTEM,FUEL TANK O/F,SEG-E,860,FUEL TANK CLEAN - SEG-E,Mechanical
FUEL TANK CLEAN,998729,0,728.81,TANK O/F EXTRA,9,9,0,FUEL SYSTEM,FUEL TANK O/F,SEG-C,860,FUEL TANK CLEAN - SEG-C,Mechanical
FUEL TANK CLEAN,998729,0,728.81,TANK O/F EXTRA,9,9,0,FUEL SYSTEM,FUEL TANK O/F,SEG-D,860,FUEL TANK CLEAN - SEG-D,Mechanical
FUEL TANK CLEAN,998729,0,855.93,TANK O/F EXTRA,9,9,0,FUEL SYSTEM,FUEL TANK O/F,SEG-F,1010,FUEL TANK CLEAN - SEG-F,Mechanical
FUEL TANK CLEAN,998729,0,1220.34,TANK O/F EXTRA,9,9,0,FUEL SYSTEM,FUEL TANK O/F,SEG-P1,1440,FUEL TANK CLEAN - SEG-P1,Mechanical
FUEL TANK CLEAN,998729,0,1220.34,TANK O/F EXTRA,9,9,0,FUEL SYSTEM,FUEL TANK O/F,SEG-P2,1440,FUEL TANK CLEAN - SEG-P2,Mechanical
FUEL TANK CLEAN,998729,0,1220.34,TANK O/F EXTRA,9,9,0,FUEL SYSTEM,FUEL TANK O/F,SEG-P3,1440,FUEL TANK CLEAN - SEG-P3,Mechanical
FUEL TANK FLAP RELEASE ACTUATOR O/F,998729,0,466.1,,9,9,0,FUEL SYSTEM,FUEL PUMP SENSOR,SEG-C,550,FUEL TANK FLAP RELEASE ACTUATOR O/F - SEG-C,Mechanical
FUEL TANK LID O/F,998729,0,305.09,,9,9,0,FUEL SYSTEM,FUEL TANK LID,SEG-C,360,FUEL TANK LID O/F - SEG-C,Mechanical
FUEL TANK REPAIR,998729,1,33966.1,,9,9,0,FUEL SYSTEM,FUEL TANK O/F,,40080,FUEL TANK REPAIR - ,Mechanical
FUEL TANK REPAIR & PAINT,998729,1,3000,,9,9,0,PAINTING SERVICE,FENDER PAINT,SEG-A,3540,FUEL TANK REPAIR & PAINT - SEG-A,Bodyshop
FULL BODY DENTING,998729,1,18754.24,,9,9,0,BODY PARTS,DENTING CHARGE,COMMON,22130,FULL BODY DENTING - COMMON,Bodyshop
FULL BODY PAINTING,998729,1,0,,9,9,0,PAINTING SERVICE,PAINTING CHARGE,COMMON,0,FULL BODY PAINTING - COMMON,Bodyshop
FULL BODY PAINTING (COLOUR CHANGE),998729,1,115000,,9,9,0,PAINTING SERVICE,BODY PANEL PAINT,SEG-D,135700,FULL BODY PAINTING (COLOUR CHANGE) - SEG-D,Bodyshop
FULL BODY POLISH,998729,1,0,,9,9,0,CAR CARE,FULL BODY POLISH,SEG-A,0,FULL BODY POLISH - SEG-A,Value Addition
FULL BODY POLISH,998729,1,0,,9,9,0,CAR CARE,FULL BODY POLISH,SEG-B,0,FULL BODY POLISH - SEG-B,Value Addition
FULL BODY POLISH,998729,1,0,,9,9,0,CAR CARE,FULL BODY POLISH,SEG-C,0,FULL BODY POLISH - SEG-C,Value Addition
FULL BODY POLISH,998729,1,0,,9,9,0,CAR CARE,FULL BODY POLISH,SEG-D,0,FULL BODY POLISH - SEG-D,Value Addition
FULL BODY POLISH,998729,1,0,,9,9,0,CAR CARE,FULL BODY POLISH,SEG-SUV,0,FULL BODY POLISH - SEG-SUV,Value Addition
FULL BODY POLISH,998729,1,0,,9,9,0,CAR CARE,FULL BODY POLISH,SEG-P1,0,FULL BODY POLISH - SEG-P1,Value Addition
FULL BODY POLISH,998729,1,0,,9,9,0,CAR CARE,FULL BODY POLISH,SEG-P2,0,FULL BODY POLISH - SEG-P2,Value Addition
FULL BODY POLISH,998729,1,0,,9,9,0,CAR CARE,FULL BODY POLISH,SEG-P3,0,FULL BODY POLISH - SEG-P3,Value Addition
FUSE BOX COVER PAINTING RR LH,998729,1,2161.02,,9,9,0,PAINTING SERVICE,ALLOY WHEEL PAINT,SEG-P3,2550,FUSE BOX COVER PAINTING RR LH - SEG-P3,Bodyshop
FUSE BOX COVER PAINTING RR RH,998729,1,2161.02,,9,9,0,PAINTING SERVICE,ALLOY WHEEL PAINT,SEG-P3,2550,FUSE BOX COVER PAINTING RR RH - SEG-P3,Bodyshop
FUSE BOX O/F,998729,0,76.27,,9,9,0,ELECTRICAL,FUSE BOX,SEG-B,90,FUSE BOX O/F - SEG-B,Mechanical
FUSE BOX O/F,998729,0,2279.66,,9,9,0,ELECTRICAL,FUSE BOX,SEG-P2,2690,FUSE BOX O/F - SEG-P2,Mechanical
FUSE BOX REPAIR,998729,0,855.93,,9,9,0,ELECTRICAL,WIRING REPAIR,SEG-D,1010,FUSE BOX REPAIR - SEG-D,Mechanical
FUSE MODULE RELAY INTERFACE FITTING ,998729,0,10364.41,,9,9,0,ELECTRICAL,FUSE,SEG-D,12230,FUSE MODULE RELAY INTERFACE FITTING  - SEG-D,Mechanical
FUSE O/F 175AMP,998729,0,450,,9,9,0,ELECTRICAL,FUSE,,531,FUSE O/F 175AMP - ,Mechanical
GAS PUMP O/F,998729,1,372.88,,9,9,0,BODY PARTS,TAILGATE LIFTER,SEG-F,440,GAS PUMP O/F - SEG-F,Bodyshop
GASKET O/F,998729,0,1042.37,,9,9,0,ENGINE,HEAD GASKET,SEG-D,1230,GASKET O/F - SEG-D,Mechanical
GATEWAY MODULE REPAIR,998729,1,47542.37,,9,9,0,ELECTRICAL,WIRING REPAIR,SEG-P3,56100,GATEWAY MODULE REPAIR - SEG-P3,Mechanical
GEAR BOX ACTUATOR O/F,998729,0,5000,,9,9,0,TRANSMISSION,GEAR BOX O/F,,5900,GEAR BOX ACTUATOR O/F - ,Mechanical
GEAR BOX CASE REPAIRING,998729,0,1830.51,,9,9,0,TRANSMISSION,GEAR BOX,SEG-B,2160,GEAR BOX CASE REPAIRING - SEG-B,Mechanical
GEAR BOX CLEANING,998729,0,550,,9,9,0,TRANSMISSION,GEAR BOX O/F,,649,GEAR BOX CLEANING - ,Mechanical
GEAR BOX COVER O/F,998729,0,644.07,,9,9,0,TRANSMISSION,GEAR KNOB,SEG-B,760,GEAR BOX COVER O/F - SEG-B,Mechanical
GEAR BOX O/F,998729,0,2677.97,,9,9,0,TRANSMISSION,GEAR BOX O/F,SEG-A,3160,GEAR BOX O/F - SEG-A,Mechanical
GEAR BOX O/F,998729,0,3652.54,,9,9,0,TRANSMISSION,GEAR BOX O/F,SEG-B,4310,GEAR BOX O/F - SEG-B,Mechanical
GEAR BOX O/F,998729,0,3898.31,,9,9,0,TRANSMISSION,GEAR BOX O/F,SEG-C,4600,GEAR BOX O/F - SEG-C,Mechanical
GEAR BOX O/F,998729,0,4872.88,,9,9,0,TRANSMISSION,GEAR BOX O/F,SEG-D,5750,GEAR BOX O/F - SEG-D,Mechanical
GEAR BOX O/F,998729,0,4872.88,,9,9,0,TRANSMISSION,GEAR BOX O/F,SEG-F,5750,GEAR BOX O/F - SEG-F,Mechanical
GEAR BOX O/F,998729,0,4872.88,,9,9,0,TRANSMISSION,GEAR BOX O/F,SEG-P1,5750,GEAR BOX O/F - SEG-P1,Mechanical
GEAR BOX O/F,998729,0,4872.88,,9,9,0,TRANSMISSION,GEAR BOX O/F,SEG-P2,5750,GEAR BOX O/F - SEG-P2,Mechanical
GEAR BOX O/F,998729,0,4872.88,,9,9,0,TRANSMISSION,GEAR BOX O/F,SEG-P3,5750,GEAR BOX O/F - SEG-P3,Mechanical
GEAR BOX O/F,998729,0,4271.19,,9,9,0,TRANSMISSION,GEAR BOX O/F,SEG-E,5040,GEAR BOX O/F - SEG-E,Mechanical
GEAR BOX O/F,998729,0,4872.88,,9,9,0,TRANSMISSION,GEAR BOX O/F,SEG-P4,5750,GEAR BOX O/F - SEG-P4,Mechanical
GEAR BOX OIL SEAL O/F,998729,0,720.34,,9,9,0,TRANSMISSION,GEAR BOX O/F,SEG-D,850,GEAR BOX OIL SEAL O/F - SEG-D,Mechanical
GEAR BOX OVERHAUL,998729,0,7313.56,,9,9,0,TRANSMISSION,GEAR BOX OVERHAUL,SEG-E,8630,GEAR BOX OVERHAUL - SEG-E,Mechanical
GEAR BOX OVERHAUL,998729,0,3652.54,,9,9,0,TRANSMISSION,GEAR BOX OVERHAUL,SEG-A,4310,GEAR BOX OVERHAUL - SEG-A,Mechanical
GEAR BOX OVERHAUL,998729,0,3652.54,,9,9,0,TRANSMISSION,GEAR BOX OVERHAUL,SEG-B,4310,GEAR BOX OVERHAUL - SEG-B,Mechanical
GEAR BOX OVERHAUL,998729,0,4872.88,,9,9,0,TRANSMISSION,GEAR BOX OVERHAUL,SEG-C,5750,GEAR BOX OVERHAUL - SEG-C,Mechanical
GEAR BOX OVERHAUL,998729,0,6093.22,,9,9,0,TRANSMISSION,GEAR BOX OVERHAUL,SEG-D,7190,GEAR BOX OVERHAUL - SEG-D,Mechanical
GEAR BOX OVERHAUL,998729,0,8525.42,,9,9,0,TRANSMISSION,GEAR BOX OVERHAUL,SEG-F,10060,GEAR BOX OVERHAUL - SEG-F,Mechanical
GEAR BOX OVERHAUL,998729,0,0,,9,9,0,TRANSMISSION,GEAR BOX,SEG-P1,0,GEAR BOX OVERHAUL - SEG-P1,Mechanical
GEAR BOX OVERHAUL,998729,0,0,,9,9,0,TRANSMISSION,GEAR BOX,SEG-P2,0,GEAR BOX OVERHAUL - SEG-P2,Mechanical
GEAR BOX OVERHAUL,998729,0,0,,9,9,0,TRANSMISSION,GEAR BOX,SEG-P3,0,GEAR BOX OVERHAUL - SEG-P3,Mechanical
GEAR BOX WELDING,998729,1,2245.76,,9,9,0,BODY PARTS,SILENCER WELDING,COMMON,2650,GEAR BOX WELDING - COMMON,Bodyshop
GEAR CHANGER REPAIR,998729,0,11508.48,,9,9,0,TRANSMISSION,GEAR CHANGER,SEG-SUV,13580,GEAR CHANGER REPAIR - SEG-SUV,Mechanical
GEAR COUNCIL O/F,998729,0,796.61,,9,9,0,TRANSMISSION,GEAR LEVER,SEG-P2,940,GEAR COUNCIL O/F - SEG-P2,Mechanical
GEAR COUNCIL PADDING,998729,1,2161.02,,9,9,0,UPHOLSTERY,SEAT COVER PADDING,SEG-P2,2550,GEAR COUNCIL PADDING - SEG-P2,Mechanical
GEAR KNOB FITTING,998729,1,576.27,,9,9,0,BODY PARTS,SEAT KNOB,,680,GEAR KNOB FITTING - ,Bodyshop
GEAR KNOB O/F,998729,0,211.86,,9,9,0,TRANSMISSION,GEAR KNOB,SEG-B,250,GEAR KNOB O/F - SEG-B,Mechanical
GEAR KNOB PADDING,998729,1,2161.02,,9,9,0,UPHOLSTERY,GEAR KNOB PADDING,COMMON,2550,GEAR KNOB PADDING - COMMON,Mechanical
GEAR LEVER BUSH O/F,998729,0,305.09,,9,9,0,TRANSMISSION,GEAR LEVER,SEG-A,360,GEAR LEVER BUSH O/F - SEG-A,Mechanical
GEAR LEVER CONSOLE O/F,998729,0,2161.02,,9,9,0,TRANSMISSION,GEAR LEVER,SEG-B,2550,GEAR LEVER CONSOLE O/F - SEG-B,Mechanical
GEAR LEVER O/F,998729,0,550.85,,9,9,0,TRANSMISSION,GEAR LEVER O/F,SEG-D,650,GEAR LEVER O/F - SEG-D,Mechanical
GEAR LEVER O/F,998729,0,245.76,,9,9,0,TRANSMISSION,GEAR LEVER O/F,SEG-A,290,GEAR LEVER O/F - SEG-A,Mechanical
GEAR LEVER O/F,998729,0,423.73,,9,9,0,TRANSMISSION,GEAR LEVER O/F,SEG-B,500,GEAR LEVER O/F - SEG-B,Mechanical
GEAR LEVER O/F,998729,0,423.73,,9,9,0,TRANSMISSION,GEAR LEVER O/F,SEG-C,500,GEAR LEVER O/F - SEG-C,Mechanical
GEAR MOUNTING BOLT O/F,998729,0,432.2,,9,9,0,ENGINE,ENGINE MOUNTING,SEG-B,510,GEAR MOUNTING BOLT O/F - SEG-B,Mechanical
GEAR MOUNTING O/F,998729,0,550.85,EACH,9,9,0,ENGINE,GEAR MOUNTING,SEG-C,650,GEAR MOUNTING O/F - SEG-C,Mechanical
GEAR MOUNTING O/F,998729,0,2805.09,EACH,9,9,0,ENGINE,MOUNTING O/F,SEG-P2,3310,GEAR MOUNTING O/F - SEG-P2,Mechanical
GEAR MOUNTING O/F,998729,0,4754.24,EACH,9,9,0,ENGINE,MOUNTING O/F,SEG-P4,5610,GEAR MOUNTING O/F - SEG-P4,Mechanical
GEAR MOUNTING O/F,998729,0,3169.49,EACH,9,9,0,ENGINE,MOUNTING O/F,SEG-P3,3740,GEAR MOUNTING O/F - SEG-P3,Mechanical
GEAR MOUNTING O/F,998729,0,550.85,EACH,9,9,0,ENGINE,MOUNTING O/F,SEG-A,650,GEAR MOUNTING O/F - SEG-A,Mechanical
GEAR MOUNTING O/F,998729,0,669.49,EACH,9,9,0,ENGINE,MOUNTING O/F,SEG-E,790,GEAR MOUNTING O/F - SEG-E,Mechanical
GEAR MOUNTING O/F,998729,0,1466.1,EACH,9,9,0,ENGINE,MOUNTING O/F,SEG-F,1730,GEAR MOUNTING O/F - SEG-F,Mechanical
GEAR MOUNTING O/F,998729,0,2805.09,EACH,9,9,0,ENGINE,MOUNTING O/F,SEG-P1,3310,GEAR MOUNTING O/F - SEG-P1,Mechanical
GEAR MOUNTING O/F,998729,0,1042.37,EACH,9,9,0,ENGINE,MOUNTING O/F,SEG-D,1230,GEAR MOUNTING O/F - SEG-D,Mechanical
GEAR MOUNTING O/F,998729,0,550.85,EACH,9,9,0,ENGINE,MOUNTING O/F,SEG-B,650,GEAR MOUNTING O/F - SEG-B,Mechanical
GEAR OIL COOLER O/F,998729,0,1830.51,,9,9,0,TRANSMISSION,GEAR OIL COOLER O/F,SEG-D,2160,GEAR OIL COOLER O/F - SEG-D,Mechanical
GEAR OIL COOLER O/F,998729,0,2805.09,,9,9,0,TRANSMISSION,GEAR OIL COOLER O/F,SEG-P1,3310,GEAR OIL COOLER O/F - SEG-P1,Mechanical
GEAR OIL COOLER O/F,998729,0,4872.88,,9,9,0,TRANSMISSION,GEAR OIL COOLER O/F,SEG-P3,5750,GEAR OIL COOLER O/F - SEG-P3,Mechanical
GEAR OIL COOLER O/F,998729,0,6093.22,,9,9,0,TRANSMISSION,GEAR OIL COOLER O/F,SEG-P4,7190,GEAR OIL COOLER O/F - SEG-P4,Mechanical
GEAR OIL COOLER O/F,998729,0,3652.54,,9,9,0,TRANSMISSION,GEAR OIL COOLER O/F,SEG-P2,4310,GEAR OIL COOLER O/F - SEG-P2,Mechanical
GEAR OIL FILTER O/F,998729,0,796.61,,9,9,0,FILTERATION,OIL FILTER,SEG-D,940,GEAR OIL FILTER O/F - SEG-D,Mechanical
GEAR OIL REPLACE,998729,0,305.09,,9,9,0,LUBRICANT,OIL CHANGE,SEG-A,360,GEAR OIL REPLACE - SEG-A,Mechanical
GEAR OIL REPLACE,998729,0,305.09,,9,9,0,LUBRICANT,OIL CHANGE,SEG-B,360,GEAR OIL REPLACE - SEG-B,Mechanical
GEAR OIL REPLACE,998729,0,305.09,,9,9,0,LUBRICANT,OIL CHANGE,SEG-C,360,GEAR OIL REPLACE - SEG-C,Mechanical
GEAR OIL REPLACE,998729,0,0,,9,9,0,LUBRICANT,OIL CHANGE,SEG-D,0,GEAR OIL REPLACE - SEG-D,Mechanical
GEAR OIL REPLACE,998729,0,372.88,,9,9,0,LUBRICANT,OIL CHANGE,SEG-F,440,GEAR OIL REPLACE - SEG-F,Mechanical
GEAR OIL REPLACE,998729,0,305.09,,9,9,0,LUBRICANT,OIL CHANGE,SEG-E,360,GEAR OIL REPLACE - SEG-E,Mechanical
GEAR OIL REPLACE,998729,0,0,,9,9,0,LUBRICANT,OIL CHANGE,SEG-P1,0,GEAR OIL REPLACE - SEG-P1,Mechanical
GEAR OIL REPLACE,998729,0,0,,9,9,0,LUBRICANT,OIL CHANGE,SEG-P2-P3-P4,0,GEAR OIL REPLACE - SEG-P2-P3-P4,Mechanical
GEAR SHIFTER O/F,998729,0,1059.32,,9,9,0,TRANSMISSION,GEAR CHANGER,,1250,GEAR SHIFTER O/F - ,Mechanical
GEAR SHIFTER REPAIR,998729,0,1042.37,,9,9,0,TRANSMISSION,GEAR LEVER,SEG-A,1230,GEAR SHIFTER REPAIR - SEG-A,Mechanical
GEAR SHIFTING CABLE O/F,998729,0,1830.51,,9,9,0,TRANSMISSION,GEAR SHIFTING CABLE O/F,SEG-C,2160,GEAR SHIFTING CABLE O/F - SEG-C,Mechanical
GEAR SHIFTING CABLE O/F,998729,0,2194.92,,9,9,0,TRANSMISSION,GEAR SHIFTING CABLE O/F,SEG-D,2590,GEAR SHIFTING CABLE O/F - SEG-D,Mechanical
GEAR SHIFTING CABLE O/F,998729,0,1949.15,,9,9,0,TRANSMISSION,GEAR SHIFTING CABLE O/F,SEG-E,2300,GEAR SHIFTING CABLE O/F - SEG-E,Mechanical
GEAR SHIFTING CABLE O/F,998729,0,2440.68,,9,9,0,TRANSMISSION,GEAR SHIFTING CABLE O/F,SEG-F,2880,GEAR SHIFTING CABLE O/F - SEG-F,Mechanical
GEAR SHIFTING CABLE O/F,998729,0,728.81,,9,9,0,TRANSMISSION,GEAR SHIFTING CABLE O/F,SEG-A,860,GEAR SHIFTING CABLE O/F - SEG-A,Mechanical
GEAR SHIFTING CABLE O/F,998729,0,1830.51,,9,9,0,TRANSMISSION,GEAR SHIFTING CABLE O/F,SEG-B,2160,GEAR SHIFTING CABLE O/F - SEG-B,Mechanical
GEAR SHIFTING CABLE SERVICE,998729,0,855.93,,9,9,0,TRANSMISSION,GEAR SHIFTING CABLE,SEG-B,1010,GEAR SHIFTING CABLE SERVICE - SEG-B,Mechanical
GEAR SHIFTING ROD O/F,998729,0,1152.54,,9,9,0,TRANSMISSION,GEAR LEVER,SEG-A,1360,GEAR SHIFTING ROD O/F - SEG-A,Mechanical
GEAR SIFTER O/F,998729,0,2872.88,,9,9,0,TRANSMISSION,GEAR LEVER,SEG-C,3390,GEAR SIFTER O/F - SEG-C,Mechanical
GENERAL CHECK UP,998729,0,4313.56,,9,9,0,GENERAL SERVICE,GENERAL CHECK UP,SEG-P1,5090,GENERAL CHECK UP - SEG-P1,Mechanical
GENERAL CHECK UP,998729,0,1262.71,,9,9,0,GENERAL SERVICE,GENERAL CHECK UP,SEG-D,1490,GENERAL CHECK UP - SEG-D,Mechanical
GENERAL CHECK UP,998729,0,635.59,,9,9,0,GENERAL SERVICE,GENERAL CHECK UP,SEG-B,750,GENERAL CHECK UP - SEG-B,Mechanical
GENERAL REPAIR,998729,1,7194.92,,9,9,0,GENERAL SERVICE,GENERAL CHECK UP,SEG-D,8490,GENERAL REPAIR - SEG-D,Mechanical
GLASS BOTTOM CHANNEL O/F RR LH,998729,0,288.14,,9,9,0,BODY PARTS,DOOR,SEG-2,340,GLASS BOTTOM CHANNEL O/F RR LH - SEG-2,Bodyshop
GLASS CLEANING,998729,1,101.69,,9,9,0,CAR CARE,GLASS TREATMENT,COMMON,120,GLASS CLEANING - COMMON,Value Addition
GLASS COATING ALL,998729,1,1152.54,,9,9,0,CAR CARE,GLASS TREATMENT,,1360,GLASS COATING ALL - ,Value Addition
GLASS COATING FR,998729,1,300,,9,9,0,CAR CARE,GLASS TREATMENT,,354,GLASS COATING FR - ,Value Addition
GLASS FILM LAMINATION,998729,1,9347.46,,9,9,0,ACCESSORIES,FILM INSTALLATION,SEG-P3,11030,GLASS FILM LAMINATION - SEG-P3,Accessories
GLASS HINGES PAINTING RR,998729,1,2161.02,,9,9,0,PAINTING SERVICE,DOOR HINGE PAINT,,2550,GLASS HINGES PAINTING RR - ,Bodyshop
GLASS REGULATOR MOTOR REPAIR FR LH,998729,1,3593.22,,9,9,0,BODY PARTS,GLASS WINDER REPAIR,SEG-D,4240,GLASS REGULATOR MOTOR REPAIR FR LH - SEG-D,Bodyshop
GLASS REGULATOR MOTOR REPAIR FR RH,998729,1,5754.24,,9,9,0,BODY PARTS,GLASS WINDER REPAIR,SEG-D,6790,GLASS REGULATOR MOTOR REPAIR FR RH - SEG-D,Bodyshop
GLASS REGULATOR MOTOR REPAIR RR RH,998729,1,2440.68,,9,9,0,BODY PARTS,GLASS WINDER,SEG-C,2880,GLASS REGULATOR MOTOR REPAIR RR RH - SEG-C,Bodyshop
GLASS REGULATOR O/F FR LH,998729,0,491.53,,9,9,0,BODY PARTS,GLASS WINDER O/F,SEG-B,580,GLASS REGULATOR O/F FR LH - SEG-B,Bodyshop
GLASS REGULATOR O/F FR LH,998729,0,491.53,,9,9,0,BODY PARTS,GLASS WINDER O/F,SEG-C,580,GLASS REGULATOR O/F FR LH - SEG-C,Bodyshop
GLASS REGULATOR O/F FR LH,998729,1,728.81,,9,9,0,BODY PARTS,GLASS WINDER O/F,SEG-E,860,GLASS REGULATOR O/F FR LH - SEG-E,Bodyshop
GLASS REGULATOR O/F FR LH,998729,1,796.61,,9,9,0,BODY PARTS,GLASS WINDER O/F,SEG-F,940,GLASS REGULATOR O/F FR LH - SEG-F,Bodyshop
GLASS REGULATOR O/F FR LH,998729,1,974.58,,9,9,0,BODY PARTS,GLASS WINDER O/F,SEG-P1,1150,GLASS REGULATOR O/F FR LH - SEG-P1,Bodyshop
GLASS REGULATOR O/F FR LH,998729,1,1398.31,,9,9,0,BODY PARTS,GLASS WINDER O/F,SEG-P3,1650,GLASS REGULATOR O/F FR LH - SEG-P3,Bodyshop
GLASS REGULATOR O/F FR LH,998729,1,1644.07,,9,9,0,BODY PARTS,GLASS WINDER O/F,SEG-P4,1940,GLASS REGULATOR O/F FR LH - SEG-P4,Bodyshop
GLASS REGULATOR O/F FR LH,998729,0,1152.54,,9,9,0,BODY PARTS,GLASS WINDER O/F,SEG-P2,1360,GLASS REGULATOR O/F FR LH - SEG-P2,Bodyshop
GLASS REGULATOR O/F FR LH,998729,0,728.81,,9,9,0,BODY PARTS,GLASS WINDER O/F,SEG-D,860,GLASS REGULATOR O/F FR LH - SEG-D,Bodyshop
GLASS REGULATOR O/F FR LH,998729,0,372.88,,9,9,0,BODY PARTS,GLASS WINDER O/F,SEG-A,440,GLASS REGULATOR O/F FR LH - SEG-A,Bodyshop
GLASS REGULATOR O/F FR RH,998729,0,491.53,,9,9,0,BODY PARTS,GLASS WINDER O/F,SEG-B,580,GLASS REGULATOR O/F FR RH - SEG-B,Bodyshop
GLASS REGULATOR O/F FR RH,998729,0,372.88,,9,9,0,BODY PARTS,GLASS WINDER O/F,SEG-A,440,GLASS REGULATOR O/F FR RH - SEG-A,Bodyshop
GLASS REGULATOR O/F FR RH,998729,0,491.53,,9,9,0,BODY PARTS,GLASS WINDER O/F,SEG-C,580,GLASS REGULATOR O/F FR RH - SEG-C,Bodyshop
GLASS REGULATOR O/F FR RH,998729,0,728.81,,9,9,0,BODY PARTS,GLASS WINDER O/F,SEG-D,860,GLASS REGULATOR O/F FR RH - SEG-D,Bodyshop
GLASS REGULATOR O/F FR RH,998729,0,728.81,,9,9,0,BODY PARTS,GLASS WINDER O/F,SEG-E,860,GLASS REGULATOR O/F FR RH - SEG-E,Bodyshop
GLASS REGULATOR O/F FR RH,998729,0,796.61,,9,9,0,BODY PARTS,GLASS WINDER O/F,SEG-F,940,GLASS REGULATOR O/F FR RH - SEG-F,Bodyshop
GLASS REGULATOR O/F FR RH,998729,0,974.58,,9,9,0,BODY PARTS,GLASS WINDER O/F,SEG-P1,1150,GLASS REGULATOR O/F FR RH - SEG-P1,Bodyshop
GLASS REGULATOR O/F FR RH,998729,0,1152.54,,9,9,0,BODY PARTS,GLASS WINDER O/F,SEG-P2,1360,GLASS REGULATOR O/F FR RH - SEG-P2,Bodyshop
GLASS REGULATOR O/F FR RH,998729,0,1398.31,,9,9,0,BODY PARTS,GLASS WINDER O/F,SEG-P3,1650,GLASS REGULATOR O/F FR RH - SEG-P3,Bodyshop
GLASS REGULATOR O/F FR RH,998729,0,1644.07,,9,9,0,BODY PARTS,GLASS WINDER O/F,SEG-P4,1940,GLASS REGULATOR O/F FR RH - SEG-P4,Bodyshop
GLASS REGULATOR O/F RR LH,998729,1,372.88,,9,9,0,BODY PARTS,GLASS WINDER O/F,SEG-A,440,GLASS REGULATOR O/F RR LH - SEG-A,Bodyshop
GLASS REGULATOR O/F RR LH,998729,1,491.53,,9,9,0,BODY PARTS,GLASS WINDER O/F,SEG-C,580,GLASS REGULATOR O/F RR LH - SEG-C,Bodyshop
GLASS REGULATOR O/F RR LH,998729,1,728.81,,9,9,0,BODY PARTS,GLASS WINDER O/F,SEG-D,860,GLASS REGULATOR O/F RR LH - SEG-D,Bodyshop
GLASS REGULATOR O/F RR LH,998729,1,728.81,,9,9,0,BODY PARTS,GLASS WINDER O/F,SEG-E,860,GLASS REGULATOR O/F RR LH - SEG-E,Bodyshop
GLASS REGULATOR O/F RR LH,998729,1,796.61,,9,9,0,BODY PARTS,GLASS WINDER O/F,SEG-F,940,GLASS REGULATOR O/F RR LH - SEG-F,Bodyshop
GLASS REGULATOR O/F RR LH,998729,1,974.58,,9,9,0,BODY PARTS,GLASS WINDER O/F,SEG-P1,1150,GLASS REGULATOR O/F RR LH - SEG-P1,Bodyshop
GLASS REGULATOR O/F RR LH,998729,1,1152.54,,9,9,0,BODY PARTS,GLASS WINDER O/F,SEG-P2,1360,GLASS REGULATOR O/F RR LH - SEG-P2,Bodyshop
GLASS REGULATOR O/F RR LH,998729,1,1398.31,,9,9,0,BODY PARTS,GLASS WINDER O/F,SEG-P3,1650,GLASS REGULATOR O/F RR LH - SEG-P3,Bodyshop
GLASS REGULATOR O/F RR LH,998729,1,1644.07,,9,9,0,BODY PARTS,GLASS WINDER O/F,SEG-P4,1940,GLASS REGULATOR O/F RR LH - SEG-P4,Bodyshop
GLASS REGULATOR O/F RR LH ,998729,0,491.53,,9,9,0,BODY PARTS,GLASS WINDER O/F,SEG-B,580,GLASS REGULATOR O/F RR LH  - SEG-B,Bodyshop
GLASS REGULATOR O/F RR RH,998729,0,491.53,,9,9,0,BODY PARTS,GLASS WINDER O/F,SEG-B,580,GLASS REGULATOR O/F RR RH - SEG-B,Bodyshop
GLASS REGULATOR O/F RR RH,998729,0,372.88,,9,9,0,BODY PARTS,GLASS WINDER O/F,SEG-A,440,GLASS REGULATOR O/F RR RH - SEG-A,Bodyshop
GLASS REGULATOR O/F RR RH,998729,0,491.53,,9,9,0,BODY PARTS,GLASS WINDER O/F,SEG-C,580,GLASS REGULATOR O/F RR RH - SEG-C,Bodyshop
GLASS REGULATOR O/F RR RH,998729,0,728.81,,9,9,0,BODY PARTS,GLASS WINDER O/F,SEG-D,860,GLASS REGULATOR O/F RR RH - SEG-D,Bodyshop
GLASS REGULATOR O/F RR RH,998729,0,728.81,,9,9,0,BODY PARTS,GLASS WINDER O/F,SEG-E,860,GLASS REGULATOR O/F RR RH - SEG-E,Bodyshop
GLASS REGULATOR O/F RR RH,998729,0,796.61,,9,9,0,BODY PARTS,GLASS WINDER O/F,SEG-F,940,GLASS REGULATOR O/F RR RH - SEG-F,Bodyshop
GLASS REGULATOR O/F RR RH,998729,0,974.58,,9,9,0,BODY PARTS,GLASS WINDER O/F,SEG-P1,1150,GLASS REGULATOR O/F RR RH - SEG-P1,Bodyshop
GLASS REGULATOR O/F RR RH,998729,0,1152.54,,9,9,0,BODY PARTS,GLASS WINDER O/F,SEG-P2,1360,GLASS REGULATOR O/F RR RH - SEG-P2,Bodyshop
GLASS REGULATOR O/F RR RH,998729,0,1398.31,,9,9,0,BODY PARTS,GLASS WINDER O/F,SEG-P3,1650,GLASS REGULATOR O/F RR RH - SEG-P3,Bodyshop
GLASS REGULATOR O/F RR RH,998729,0,1644.07,,9,9,0,BODY PARTS,GLASS WINDER O/F,SEG-P4,1940,GLASS REGULATOR O/F RR RH - SEG-P4,Bodyshop
GLASS REGULATOR REPAIR FR LH,998729,1,2372.88,,9,9,0,BODY PARTS,GLASS WINDER REPAIR,SEG-SUV,2800,GLASS REGULATOR REPAIR FR LH - SEG-SUV,Bodyshop
GLASS REGULATOR REPAIR FR RH ,998729,0,5661.02,,9,9,0,BODY PARTS,GLASS WINDER REPAIR,SEG-P2,6680,GLASS REGULATOR REPAIR FR RH  - SEG-P2,Bodyshop
GLASS REGULATOR REPAIR RR LH,998729,0,2016.95,,9,9,0,BODY PARTS,GLASS WINDER O/F,SEG-B,2380,GLASS REGULATOR REPAIR RR LH - SEG-B,Bodyshop
GLASS REGULATOR REPAIR RR RH,998729,0,2440.68,,9,9,0,BODY PARTS,GLASS WINDER REPAIR,SEG-D,2880,GLASS REGULATOR REPAIR RR RH - SEG-D,Bodyshop
GLASS RUN O/F FR LH,998729,0,550.85,,9,9,0,BODY PARTS,DOOR GLASS RUN O/F,SEG-A,650,GLASS RUN O/F FR LH - SEG-A,Bodyshop
GLASS RUN O/F FR LH,998729,0,550.85,,9,9,0,BODY PARTS,DOOR GLASS RUN O/F,SEG-B,650,GLASS RUN O/F FR LH - SEG-B,Bodyshop
GLASS RUN O/F FR LH,998729,0,550.85,,9,9,0,BODY PARTS,DOOR GLASS RUN O/F,SEG-C,650,GLASS RUN O/F FR LH - SEG-C,Bodyshop
GLASS RUN O/F FR LH,998729,0,669.49,,9,9,0,BODY PARTS,DOOR GLASS RUN O/F,SEG-D,790,GLASS RUN O/F FR LH - SEG-D,Bodyshop
GLASS RUN O/F FR LH,998729,0,550.85,,9,9,0,BODY PARTS,DOOR GLASS RUN O/F,SEG-E,650,GLASS RUN O/F FR LH - SEG-E,Bodyshop
GLASS RUN O/F FR LH,998729,0,669.49,,9,9,0,BODY PARTS,DOOR GLASS RUN O/F,SEG-F,790,GLASS RUN O/F FR LH - SEG-F,Bodyshop
GLASS RUN O/F FR LH,998729,0,669.49,,9,9,0,BODY PARTS,DOOR GLASS RUN O/F,SEG-P1,790,GLASS RUN O/F FR LH - SEG-P1,Bodyshop
GLASS RUN O/F FR LH,998729,0,669.49,,9,9,0,BODY PARTS,DOOR GLASS RUN O/F,SEG-P2,790,GLASS RUN O/F FR LH - SEG-P2,Bodyshop
GLASS RUN O/F FR LH,998729,0,669.49,,9,9,0,BODY PARTS,DOOR GLASS RUN O/F,SEG-P3,790,GLASS RUN O/F FR LH - SEG-P3,Bodyshop
GLASS RUN O/F FR LH,998729,0,669.49,,9,9,0,BODY PARTS,DOOR GLASS RUN O/F,SEG-P4,790,GLASS RUN O/F FR LH - SEG-P4,Bodyshop
GLASS RUN O/F FR RH,998729,0,550.85,,9,9,0,BODY PARTS,DOOR GLASS RUN O/F,SEG-A,650,GLASS RUN O/F FR RH - SEG-A,Bodyshop
GLASS RUN O/F FR RH,998729,0,550.85,,9,9,0,BODY PARTS,DOOR GLASS RUN O/F,SEG-B,650,GLASS RUN O/F FR RH - SEG-B,Bodyshop
GLASS RUN O/F FR RH,998729,0,550.85,,9,9,0,BODY PARTS,DOOR GLASS RUN O/F,SEG-C,650,GLASS RUN O/F FR RH - SEG-C,Bodyshop
GLASS RUN O/F FR RH,998729,0,669.49,,9,9,0,BODY PARTS,DOOR GLASS RUN O/F,SEG-D,790,GLASS RUN O/F FR RH - SEG-D,Bodyshop
GLASS RUN O/F FR RH,998729,0,550.85,,9,9,0,BODY PARTS,DOOR GLASS RUN O/F,SEG-E,650,GLASS RUN O/F FR RH - SEG-E,Bodyshop
GLASS RUN O/F FR RH,998729,0,669.49,,9,9,0,BODY PARTS,DOOR GLASS RUN O/F,SEG-F,790,GLASS RUN O/F FR RH - SEG-F,Bodyshop
GLASS RUN O/F FR RH,998729,0,669.49,,9,9,0,BODY PARTS,DOOR GLASS RUN O/F,SEG-P1,790,GLASS RUN O/F FR RH - SEG-P1,Bodyshop
GLASS RUN O/F FR RH,998729,0,669.49,,9,9,0,BODY PARTS,DOOR GLASS RUN O/F,SEG-P2,790,GLASS RUN O/F FR RH - SEG-P2,Bodyshop
GLASS RUN O/F FR RH,998729,0,669.49,,9,9,0,BODY PARTS,DOOR GLASS RUN O/F,SEG-P3,790,GLASS RUN O/F FR RH - SEG-P3,Bodyshop
GLASS RUN O/F FR RH,998729,0,669.49,,9,9,0,BODY PARTS,DOOR GLASS RUN O/F,SEG-P4,790,GLASS RUN O/F FR RH - SEG-P4,Bodyshop
GLASS RUN O/F RR LH,998729,0,550.85,,9,9,0,BODY PARTS,DOOR GLASS RUN O/F,SEG-A,650,GLASS RUN O/F RR LH - SEG-A,Bodyshop
GLASS RUN O/F RR LH,998729,0,550.85,,9,9,0,BODY PARTS,DOOR GLASS RUN O/F,SEG-B,650,GLASS RUN O/F RR LH - SEG-B,Bodyshop
GLASS RUN O/F RR LH,998729,0,550.85,,9,9,0,BODY PARTS,DOOR GLASS RUN O/F,SEG-C,650,GLASS RUN O/F RR LH - SEG-C,Bodyshop
GLASS RUN O/F RR LH,998729,0,669.49,,9,9,0,BODY PARTS,DOOR GLASS RUN O/F,SEG-D,790,GLASS RUN O/F RR LH - SEG-D,Bodyshop
GLASS RUN O/F RR LH,998729,0,550.85,,9,9,0,BODY PARTS,DOOR GLASS RUN O/F,SEG-E,650,GLASS RUN O/F RR LH - SEG-E,Bodyshop
GLASS RUN O/F RR LH,998729,0,669.49,,9,9,0,BODY PARTS,DOOR GLASS RUN O/F,SEG-F,790,GLASS RUN O/F RR LH - SEG-F,Bodyshop
GLASS RUN O/F RR LH,998729,0,669.49,,9,9,0,BODY PARTS,DOOR GLASS RUN O/F,SEG-P1,790,GLASS RUN O/F RR LH - SEG-P1,Bodyshop
GLASS RUN O/F RR LH,998729,0,669.49,,9,9,0,BODY PARTS,DOOR GLASS RUN O/F,SEG-P2,790,GLASS RUN O/F RR LH - SEG-P2,Bodyshop
GLASS RUN O/F RR LH,998729,0,669.49,,9,9,0,BODY PARTS,DOOR GLASS RUN O/F,SEG-P3,790,GLASS RUN O/F RR LH - SEG-P3,Bodyshop
GLASS RUN O/F RR LH,998729,0,669.49,,9,9,0,BODY PARTS,DOOR GLASS RUN O/F,SEG-P4,790,GLASS RUN O/F RR LH - SEG-P4,Bodyshop
GLASS RUN O/F RR RH,998729,0,550.85,,9,9,0,BODY PARTS,DOOR GLASS RUN O/F,SEG-A,650,GLASS RUN O/F RR RH - SEG-A,Bodyshop
GLASS RUN O/F RR RH,998729,0,550.85,,9,9,0,BODY PARTS,DOOR GLASS RUN O/F,SEG-B,650,GLASS RUN O/F RR RH - SEG-B,Bodyshop
GLASS RUN O/F RR RH,998729,0,550.85,,9,9,0,BODY PARTS,DOOR GLASS RUN O/F,SEG-C,650,GLASS RUN O/F RR RH - SEG-C,Bodyshop
GLASS RUN O/F RR RH,998729,0,669.49,,9,9,0,BODY PARTS,DOOR GLASS RUN O/F,SEG-D,790,GLASS RUN O/F RR RH - SEG-D,Bodyshop
GLASS RUN O/F RR RH,998729,0,550.85,,9,9,0,BODY PARTS,DOOR GLASS RUN O/F,SEG-E,650,GLASS RUN O/F RR RH - SEG-E,Bodyshop
GLASS RUN O/F RR RH,998729,0,669.49,,9,9,0,BODY PARTS,DOOR GLASS RUN O/F,SEG-F,790,GLASS RUN O/F RR RH - SEG-F,Bodyshop
GLASS RUN O/F RR RH,998729,0,669.49,,9,9,0,BODY PARTS,DOOR GLASS RUN O/F,SEG-P1,790,GLASS RUN O/F RR RH - SEG-P1,Bodyshop
GLASS RUN O/F RR RH,998729,0,669.49,,9,9,0,BODY PARTS,DOOR GLASS RUN O/F,SEG-P2,790,GLASS RUN O/F RR RH - SEG-P2,Bodyshop
GLASS RUN O/F RR RH,998729,0,669.49,,9,9,0,BODY PARTS,DOOR GLASS RUN O/F,SEG-P3,790,GLASS RUN O/F RR RH - SEG-P3,Bodyshop
GLASS RUN O/F RR RH,998729,0,669.49,,9,9,0,BODY PARTS,DOOR GLASS RUN O/F,SEG-P4,790,GLASS RUN O/F RR RH - SEG-P4,Bodyshop
GLASS TREATMENT ALL ,998729,1,8771.19,,9,9,0,CAR CARE,GLASS TREATMENT,SEG-P2,10350,GLASS TREATMENT ALL  - SEG-P2,Value Addition
GLASS TREATMENT ALL,998729,1,4389.83,,9,9,0,CAR CARE,GLASS TREATMENT,SEG-A,5180,GLASS TREATMENT ALL - SEG-A,Value Addition
GLASS TREATMENT ALL,998729,1,4389.83,,9,9,0,CAR CARE,GLASS TREATMENT,SEG-B,5180,GLASS TREATMENT ALL - SEG-B,Value Addition
GLASS TREATMENT ALL,998729,1,5847.46,,9,9,0,CAR CARE,GLASS TREATMENT,SEG-C,6900,GLASS TREATMENT ALL - SEG-C,Value Addition
GLASS TREATMENT ALL,998729,1,7313.56,,9,9,0,CAR CARE,GLASS TREATMENT,SEG-E,8630,GLASS TREATMENT ALL - SEG-E,Value Addition
GLASS TREATMENT ALL,998729,1,7313.56,,9,9,0,CAR CARE,GLASS TREATMENT,SEG-F,8630,GLASS TREATMENT ALL - SEG-F,Value Addition
GLASS TREATMENT ALL,998729,1,8771.19,,9,9,0,CAR CARE,GLASS TREATMENT,SEG-P1,10350,GLASS TREATMENT ALL - SEG-P1,Value Addition
GLASS TREATMENT ALL,998729,1,11694.92,,9,9,0,CAR CARE,GLASS TREATMENT,SEG-P3,13800,GLASS TREATMENT ALL - SEG-P3,Value Addition
GLASS TREATMENT ALL,998729,1,14618.64,,9,9,0,CAR CARE,GLASS TREATMENT,SEG-P4,17250,GLASS TREATMENT ALL - SEG-P4,Value Addition
GLASS TREATMENT ALL,998729,1,7313.56,,9,9,0,CAR CARE,GLASS TREATMENT,SEG-D,8630,GLASS TREATMENT ALL - SEG-D,Value Addition
GLASS TREATMENT DOOR RR LH,998729,1,728.81,,9,9,0,CAR CARE,GLASS TREATMENT,SEG-B,860,GLASS TREATMENT DOOR RR LH - SEG-B,Value Addition
GLASS TREATMENT WINDSHIELD FR,998729,1,5932.2,,9,9,0,CAR CARE,GLASS TREATMENT,SEG-P4,7000,GLASS TREATMENT WINDSHIELD FR - SEG-P4,Value Addition
GLASS TREATMENT WINDSHIELD FR,998729,1,1694.92,,9,9,0,CAR CARE,GLASS TREATMENT,SEG-A,2000,GLASS TREATMENT WINDSHIELD FR - SEG-A,Value Addition
GLASS TREATMENT WINDSHIELD FR,998729,1,1694.92,,9,9,0,CAR CARE,GLASS TREATMENT,SEG-B,2000,GLASS TREATMENT WINDSHIELD FR - SEG-B,Value Addition
GLASS TREATMENT WINDSHIELD FR,998729,1,2118.64,,9,9,0,CAR CARE,GLASS TREATMENT,SEG-C,2500,GLASS TREATMENT WINDSHIELD FR - SEG-C,Value Addition
GLASS TREATMENT WINDSHIELD FR,998729,1,2966.1,,9,9,0,CAR CARE,GLASS TREATMENT,SEG-D,3500,GLASS TREATMENT WINDSHIELD FR - SEG-D,Value Addition
GLASS TREATMENT WINDSHIELD FR,998729,1,3389.83,,9,9,0,CAR CARE,GLASS TREATMENT,SEG-F,4000,GLASS TREATMENT WINDSHIELD FR - SEG-F,Value Addition
GLASS TREATMENT WINDSHIELD FR,998729,1,4237.29,,9,9,0,CAR CARE,GLASS TREATMENT,SEG-P1,5000,GLASS TREATMENT WINDSHIELD FR - SEG-P1,Value Addition
GLASS TREATMENT WINDSHIELD FR,998729,1,4237.29,,9,9,0,CAR CARE,GLASS TREATMENT,SEG-P2,5000,GLASS TREATMENT WINDSHIELD FR - SEG-P2,Value Addition
GLASS TREATMENT WINDSHIELD FR,998729,1,5084.75,,9,9,0,CAR CARE,GLASS TREATMENT,SEG-P3,6000,GLASS TREATMENT WINDSHIELD FR - SEG-P3,Value Addition
GLASS TREATMENT WINDSHIELD FR,998729,1,2118.64,,9,9,0,CAR CARE,GLASS TREATMENT,SEG-E,2500,GLASS TREATMENT WINDSHIELD FR - SEG-E,Value Addition
GLASS TREATMENT WINDSHIELD RR,998729,1,1694.92,,9,9,0,CAR CARE,GLASS TREATMENT,SEG-A,2000,GLASS TREATMENT WINDSHIELD RR - SEG-A,Value Addition
GLASS TREATMENT WINDSHIELD RR,998729,1,1694.92,,9,9,0,CAR CARE,GLASS TREATMENT,SEG-B,2000,GLASS TREATMENT WINDSHIELD RR - SEG-B,Value Addition
GLASS TREATMENT WINDSHIELD RR,998729,1,2118.64,,9,9,0,CAR CARE,GLASS TREATMENT,SEG-C,2500,GLASS TREATMENT WINDSHIELD RR - SEG-C,Value Addition
GLASS TREATMENT WINDSHIELD RR,998729,1,2966.1,,9,9,0,CAR CARE,GLASS TREATMENT,SEG-D,3500,GLASS TREATMENT WINDSHIELD RR - SEG-D,Value Addition
GLASS TREATMENT WINDSHIELD RR,998729,1,3389.83,,9,9,0,CAR CARE,GLASS TREATMENT,SEG-F,4000,GLASS TREATMENT WINDSHIELD RR - SEG-F,Value Addition
GLASS TREATMENT WINDSHIELD RR,998729,1,4237.29,,9,9,0,CAR CARE,GLASS TREATMENT,SEG-P1,5000,GLASS TREATMENT WINDSHIELD RR - SEG-P1,Value Addition
GLASS TREATMENT WINDSHIELD RR,998729,1,4237.29,,9,9,0,CAR CARE,GLASS TREATMENT,SEG-P2,5000,GLASS TREATMENT WINDSHIELD RR - SEG-P2,Value Addition
GLASS TREATMENT WINDSHIELD RR,998729,1,5084.75,,9,9,0,CAR CARE,GLASS TREATMENT,SEG-P3,6000,GLASS TREATMENT WINDSHIELD RR - SEG-P3,Value Addition
GLASS TREATMENT WINDSHIELD RR,998729,1,2118.64,,9,9,0,CAR CARE,GLASS TREATMENT,SEG-E,2500,GLASS TREATMENT WINDSHIELD RR - SEG-E,Value Addition
GLASS TREATMENT WINDSHIELD RR,998729,1,5932.2,,9,9,0,CAR CARE,GLASS TREATMENT,SEG-P4,7000,GLASS TREATMENT WINDSHIELD RR - SEG-P4,Value Addition
GLASS WINDSHIELD FR,998729,0,0,,9,9,0,"ADHESIVE, SPRAY, CLEANER",CARBURATOR CLEANER,,0,GLASS WINDSHIELD FR - ,Value Addition
GLOVE BOX LOCK O/F,998729,0,76.27,,9,9,0,BODY PARTS,GLOVE BOX,SEG-B,90,GLOVE BOX LOCK O/F - SEG-B,Bodyshop
GLOVE BOX O/F,998729,1,3050.85,,9,9,0,BODY PARTS,GLOVE BOX,,3600,GLOVE BOX O/F - ,Bodyshop
GLOW BOX REPAIR,998729,0,720.34,,9,9,0,BODY PARTS,GLOVE BOX,SEG-P3,850,GLOW BOX REPAIR - SEG-P3,Bodyshop
GLOW PANEL O/F,998729,0,974.58,,9,9,0,BODY PARTS,COWL PANEL,SEG-B,1150,GLOW PANEL O/F - SEG-B,Bodyshop
GLOW PLUG CONTROL UNIT O/F,998729,0,1042.37,,9,9,0,IGNITION,HEATER PLUG,SEG-P3,1230,GLOW PLUG CONTROL UNIT O/F - SEG-P3,Mechanical
GRAB HANDLE FITTING,998729,1,720.34,,9,9,0,BODY PARTS,DOOR HANDLE O/F,,850,GRAB HANDLE FITTING - ,Bodyshop
GRAPHENE CERAMIC COATING,998729,1,17000,,9,9,0,CAR CARE,CERAMIC COATING,,20060,GRAPHENE CERAMIC COATING - ,Value Addition
GRILL LIGHT FITTING,998729,1,900,,9,9,0,ACCESSORIES,LED LIGHT FITTING,,1062,GRILL LIGHT FITTING - ,Accessories
GRILL REPAIR LOWER,998729,1,7338.98,,9,9,0,BODY PARTS,SHOW GRILLE,SEG-F,8660,GRILL REPAIR LOWER - SEG-F,Bodyshop
GRILL REPAIR UPPER,998729,1,7338.98,,9,9,0,BODY PARTS,SHOW GRILLE,SEG-F,8660,GRILL REPAIR UPPER - SEG-F,Bodyshop
HALOGEN SPOTLIGHT FITTING ,998729,0,2449.15,,9,9,0,ELECTRICAL,HEAD LIGHT,PAJERO,2890,HALOGEN SPOTLIGHT FITTING  - PAJERO,Mechanical
HAND BRAKE ACTUATOR O/F,998729,0,10000,,9,9,0,BRAKE,BRAKE ACTUATOR,,11800,HAND BRAKE ACTUATOR O/F - ,Mechanical
HAND BRAKE CABLE O/F,998729,0,3593.22,,9,9,0,BRAKE,HAND BRAKE CABLE,SEG-P1,4240,HAND BRAKE CABLE O/F - SEG-P1,Mechanical
HAND BRAKE CABLE REPAIR RR,998729,0,508.48,,9,9,0,BRAKE,HAND BRAKE CABLE,SEG-P1,600,HAND BRAKE CABLE REPAIR RR - SEG-P1,Mechanical
HAND BRAKE LEVER O/F,998729,0,1008.48,,9,9,0,BRAKE,HAND BRAKE CABLE,SEG-C,1190,HAND BRAKE LEVER O/F - SEG-C,Mechanical
HAND BRAKE SHOE O/F,998729,0,3652.54,,9,9,0,BRAKE,HAND BRAKE LINER O/F,SEG-P2,4310,HAND BRAKE SHOE O/F - SEG-P2,Mechanical
HAND BRAKE SHOE O/F,998729,0,4872.88,,9,9,0,BRAKE,HAND BRAKE LINER O/F,SEG-P3,5750,HAND BRAKE SHOE O/F - SEG-P3,Mechanical
HAND BRAKE SHOE O/F,998729,0,6093.22,,9,9,0,BRAKE,HAND BRAKE LINER O/F,SEG-P4,7190,HAND BRAKE SHOE O/F - SEG-P4,Mechanical
HAND BRAKE SHOE O/F,998729,0,3296.61,,9,9,0,BRAKE,HAND BRAKE LINER O/F,SEG-P1,3890,HAND BRAKE SHOE O/F - SEG-P1,Mechanical
HAND BRAKE WIRING,998729,0,2872.88,,9,9,0,ELECTRICAL,WIRING REPAIR,SEG-P2,3390,HAND BRAKE WIRING - SEG-P2,Mechanical
HAND REST PADDING RR CENTER,998729,1,2872.88,,9,9,0,BODY PARTS,SEAT O/F,,3390,HAND REST PADDING RR CENTER - ,Bodyshop
HAND REST REPAIR FR RH,998729,1,2161.02,,9,9,0,UPHOLSTERY,ARM REST PADDING,SEG-P2,2550,HAND REST REPAIR FR RH - SEG-P2,Mechanical
HAND REST REPAIR RR,998729,1,1703.39,,9,9,0,UPHOLSTERY,SEAT COVER PADDING,,2010,HAND REST REPAIR RR - ,Mechanical
HAND REST SLIDER REPAIR,998729,1,1872.88,,9,9,0,BODY PARTS,SEAT O/F,,2210,HAND REST SLIDER REPAIR - ,Bodyshop
HEAD CHEMICAL WASHING,998729,1,432.2,,9,9,0,LATHE WORK,HEAD REPOWERING,SEG-D,510,HEAD CHEMICAL WASHING - SEG-D,Mechanical
HEAD FACING,998729,1,661.02,,9,9,0,LATHE WORK,HEAD REPOWERING,SEG-B,780,HEAD FACING - SEG-B,Mechanical
HEAD GASKET O/F,998729,0,4313.56,,9,9,0,ENGINE,HEAD GASKET,SEG-P1,5090,HEAD GASKET O/F - SEG-P1,Mechanical
HEAD LAMP BULB O/F - EACH,998729,0,127.12,BUMPER O/F EXTRA,9,9,0,ELECTRICAL,BULB O/F,SEG-B,150,HEAD LAMP BULB O/F - EACH - SEG-B,Mechanical
HEAD LAMP BULB O/F - EACH,998729,0,127.12,BUMPER O/F EXTRA,9,9,0,ELECTRICAL,BULB O/F,SEG-A,150,HEAD LAMP BULB O/F - EACH - SEG-A,Mechanical
HEAD LAMP BULB O/F - EACH,998729,0,127.12,BUMPER O/F EXTRA,9,9,0,ELECTRICAL,BULB O/F,SEG-E,150,HEAD LAMP BULB O/F - EACH - SEG-E,Mechanical
HEAD LAMP BULB O/F - EACH,998729,0,127.12,BUMPER O/F EXTRA,9,9,0,ELECTRICAL,BULB O/F,SEG-C,150,HEAD LAMP BULB O/F - EACH - SEG-C,Mechanical
HEAD LAMP BULB O/F - EACH,998729,0,127.12,BUMPER O/F EXTRA,9,9,0,ELECTRICAL,BULB O/F,SEG-D,150,HEAD LAMP BULB O/F - EACH - SEG-D,Mechanical
HEAD LAMP BULB O/F - EACH,998729,0,127.12,BUMPER O/F EXTRA,9,9,0,ELECTRICAL,BULB O/F,SEG-F,150,HEAD LAMP BULB O/F - EACH - SEG-F,Mechanical
HEAD LAMP BULB O/F - EACH,998729,0,372.88,BUMPER O/F EXTRA,9,9,0,ELECTRICAL,BULB O/F,SEG-P1,440,HEAD LAMP BULB O/F - EACH - SEG-P1,Mechanical
HEAD LAMP BULB O/F - EACH,998729,0,372.88,BUMPER O/F EXTRA,9,9,0,ELECTRICAL,BULB O/F,SEG-P2,440,HEAD LAMP BULB O/F - EACH - SEG-P2,Mechanical
HEAD LAMP BULB O/F - EACH,998729,0,372.88,BUMPER O/F EXTRA,9,9,0,ELECTRICAL,BULB O/F,SEG-P3,440,HEAD LAMP BULB O/F - EACH - SEG-P3,Mechanical
HEAD LAMP BULB O/F - EACH,998729,0,372.88,BUMPER O/F EXTRA,9,9,0,ELECTRICAL,BULB O/F,SEG-P4,440,HEAD LAMP BULB O/F - EACH - SEG-P4,Mechanical
HEAD LAMP SUPPORT PANEL O/F LH,998729,1,1728.81,,9,9,0,BODY PARTS,SUPPORT PANEL O/F,SEG-B,2040,HEAD LAMP SUPPORT PANEL O/F LH - SEG-B,Bodyshop
HEAD LAMP SUPPORT PANEL O/F RH,998729,1,1728.81,,9,9,0,BODY PARTS,SUPPORT PANEL O/F,SEG-B,2040,HEAD LAMP SUPPORT PANEL O/F RH - SEG-B,Bodyshop
HEAD LAMP SUPPORT PANEL O/F RH,998729,1,432.2,,9,9,0,BODY PARTS,SUPPORT PANEL O/F,SEG-SUV,510,HEAD LAMP SUPPORT PANEL O/F RH - SEG-SUV,Bodyshop
HEAD LAMP SUPPORT PANEL O/F RH,998729,1,211.86,,9,9,0,BODY PARTS,SUPPORT PANEL O/F,SEG-D,250,HEAD LAMP SUPPORT PANEL O/F RH - SEG-D,Bodyshop
HEAD LIGHT ADAPTATION,998729,0,3593.22,,9,9,0,SCANNING SERVICE,ADAPTATION,SEG-P2,4240,HEAD LIGHT ADAPTATION - SEG-P2,Mechanical
HEAD LIGHT ADAPTATION RH,998729,0,1440.68,,9,9,0,SCANNING SERVICE,ADAPTATION,P-1,1700,HEAD LIGHT ADAPTATION RH - P-1,Mechanical
HEAD LIGHT ADJUSTMENT,998729,0,1440.68,,9,9,0,ELECTRICAL,HEAD LIGHT O/F,SEG-P1,1700,HEAD LIGHT ADJUSTMENT - SEG-P1,Bodyshop
HEAD LIGHT BEZEL O/F LH,998729,1,152.54,,9,9,0,BODY PARTS,HEAD LIGHT O/F,SEG-D,180,HEAD LIGHT BEZEL O/F LH - SEG-D,Bodyshop
HEAD LIGHT BEZEL O/F RH,998729,1,152.54,,9,9,0,BODY PARTS,HEAD LIGHT O/F,SEG-D,180,HEAD LIGHT BEZEL O/F RH - SEG-D,Bodyshop
HEAD LIGHT BEZEL PAINTING LH,998729,1,720.34,,9,9,0,PAINTING SERVICE,FOG LIGHT BEZEL PAINT,SEG-D,850,HEAD LIGHT BEZEL PAINTING LH - SEG-D,Bodyshop
HEAD LIGHT BEZEL PAINTING RH,998729,1,720.34,,9,9,0,PAINTING SERVICE,FOG LIGHT BEZEL PAINT,SEG-D,850,HEAD LIGHT BEZEL PAINTING RH - SEG-D,Bodyshop
HEAD LIGHT BRACE O/F LH,998729,0,618.64,,9,9,0,ELECTRICAL,HEAD LIGHT,SEG-B,730,HEAD LIGHT BRACE O/F LH - SEG-B,Bodyshop
HEAD LIGHT BRACE O/F RH,998729,0,618.64,,9,9,0,ELECTRICAL,HEAD LIGHT,SEG-B,730,HEAD LIGHT BRACE O/F RH - SEG-B,Bodyshop
HEAD LIGHT BRACE PAINTING RH,998729,1,720.34,,9,9,0,PAINTING SERVICE,FOG LIGHT BEZEL PAINT,SEG-F,850,HEAD LIGHT BRACE PAINTING RH - SEG-F,Bodyshop
HEAD LIGHT BRACE REPAIR LH,998729,1,432.2,,9,9,0,BODY PARTS,TIE MEMBER O/F,SEG-C,510,HEAD LIGHT BRACE REPAIR LH - SEG-C,Bodyshop
HEAD LIGHT BRACE REPAIR RH,998729,1,432.2,,9,9,0,BODY PARTS,TIE MEMBER O/F,SEG-C,510,HEAD LIGHT BRACE REPAIR RH - SEG-C,Bodyshop
HEAD LIGHT BRACKET REPAIR RH,998729,1,211.86,,9,9,0,BODY PARTS,HEAD LIGHT BRACKET,SEG-C,250,HEAD LIGHT BRACKET REPAIR RH - SEG-C,Bodyshop
HEAD LIGHT CALIBRATION ,998729,0,1440.68,,9,9,0,SCANNING SERVICE,CALIBRATION,SEG-P2,1700,HEAD LIGHT CALIBRATION  - SEG-P2,Mechanical
HEAD LIGHT COMBINATION SWITCH REPAIR,998729,1,13000,,9,9,0,ELECTRICAL,COMBINATION SWITCH O/F,SEG-P2,15340,HEAD LIGHT COMBINATION SWITCH REPAIR - SEG-P2,Mechanical
HEAD LIGHT FITTING,998729,1,1186.44,,9,9,0,ELECTRICAL,HEAD LIGHT O/F,,1400,HEAD LIGHT FITTING - ,Bodyshop
HEAD LIGHT HOUSING PAINTING RH,998729,1,288.14,,9,9,0,PAINTING SERVICE,HOUSING PANEL PAINT,SEG-C,340,HEAD LIGHT HOUSING PAINTING RH - SEG-C,Bodyshop
HEAD LIGHT MODULE CODING RH,998729,1,1440.68,,9,9,0,SCANNING SERVICE,CODING,SEG-P2,1700,HEAD LIGHT MODULE CODING RH - SEG-P2,Bodyshop
HEAD LIGHT MODULE O/F,998729,0,1152.54,,9,9,0,ELECTRICAL,HEAD LIGHT,SEG-P2,1360,HEAD LIGHT MODULE O/F - SEG-P2,Bodyshop
HEAD LIGHT MODULE REPAIR LH,998729,0,17245.76,,9,9,0,ELECTRICAL,HEAD LIGHT MODULE,SEG-P1,20350,HEAD LIGHT MODULE REPAIR LH - SEG-P1,Bodyshop
HEAD LIGHT O/F LH,998729,1,2194.92,INCL BUMPER O/F,9,9,0,ELECTRICAL,HEAD LIGHT O/F,SEG-P3,2590,HEAD LIGHT O/F LH - SEG-P3,Bodyshop
HEAD LIGHT O/F LH,998729,1,1830.51,INCL BUMPER O/F,9,9,0,ELECTRICAL,HEAD LIGHT O/F,SEG-P2,2160,HEAD LIGHT O/F LH - SEG-P2,Bodyshop
HEAD LIGHT O/F LH,998729,1,728.81,INCL BUMPER O/F,9,9,0,ELECTRICAL,HEAD LIGHT O/F,SEG-A,860,HEAD LIGHT O/F LH - SEG-A,Bodyshop
HEAD LIGHT O/F LH,998729,1,728.81,INCL BUMPER O/F,9,9,0,ELECTRICAL,HEAD LIGHT O/F,SEG-E,860,HEAD LIGHT O/F LH - SEG-E,Bodyshop
HEAD LIGHT O/F LH,998729,1,2440.68,INCL BUMPER O/F,9,9,0,ELECTRICAL,HEAD LIGHT O/F,SEG-P4,2880,HEAD LIGHT O/F LH - SEG-P4,Bodyshop
HEAD LIGHT O/F LH,998729,1,915.25,INCL BUMPER O/F,9,9,0,ELECTRICAL,HEAD LIGHT O/F,SEG-F,1080,HEAD LIGHT O/F LH - SEG-F,Bodyshop
HEAD LIGHT O/F LH,998729,1,974.58,INCL BUMPER O/F,9,9,0,ELECTRICAL,HEAD LIGHT O/F,SEG-D,1150,HEAD LIGHT O/F LH - SEG-D,Bodyshop
HEAD LIGHT O/F LH,998729,1,728.81,INCL BUMPER O/F,9,9,0,ELECTRICAL,HEAD LIGHT O/F,SEG-C,860,HEAD LIGHT O/F LH - SEG-C,Bodyshop
HEAD LIGHT O/F LH,998729,1,1101.7,INCL BUMPER O/F,9,9,0,ELECTRICAL,HEAD LIGHT O/F,SEG-P1,1300,HEAD LIGHT O/F LH - SEG-P1,Bodyshop
HEAD LIGHT O/F LH,998729,1,728.81,INCL BUMPER O/F,9,9,0,ELECTRICAL,HEAD LIGHT O/F,SEG-B,860,HEAD LIGHT O/F LH - SEG-B,Bodyshop
HEAD LIGHT O/F RH,998729,1,728.81,INCL BUMPER O/F,9,9,0,ELECTRICAL,HEAD LIGHT O/F,SEG-B,860,HEAD LIGHT O/F RH - SEG-B,Bodyshop
HEAD LIGHT O/F RH,998729,1,728.81,INCL BUMPER O/F,9,9,0,ELECTRICAL,HEAD LIGHT O/F,SEG-C,860,HEAD LIGHT O/F RH - SEG-C,Bodyshop
HEAD LIGHT O/F RH,998729,1,1830.51,INCL BUMPER O/F,9,9,0,ELECTRICAL,HEAD LIGHT O/F,SEG-P2,2160,HEAD LIGHT O/F RH - SEG-P2,Bodyshop
HEAD LIGHT O/F RH,998729,1,1101.7,INCL BUMPER O/F,9,9,0,ELECTRICAL,HEAD LIGHT O/F,SEG-P1,1300,HEAD LIGHT O/F RH - SEG-P1,Bodyshop
HEAD LIGHT O/F RH,998729,1,974.58,INCL BUMPER O/F,9,9,0,ELECTRICAL,HEAD LIGHT O/F,SEG-D,1150,HEAD LIGHT O/F RH - SEG-D,Bodyshop
HEAD LIGHT O/F RH,998729,1,2194.92,INCL BUMPER O/F,9,9,0,ELECTRICAL,HEAD LIGHT O/F,SEG-P3,2590,HEAD LIGHT O/F RH - SEG-P3,Bodyshop
HEAD LIGHT O/F RH,998729,1,728.81,INCL BUMPER O/F,9,9,0,ELECTRICAL,HEAD LIGHT O/F,SEG-A,860,HEAD LIGHT O/F RH - SEG-A,Bodyshop
HEAD LIGHT O/F RH,998729,1,728.81,INCL BUMPER O/F,9,9,0,ELECTRICAL,HEAD LIGHT O/F,SEG-E,860,HEAD LIGHT O/F RH - SEG-E,Bodyshop
HEAD LIGHT O/F RH,998729,1,2440.68,INCL BUMPER O/F,9,9,0,ELECTRICAL,HEAD LIGHT O/F,SEG-P4,2880,HEAD LIGHT O/F RH - SEG-P4,Bodyshop
HEAD LIGHT O/F RH,998729,1,915.25,INCL BUMPER O/F,9,9,0,ELECTRICAL,HEAD LIGHT O/F,SEG-F,1080,HEAD LIGHT O/F RH - SEG-F,Bodyshop
HEAD LIGHT PROJECTOR FITTING,998729,1,3372.88,,9,9,0,ELECTRICAL,HEAD LIGHT O/F,,3980,HEAD LIGHT PROJECTOR FITTING - ,Bodyshop
HEAD LIGHT RELAY O/F,998729,0,177.97,,9,9,0,ELECTRICAL,RELAY,SEG-B,210,HEAD LIGHT RELAY O/F - SEG-B,Bodyshop
HEAD LIGHT REPAIR LH,998729,1,2161.02,,9,9,0,ELECTRICAL,HEAD LIGHT REPAIR,SEG-D,2550,HEAD LIGHT REPAIR LH - SEG-D,Bodyshop
HEAD LIGHT REPAIR RH,998729,1,152.54,,9,9,0,ELECTRICAL,HEAD LIGHT REPAIR,SEG-C,180,HEAD LIGHT REPAIR RH - SEG-C,Bodyshop
HEAD LIGHT REPAIR RH,998729,1,2161.02,,9,9,0,ELECTRICAL,HEAD LIGHT REPAIR,SEG-D,2550,HEAD LIGHT REPAIR RH - SEG-D,Bodyshop
HEAD LIGHT RESTORATION - BASIC,998729,1,1466.1,EACH,9,9,0,CAR CARE,HEAD LIGHT RESTORATION,SEG-P2,1730,HEAD LIGHT RESTORATION - BASIC - SEG-P2,Value Addition
HEAD LIGHT RESTORATION - BASIC,998729,1,974.58,EACH,9,9,0,CAR CARE,HEAD LIGHT RESTORATION,SEG-D,1150,HEAD LIGHT RESTORATION - BASIC - SEG-D,Value Addition
HEAD LIGHT RESTORATION - BASIC,998729,1,779.66,EACH,9,9,0,CAR CARE,HEAD LIGHT RESTORATION,SEG-B,920,HEAD LIGHT RESTORATION - BASIC - SEG-B,Value Addition
HEAD LIGHT RESTORATION - BASIC,998729,1,1466.1,EACH,9,9,0,CAR CARE,HEAD LIGHT RESTORATION,SEG-F,1730,HEAD LIGHT RESTORATION - BASIC - SEG-F,Value Addition
HEAD LIGHT RESTORATION - BASIC,998729,1,974.58,EACH,9,9,0,CAR CARE,HEAD LIGHT RESTORATION,SEG-C,1150,HEAD LIGHT RESTORATION - BASIC - SEG-C,Value Addition
HEAD LIGHT RESTORATION - BASIC,998729,1,779.66,EACH,9,9,0,CAR CARE,HEAD LIGHT RESTORATION,SEG-A,920,HEAD LIGHT RESTORATION - BASIC - SEG-A,Value Addition
HEAD LIGHT RESTORATION - BASIC,998729,1,974.58,EACH,9,9,0,CAR CARE,HEAD LIGHT RESTORATION,SEG-E,1150,HEAD LIGHT RESTORATION - BASIC - SEG-E,Value Addition
HEAD LIGHT RESTORATION - BASIC,998729,1,1466.1,EACH,9,9,0,CAR CARE,HEAD LIGHT RESTORATION,SEG-P1,1730,HEAD LIGHT RESTORATION - BASIC - SEG-P1,Value Addition
HEAD LIGHT RESTORATION - BASIC,998729,1,1949.15,EACH,9,9,0,CAR CARE,HEAD LIGHT RESTORATION,SEG-P3,2300,HEAD LIGHT RESTORATION - BASIC - SEG-P3,Value Addition
HEAD LIGHT RESTORATION - BASIC,998729,1,2440.68,EACH,9,9,0,CAR CARE,HEAD LIGHT RESTORATION,SEG-P4,2880,HEAD LIGHT RESTORATION - BASIC - SEG-P4,Value Addition
HEAD LIGHT RESTORATION - PREMIUM,998729,1,2923.73,EACH,9,9,0,CAR CARE,HEAD LIGHT RESTORATION,SEG-A,3450,HEAD LIGHT RESTORATION - PREMIUM - SEG-A,Value Addition
HEAD LIGHT RESTORATION - PREMIUM,998729,1,2923.73,EACH,9,9,0,CAR CARE,HEAD LIGHT RESTORATION,SEG-B,3450,HEAD LIGHT RESTORATION - PREMIUM - SEG-B,Value Addition
HEAD LIGHT RESTORATION - PREMIUM,998729,1,3415.25,EACH,9,9,0,CAR CARE,HEAD LIGHT RESTORATION,SEG-C,4030,HEAD LIGHT RESTORATION - PREMIUM - SEG-C,Value Addition
HEAD LIGHT RESTORATION - PREMIUM,998729,1,3415.25,EACH,9,9,0,CAR CARE,HEAD LIGHT RESTORATION,SEG-D,4030,HEAD LIGHT RESTORATION - PREMIUM - SEG-D,Value Addition
HEAD LIGHT RESTORATION - PREMIUM,998729,1,3415.25,EACH,9,9,0,CAR CARE,HEAD LIGHT RESTORATION,SEG-E,4030,HEAD LIGHT RESTORATION - PREMIUM - SEG-E,Value Addition
HEAD LIGHT RESTORATION - PREMIUM,998729,1,4872.88,EACH,9,9,0,CAR CARE,HEAD LIGHT RESTORATION,SEG-F,5750,HEAD LIGHT RESTORATION - PREMIUM - SEG-F,Value Addition
HEAD LIGHT RESTORATION - PREMIUM,998729,1,5847.46,EACH,9,9,0,CAR CARE,HEAD LIGHT RESTORATION,SEG-P1,6900,HEAD LIGHT RESTORATION - PREMIUM - SEG-P1,Value Addition
HEAD LIGHT RESTORATION - PREMIUM,998729,1,5847.46,EACH,9,9,0,CAR CARE,HEAD LIGHT RESTORATION,SEG-P2,6900,HEAD LIGHT RESTORATION - PREMIUM - SEG-P2,Value Addition
HEAD LIGHT RESTORATION - PREMIUM,998729,1,5847.46,EACH,9,9,0,CAR CARE,HEAD LIGHT RESTORATION,SEG-P3,6900,HEAD LIGHT RESTORATION - PREMIUM - SEG-P3,Value Addition
HEAD LIGHT RESTORATION - PREMIUM,998729,1,5847.46,EACH,9,9,0,CAR CARE,HEAD LIGHT RESTORATION,SEG-P4,6900,HEAD LIGHT RESTORATION - PREMIUM - SEG-P4,Value Addition
HEAD LIGHT SETTING,998729,1,466.1,,9,9,0,ELECTRICAL,HEAD LIGHT,,550,HEAD LIGHT SETTING - ,Mechanical
HEAD LIGHT SOCKET FITTING,998729,1,2372.88,,9,9,0,ELECTRICAL,BULB HOLDER,SEG-C,2800,HEAD LIGHT SOCKET FITTING - SEG-C,Mechanical
HEAD LIGHT SWITCH & HORN SWITCH & FLASHER SOLAR FITTING,998729,1,1516.95,,9,9,0,ELECTRICAL,WIRING REPAIR,,1790,HEAD LIGHT SWITCH & HORN SWITCH & FLASHER SOLAR FITTING - ,Mechanical
HEAD LIGHT SWITCH O/F,998729,0,250,,9,9,0,ELECTRICAL,COMBINATION SWITCH O/F,,295,HEAD LIGHT SWITCH O/F - ,Mechanical
HEAD LIGHT WASHER CAP PAINTING,998729,1,1000,,9,9,0,PAINTING SERVICE,BUMPER CAP PAINT,,1180,HEAD LIGHT WASHER CAP PAINTING - ,Bodyshop
HEAD LIGHT WASHER NOZZLE O/F LH,998729,1,974.58,,9,9,0,BODY PARTS,HEAD LIGHT BRACKET,,1150,HEAD LIGHT WASHER NOZZLE O/F LH - ,Bodyshop
HEAD LIGHT WASHER NOZZLE O/F RH,998729,1,974.58,,9,9,0,BODY PARTS,HEAD LIGHT BRACKET,,1150,HEAD LIGHT WASHER NOZZLE O/F RH - ,Bodyshop
HEAD LIGHT WIRING,998729,0,211.86,,9,9,0,ELECTRICAL,WIRING REPAIR,SEG-C,250,HEAD LIGHT WIRING - SEG-C,Mechanical
HEAD LIGHT WIRING O/F,998729,0,372.88,,9,9,0,ELECTRICAL,WIRING REPAIR,SEG-SUV,440,HEAD LIGHT WIRING O/F - SEG-SUV,Mechanical
HEAD LIGHT WIRING O/F,998729,0,305.09,,9,9,0,ELECTRICAL,HEAD LIGHT,SEG-B,360,HEAD LIGHT WIRING O/F - SEG-B,Mechanical
HEAD LIGHT WIRING REMOVE,998729,0,127.12,,9,9,0,ELECTRICAL,WIRING REPAIR,SEC-C,150,HEAD LIGHT WIRING REMOVE - SEC-C,Mechanical
HEAD O/F,998729,0,9745.76,,9,9,0,ENGINE,HEAD O/F,SEG-F,11500,HEAD O/F - SEG-F,Mechanical
HEAD O/F,998729,0,13398.31,,9,9,0,ENGINE,HEAD O/F,SEG-P1,15810,HEAD O/F - SEG-P1,Mechanical
HEAD O/F,998729,0,15838.98,,9,9,0,ENGINE,HEAD O/F,SEG-P3,18690,HEAD O/F - SEG-P3,Mechanical
HEAD O/F,998729,0,6093.22,,9,9,0,ENGINE,HEAD O/F,SEG-B,7190,HEAD O/F - SEG-B,Mechanical
HEAD O/F,998729,0,6093.22,,9,9,0,ENGINE,HEAD O/F,SEG-C,7190,HEAD O/F - SEG-C,Mechanical
HEAD O/F,998729,0,8525.42,,9,9,0,ENGINE,HEAD O/F,SEG-D,10060,HEAD O/F - SEG-D,Mechanical
HEAD O/F,998729,0,8525.42,,9,9,0,ENGINE,HEAD O/F,SEG-E,10060,HEAD O/F - SEG-E,Mechanical
HEAD O/F,998729,0,14618.64,,9,9,0,ENGINE,HEAD O/F,SEG-P2,17250,HEAD O/F - SEG-P2,Mechanical
HEAD O/F,998729,0,17059.32,,9,9,0,ENGINE,HEAD O/F,SEG-P4,20130,HEAD O/F - SEG-P4,Mechanical
HEAD O/F,998729,0,3050.85,,9,9,0,ENGINE,HEAD O/F,SEG-A,3600,HEAD O/F - SEG-A,Mechanical
HEAD OVERHAUL,998729,0,6474.58,OLD PRICE,9,9,0,ENGINE,HEAD O/F,SEG-B,7640,HEAD OVERHAUL - SEG-B,Mechanical
HEAD OVERHAUL,998729,0,8627.12,OLD PRICE,9,9,0,ENGINE,HEAD O/F,SEG-C,10180,HEAD OVERHAUL - SEG-C,Mechanical
HEAD OVERHAUL,998729,0,12932.2,OLD PRICE,9,9,0,ENGINE,HEAD O/F,SEG-D,15260,HEAD OVERHAUL - SEG-D,Mechanical
HEAD OVERHAUL6,998729,0,23000,N/A IN PRICE LIST,9,9,0,ENGINE,HEAD O/F,SEG-P2,27140,HEAD OVERHAUL6 - SEG-P2,Mechanical
HEAD REPAIR,998729,1,11220.34,,9,9,0,ENGINE,HEAD O/F,SEG-SUV,13240,HEAD REPAIR - SEG-SUV,Mechanical
HEAD REPOWERING,998729,1,5754.24,,9,9,0,LATHE WORK,HEAD REPOWERING,SEG-B,6790,HEAD REPOWERING - SEG-B,Mechanical
HEAD REPOWERING,998729,1,7542.37,,9,9,0,LATHE WORK,HEAD REPOWERING,SEG-D,8900,HEAD REPOWERING - SEG-D,Mechanical
HEAD REPOWERING,998729,1,6974.58,,9,9,0,LATHE WORK,HEAD REPOWERING,SEG-P2,8230,HEAD REPOWERING - SEG-P2,Mechanical
HEAD REST MONITOR FITTING,998729,1,2500,,9,9,0,ACCESSORIES,HEAD REST FITTING,,2950,HEAD REST MONITOR FITTING - ,Accessories
HEAD REST O/F FR LH,998729,1,1000,,9,9,0,ACCESSORIES,HEAD REST,,1180,HEAD REST O/F FR LH - ,Accessories
HEAD REST REMOVE,998729,0,728.81,,9,9,0,BODY PARTS,SEAT O/F,SEG-P1,860,HEAD REST REMOVE - SEG-P1,Bodyshop
HEAD REST REPAIR,998729,1,1440.68,,9,9,0,UPHOLSTERY,ARM REST PADDING,SEG-P1,1700,HEAD REST REPAIR - SEG-P1,Mechanical
HEAD SEAT CUTTING & VALVE GRINDING,998729,1,1220.34,,9,9,0,LATHE WORK,HEAD REPOWERING,SEG-D,1440,HEAD SEAT CUTTING & VALVE GRINDING - SEG-D,Mechanical
HEATER COIL LINE CANCELLATION,998729,0,1152.54,,9,9,0,AIR CONDITIONER,HEATER COIL,SEG-D,1360,HEATER COIL LINE CANCELLATION - SEG-D,Mechanical
HEATER COIL O/F,998729,0,3415.25,,9,9,0,AIR CONDITIONER,HEATER COIL O/F,SEG-B,4030,HEATER COIL O/F - SEG-B,Mechanical
HEATER COIL O/F,998729,0,3169.49,,9,9,0,AIR CONDITIONER,HEATER COIL O/F,SEG-A,3740,HEATER COIL O/F - SEG-A,Mechanical
HEATER COIL O/F,998729,0,4872.88,,9,9,0,AIR CONDITIONER,HEATER COIL O/F,SEG-C,5750,HEATER COIL O/F - SEG-C,Mechanical
HEATER COIL O/F,998729,0,5728.81,,9,9,0,AIR CONDITIONER,HEATER COIL O/F,SEG-D,6760,HEATER COIL O/F - SEG-D,Mechanical
HEATER COIL O/F,998729,0,5491.53,,9,9,0,AIR CONDITIONER,HEATER COIL O/F,SEG-E,6480,HEATER COIL O/F - SEG-E,Mechanical
HEATER COIL O/F,998729,0,6220.34,,9,9,0,AIR CONDITIONER,HEATER COIL O/F,SEG-F,7340,HEATER COIL O/F - SEG-F,Mechanical
HEATER COIL O/F,998729,0,9745.76,,9,9,0,AIR CONDITIONER,HEATER COIL O/F,SEG-P1,11500,HEATER COIL O/F - SEG-P1,Mechanical
HEATER COIL O/F,998729,0,10966.1,,9,9,0,AIR CONDITIONER,HEATER COIL O/F,SEG-P2,12940,HEATER COIL O/F - SEG-P2,Mechanical
HEATER COIL O/F,998729,0,12186.44,,9,9,0,AIR CONDITIONER,HEATER COIL O/F,SEG-P3,14380,HEATER COIL O/F - SEG-P3,Mechanical
HEATER COIL O/F,998729,0,14618.64,,9,9,0,AIR CONDITIONER,HEATER COIL O/F,SEG-P4,17250,HEATER COIL O/F - SEG-P4,Mechanical
HEATER CONTROLLER O/F,998729,0,254.24,,9,9,0,IGNITION,HEATER PLUG,,300,HEATER CONTROLLER O/F - ,Mechanical
HEATER ELBOW O/F,998729,0,974.58,,9,9,0,AIR CONDITIONER,HEATER ELBOW,SEG-D,1150,HEATER ELBOW O/F - SEG-D,Mechanical
HEATER HOSE O/F,998729,0,3296.61,,9,9,0,AIR CONDITIONER,HEATER HOSE O/F,SEG-P3,3890,HEATER HOSE O/F - SEG-P3,Mechanical
HEATER HOSE O/F,998729,0,3593.22,,9,9,0,AIR CONDITIONER,HEATER HOSE O/F,SEG-P4,4240,HEATER HOSE O/F - SEG-P4,Mechanical
HEATER HOSE O/F,998729,0,618.64,,9,9,0,AIR CONDITIONER,HEATER HOSE O/F,SEG-C,730,HEATER HOSE O/F - SEG-C,Mechanical
HEATER HOSE O/F,998729,0,618.64,,9,9,0,AIR CONDITIONER,HEATER HOSE O/F,SEG-B,730,HEATER HOSE O/F - SEG-B,Mechanical
HEATER HOSE O/F,998729,0,1466.1,,9,9,0,AIR CONDITIONER,HEATER HOSE O/F,SEG-D,1730,HEATER HOSE O/F - SEG-D,Mechanical
HEATER HOSE O/F,998729,0,618.64,,9,9,0,AIR CONDITIONER,HEATER HOSE O/F,SEG-E,730,HEATER HOSE O/F - SEG-E,Mechanical
HEATER HOSE O/F,998729,0,423.73,,9,9,0,AIR CONDITIONER,HEATER HOSE O/F,SEG-A,500,HEATER HOSE O/F - SEG-A,Mechanical
HEATER HOSE O/F,998729,0,1152.54,,9,9,0,AIR CONDITIONER,HEATER HOSE O/F,SEG-F,1360,HEATER HOSE O/F - SEG-F,Mechanical
HEATER HOSE O/F,998729,0,2194.92,,9,9,0,AIR CONDITIONER,HEATER HOSE O/F,SEG-P1,2590,HEATER HOSE O/F - SEG-P1,Mechanical
HEATER HOSE O/F,998729,0,2677.97,,9,9,0,AIR CONDITIONER,HEATER HOSE O/F,SEG-P2,3160,HEATER HOSE O/F - SEG-P2,Mechanical
HEATER HOSE REPIAR,998729,0,720.34,,9,9,0,AIR CONDITIONER,HEATER HOSE,SEG-B,850,HEATER HOSE REPIAR - SEG-B,Mechanical
HEATER MOTER O/F,998729,0,855.93,,9,9,0,ENGINE,SERVO MOTOR,SEG-C,1010,HEATER MOTER O/F - SEG-C,Mechanical
HEATER PLUG SET O/F,998729,0,1466.1,,9,9,0,IGNITION,IGNITION PLUG O/F,SEG-E,1730,HEATER PLUG SET O/F - SEG-E,Mechanical
HEATER PLUG SET O/F,998729,0,974.58,,9,9,0,IGNITION,IGNITION PLUG O/F,SEG-B,1150,HEATER PLUG SET O/F - SEG-B,Mechanical
HEATER PLUG SET O/F,998729,0,1101.7,,9,9,0,IGNITION,IGNITION PLUG O/F,SEG-C,1300,HEATER PLUG SET O/F - SEG-C,Mechanical
HEATER PLUG SET O/F,998729,0,1466.1,,9,9,0,IGNITION,IGNITION PLUG O/F,SEG-D,1730,HEATER PLUG SET O/F - SEG-D,Mechanical
HEATER PLUG SET O/F,998729,0,2194.92,,9,9,0,IGNITION,IGNITION PLUG O/F,SEG-F,2590,HEATER PLUG SET O/F - SEG-F,Mechanical
HEATER PLUG SET O/F,998729,0,2440.68,,9,9,0,IGNITION,IGNITION PLUG O/F,SEG-P1,2880,HEATER PLUG SET O/F - SEG-P1,Mechanical
HEATER PLUG SET O/F,998729,0,2923.73,,9,9,0,IGNITION,IGNITION PLUG O/F,SEG-P2,3450,HEATER PLUG SET O/F - SEG-P2,Mechanical
HEATER PLUG SET O/F,998729,0,3652.54,,9,9,0,IGNITION,IGNITION PLUG O/F,SEG-P3,4310,HEATER PLUG SET O/F - SEG-P3,Mechanical
HEATER PLUG SET O/F,998729,0,4872.88,,9,9,0,IGNITION,IGNITION PLUG O/F,SEG-P4,5750,HEATER PLUG SET O/F - SEG-P4,Mechanical
HEATER PLUG WIRE O/F,998729,0,754.24,,9,9,0,IGNITION,PLUG WIRE,,890,HEATER PLUG WIRE O/F - ,Mechanical
HEATER PLUG WIRING REPAIR,998729,0,4864.41,,9,9,0,ELECTRICAL,WIRING REPAIR,SEG-D,5740,HEATER PLUG WIRING REPAIR - SEG-D,Mechanical
HIGH PRESSURE PUMP O/F,998729,0,4271.19,,9,9,0,FUEL SYSTEM,FUEL PUMP O/F,SEG-C,5040,HIGH PRESSURE PUMP O/F - SEG-C,Mechanical
HIGH PRESSURE PUMP SERVICE,998729,0,4669.49,,9,9,0,FUEL SYSTEM,FUEL PUMP,SEG-C,5510,HIGH PRESSURE PUMP SERVICE - SEG-C,Mechanical
HIGHT LEVEL SEOSOR O/F,998729,0,2872.88,,9,9,0,SUSPENSION,ABS SENSOR,SEG-P3,3390,HIGHT LEVEL SEOSOR O/F - SEG-P3,Mechanical
HOOD ASSY PAINTING,998729,1,11220.34,,9,9,0,PAINTING SERVICE,BONET PAINT,SEG-SUV,13240,HOOD ASSY PAINTING - SEG-SUV,Bodyshop
HOOD ASSY PAINTING,998729,1,7906.78,,9,9,0,PAINTING SERVICE,BONET PAINT,SEG-C,9330,HOOD ASSY PAINTING - SEG-C,Bodyshop
HOOD ASSY PAINTING,998729,1,6474.58,,9,9,0,PAINTING SERVICE,BONET PAINT,SEG-D,7640,HOOD ASSY PAINTING - SEG-D,Bodyshop
HOOD ASSY PAINTING,998729,1,12228.81,,9,9,0,PAINTING SERVICE,BONET PAINT,SEG-P3,14430,HOOD ASSY PAINTING - SEG-P3,Bodyshop
HOOD ASSY PAINTING ,998729,1,10067.8,,9,9,0,PAINTING SERVICE,BONET PAINT,SEG-P1,11880,HOOD ASSY PAINTING  - SEG-P1,Bodyshop
HOOD EMBLEM FITTING,998729,1,1440.68,,9,9,0,BODY PARTS,EMBLEM,seg-p2,1700,HOOD EMBLEM FITTING - seg-p2,Bodyshop
HOOD EMBLEM PAINTING,998729,1,1254.24,,9,9,0,PAINTING SERVICE,EMBLEM PAINT,,1480,HOOD EMBLEM PAINTING - ,Bodyshop
HOOD GARNISH O/F LH,998729,1,211.86,,9,9,0,BODY PARTS,BONET GARNISH,SEG-P1,250,HOOD GARNISH O/F LH - SEG-P1,Bodyshop
HOOD GARNISH O/F RH,998729,1,211.86,,9,9,0,BODY PARTS,BONET GARNISH,SEG-P1,250,HOOD GARNISH O/F RH - SEG-P1,Bodyshop
HOOD GRAPHICS O/F,998729,1,0,,9,9,0,BODY PARTS,BONET GARNISH,SEG-P1,0,HOOD GRAPHICS O/F - SEG-P1,Bodyshop
HOOD HINGE REPAIR,998729,1,4855.93,,9,9,0,BODY PARTS,BONET HINGES,,5730,HOOD HINGE REPAIR - ,Bodyshop
HOOD HINGES PAINTING,998729,0,974.58,,9,9,0,PAINTING SERVICE,DOOR HINGE PAINT,,1150,HOOD HINGES PAINTING - ,Bodyshop
HOOD HINGES SET FITTING,998729,1,872.88,,9,9,0,BODY PARTS,BONET HINGES,,1030,HOOD HINGES SET FITTING - ,Bodyshop
HOOD INSULATOR O/F,998729,1,1042.37,,9,9,0,BODY PARTS,WATER DEFLECTOR,,1230,HOOD INSULATOR O/F - ,Bodyshop
HOOD LATCH CABLE O/F,998729,1,432.2,,9,9,0,BODY PARTS,BONET CABLE,SEG-P1,510,HOOD LATCH CABLE O/F - SEG-P1,Bodyshop
HOOD LATCH O/F,998729,0,1440.68,,9,9,0,BODY PARTS,BONET LATCH,SEG-P1,1700,HOOD LATCH O/F - SEG-P1,Bodyshop
HOOD LIFTER O/F,998729,0,423.73,,9,9,0,BODY PARTS,BONET LIFTER,,500,HOOD LIFTER O/F - ,Bodyshop
HOOD LINER O/F,998729,1,754.24,,9,9,0,BODY PARTS,BONET LATCH,SEG-P4,890,HOOD LINER O/F - SEG-P4,Bodyshop
HOOD LOCK MEMBER O/F,998729,0,1220.34,,9,9,0,BODY PARTS,BONET LOCK PANEL REPAIR,SEG-C,1440,HOOD LOCK MEMBER O/F - SEG-C,Bodyshop
HOOD LOCK PANEL O/F,998729,1,432.2,,9,9,0,BODY PARTS,BONET LOCK PANEL O/F,SEG-SUV,510,HOOD LOCK PANEL O/F - SEG-SUV,Bodyshop
HOOD LOCK PANEL O/F,998729,1,288.14,,9,9,0,BODY PARTS,BONET LOCK PANEL O/F,SEG-B,340,HOOD LOCK PANEL O/F - SEG-B,Bodyshop
HOOD LOCK PANEL O/F,998729,1,508.48,,9,9,0,BODY PARTS,BONET LOCK PANEL O/F,SEG-P1,600,HOOD LOCK PANEL O/F - SEG-P1,Bodyshop
HOOD LOCK PANEL PAINTING,998729,1,720.34,,9,9,0,PAINTING SERVICE,BONET PAINT,SEG-E,850,HOOD LOCK PANEL PAINTING - SEG-E,Bodyshop
HOOD LOCK PANEL REPAIR,998729,1,508.48,,9,9,0,BODY PARTS,BONET LOCK PANEL REPAIR,SEG-SUV,600,HOOD LOCK PANEL REPAIR - SEG-SUV,Bodyshop
HOOD LOCK PANEL REPAIR,998729,1,932.2,,9,9,0,BODY PARTS,BONET LOCK PANEL REPAIR,SEG-D,1100,HOOD LOCK PANEL REPAIR - SEG-D,Bodyshop
HOOD LOCK PANEL REPAIR,998729,1,644.07,,9,9,0,BODY PARTS,BONET LOCK PANEL REPAIR,SEG-B,760,HOOD LOCK PANEL REPAIR - SEG-B,Bodyshop
HOOD LOCK PANEL REPAIR,998729,1,508.48,,9,9,0,BODY PARTS,BONET LOCK PANEL REPAIR,SEG-C,600,HOOD LOCK PANEL REPAIR - SEG-C,Bodyshop
HOOD LOCK SET PAINTING,998729,1,2161.02,,9,9,0,PAINTING SERVICE,DOOR HINGE PAINT,,2550,HOOD LOCK SET PAINTING - ,Bodyshop
HOOD MOULDING O/F,998729,0,618.64,,9,9,0,BODY PARTS,BONET MOULDING,SEG-P2,730,HOOD MOULDING O/F - SEG-P2,Bodyshop
HOOD MOULDING PAINTING,998729,1,0,,9,9,0,PAINTING SERVICE,MOULDING PAINT,SEG-B,0,HOOD MOULDING PAINTING - SEG-B,Bodyshop
HOOD OPENER LEVER O/F,998729,0,2372.88,,9,9,0,BODY PARTS,BONET CABLE,SEG-P1,2800,HOOD OPENER LEVER O/F - SEG-P1,Bodyshop
HOOD PANEL O/F,998729,1,508.48,,9,9,0,BODY PARTS,BONET O/F,SEG-SUV,600,HOOD PANEL O/F - SEG-SUV,Bodyshop
HOOD PANEL O/F,998729,1,932.2,,9,9,0,BODY PARTS,BONET O/F,SEG;-D,1100,HOOD PANEL O/F - SEG;-D,Bodyshop
HOOD PANEL O/F ,998729,1,932.2,,9,9,0,BODY PARTS,BONET O/F,SEG-P1,1100,HOOD PANEL O/F  - SEG-P1,Bodyshop
HOOD PANEL O/F,998729,1,364.41,,9,9,0,BODY PARTS,BONET O/F,SEG-B,430,HOOD PANEL O/F - SEG-B,Bodyshop
HOOD PANEL O/F,998729,1,2449.15,,9,9,0,BODY PARTS,BONET O/F,SEG-P3,2890,HOOD PANEL O/F - SEG-P3,Bodyshop
HOOD PANEL O/F,998729,1,1440.68,,9,9,0,BODY PARTS,BONET O/F,SEG-P2,1700,HOOD PANEL O/F - SEG-P2,Bodyshop
HOOD PANEL PAINTING,998729,1,0,,9,9,0,PAINTING SERVICE,BONET PAINT,SEG-P2,0,HOOD PANEL PAINTING - SEG-P2,Bodyshop
HOOD PANEL PAINTING,998729,1,0,,9,9,0,PAINTING SERVICE,BONET PAINT,SEG-A,0,HOOD PANEL PAINTING - SEG-A,Bodyshop
HOOD PANEL PAINTING,998729,1,0,,9,9,0,PAINTING SERVICE,BONET PAINT,SEG-D,0,HOOD PANEL PAINTING - SEG-D,Bodyshop
HOOD PANEL PAINTING,998729,1,0,,9,9,0,PAINTING SERVICE,BONET PAINT,SEG-P3,0,HOOD PANEL PAINTING - SEG-P3,Bodyshop
HOOD PANEL PAINTING,998729,1,7457.63,,9,9,0,PAINTING SERVICE,BONET PAINT,SEG-B,8800,HOOD PANEL PAINTING - SEG-B,Bodyshop
HOOD PANEL PAINTING,998729,1,0,,9,9,0,PAINTING SERVICE,BONET PAINT,SEG-C,0,HOOD PANEL PAINTING - SEG-C,Bodyshop
HOOD PANEL PAINTING,998729,1,0,,9,9,0,PAINTING SERVICE,BONET PAINT,SEG-P1,0,HOOD PANEL PAINTING - SEG-P1,Bodyshop
HOOD PANEL PAINTING,998729,1,0,,9,9,0,PAINTING SERVICE,BONET PAINT,SEG-SUV,0,HOOD PANEL PAINTING - SEG-SUV,Bodyshop
HOOD PANEL PAINTING,998729,1,11508.48,,9,9,0,PAINTING SERVICE,BONET PAINT,MINI COOPER,13580,HOOD PANEL PAINTING - MINI COOPER,Bodyshop
HOOD PANEL REPAIR,998729,1,1440.68,,9,9,0,BODY PARTS,BONET REPAIR,SEG-P2,1700,HOOD PANEL REPAIR - SEG-P2,Bodyshop
HOOD PANEL REPAIR,998729,1,1152.54,,9,9,0,BODY PARTS,BONET REPAIR,SEG-C,1360,HOOD PANEL REPAIR - SEG-C,Bodyshop
HOOD PANEL REPAIR,998729,1,4313.56,,9,9,0,BODY PARTS,BONET REPAIR,SEG-P1,5090,HOOD PANEL REPAIR - SEG-P1,Bodyshop
HOOD PANEL REPAIR ,998729,1,288.14,,9,9,0,BODY PARTS,BONET REPAIR,SEG-D,340,HOOD PANEL REPAIR  - SEG-D,Bodyshop
HOOD PANEL REPAIR,998729,1,7906.78,,9,9,0,BODY PARTS,BONET REPAIR,SEG-SUV,9330,HOOD PANEL REPAIR - SEG-SUV,Bodyshop
HOOD PANEL REPAIR,998729,1,796.61,,9,9,0,BODY PARTS,BONET REPAIR,SEG-C,940,HOOD PANEL REPAIR - SEG-C,Bodyshop
HOOD PANEL REPAIR,998729,1,855.93,,9,9,0,BODY PARTS,BONET REPAIR,SEG-P3,1010,HOOD PANEL REPAIR - SEG-P3,Bodyshop
HOOD PANEL REPAIR,998729,1,3593.22,,9,9,0,BODY PARTS,BONET REPAIR,SEG-A,4240,HOOD PANEL REPAIR - SEG-A,Bodyshop
HOOD STRIP O/F,998729,1,152.54,,9,9,0,BODY PARTS,BONET,SEG-P1 (1X100),180,HOOD STRIP O/F - SEG-P1 (1X100),Bodyshop
HOOD TOUCH UP,998729,1,8627.12,,9,9,0,PAINTING SERVICE,HOUSING PANEL PAINT,SEG-P1,10180,HOOD TOUCH UP - SEG-P1,Bodyshop
HORN ASSY O/F,998729,0,177.97,BUMPER O/F EXTRA,9,9,0,ELECTRICAL,HORN,SEG-E,210,HORN ASSY O/F - SEG-E,Mechanical
HORN ASSY O/F,998729,0,915.25,BUMPER O/F EXTRA,9,9,0,ELECTRICAL,HORN,SEG-P4,1080,HORN ASSY O/F - SEG-P4,Mechanical
HORN ASSY O/F,998729,0,127.12,BUMPER O/F EXTRA,9,9,0,ELECTRICAL,HORN O/F,SEG-A,150,HORN ASSY O/F - SEG-A,Mechanical
HORN ASSY O/F,998729,0,177.97,BUMPER O/F EXTRA,9,9,0,ELECTRICAL,HORN O/F,SEG-B,210,HORN ASSY O/F - SEG-B,Mechanical
HORN ASSY O/F,998729,0,177.97,BUMPER O/F EXTRA,9,9,0,ELECTRICAL,HORN O/F,SEG-C,210,HORN ASSY O/F - SEG-C,Mechanical
HORN ASSY O/F,998729,0,305.09,BUMPER O/F EXTRA,9,9,0,ELECTRICAL,HORN O/F,SEG-D,360,HORN ASSY O/F - SEG-D,Mechanical
HORN ASSY O/F,998729,0,305.09,BUMPER O/F EXTRA,9,9,0,ELECTRICAL,HORN O/F,SEG-F,360,HORN ASSY O/F - SEG-F,Mechanical
HORN ASSY O/F,998729,0,550.85,BUMPER O/F EXTRA,9,9,0,ELECTRICAL,HORN O/F,SEG-P1,650,HORN ASSY O/F - SEG-P1,Mechanical
HORN ASSY O/F,998729,0,669.49,BUMPER O/F EXTRA,9,9,0,ELECTRICAL,HORN O/F,SEG-P2,790,HORN ASSY O/F - SEG-P2,Mechanical
HORN ASSY O/F,998729,0,796.61,BUMPER O/F EXTRA,9,9,0,ELECTRICAL,HORN O/F,SEG-P3,940,HORN ASSY O/F - SEG-P3,Mechanical
HORN SOCKET O/F,998729,1,254.24,,9,9,0,ELECTRICAL,BULB HOLDER,,300,HORN SOCKET O/F - ,Mechanical
HORN SPIRAL CABLE O/F,998729,0,5491.53,,9,9,0,ELECTRICAL,SPIRAL CABLE O/F,SEG-P4,6480,HORN SPIRAL CABLE O/F - SEG-P4,Mechanical
HORN SPIRAL CABLE O/F,998729,0,915.25,,9,9,0,ELECTRICAL,SPIRAL CABLE O/F,SEG-E,1080,HORN SPIRAL CABLE O/F - SEG-E,Mechanical
HORN SPIRAL CABLE O/F,998729,0,618.64,,9,9,0,ELECTRICAL,SPIRAL CABLE O/F,SEG-B,730,HORN SPIRAL CABLE O/F - SEG-B,Mechanical
HORN SPIRAL CABLE O/F,998729,0,915.25,,9,9,0,ELECTRICAL,SPIRAL CABLE O/F,SEG-C,1080,HORN SPIRAL CABLE O/F - SEG-C,Mechanical
HORN SPIRAL CABLE O/F,998729,0,1466.1,,9,9,0,ELECTRICAL,SPIRAL CABLE O/F,SEG-D,1730,HORN SPIRAL CABLE O/F - SEG-D,Mechanical
HORN SPIRAL CABLE O/F,998729,0,1466.1,,9,9,0,ELECTRICAL,SPIRAL CABLE O/F,SEG-F,1730,HORN SPIRAL CABLE O/F - SEG-F,Mechanical
HORN SPIRAL CABLE O/F,998729,0,4271.19,,9,9,0,ELECTRICAL,SPIRAL CABLE O/F,SEG-P1,5040,HORN SPIRAL CABLE O/F - SEG-P1,Mechanical
HORN SPIRAL CABLE O/F,998729,0,4271.19,,9,9,0,ELECTRICAL,SPIRAL CABLE O/F,SEG-P2,5040,HORN SPIRAL CABLE O/F - SEG-P2,Mechanical
HORN SPIRAL CABLE O/F,998729,0,4872.88,,9,9,0,ELECTRICAL,SPIRAL CABLE O/F,SEG-P3,5750,HORN SPIRAL CABLE O/F - SEG-P3,Mechanical
HORN SPIRAL CABLE O/F,998729,0,550.85,,9,9,0,ELECTRICAL,SPIRAL CABLE O/F,SEG-A,650,HORN SPIRAL CABLE O/F - SEG-A,Mechanical
HORN SPIRAL CABLE REPAIR,998729,1,9347.46,,9,9,0,ELECTRICAL,SPIRAL CABLE,SEG-P1,11030,HORN SPIRAL CABLE REPAIR - SEG-P1,Mechanical
HORN WIRING REPAIR,998729,0,211.86,,9,9,0,ELECTRICAL,WIRING REPAIR,SEG-C,250,HORN WIRING REPAIR - SEG-C,Mechanical
HOSE PIPE AND ELBOW CLEANING,998729,0,1728.81,,9,9,0,ENGINE COOLING,HOSE PIPE,MCB-E250,2040,HOSE PIPE AND ELBOW CLEANING - MCB-E250,Mechanical
HYBRID CERAMIC POLISH,998729,1,6822.03,,9,9,0,CAR CARE,HYBRID CERAMIC POLISH,SEG-C,8050,HYBRID CERAMIC POLISH - SEG-C,Value Addition
HYBRID CERAMIC POLISH,998729,1,6822.03,,9,9,0,CAR CARE,HYBRID CERAMIC POLISH,SEG-A,8050,HYBRID CERAMIC POLISH - SEG-A,Value Addition
HYBRID CERAMIC POLISH,998729,1,6822.03,,9,9,0,CAR CARE,HYBRID CERAMIC POLISH,SEG-B,8050,HYBRID CERAMIC POLISH - SEG-B,Value Addition
HYBRID CERAMIC POLISH,998729,1,7796.61,,9,9,0,CAR CARE,HYBRID CERAMIC POLISH,SEG-D,9200,HYBRID CERAMIC POLISH - SEG-D,Value Addition
HYBRID CERAMIC POLISH,998729,1,7796.61,,9,9,0,CAR CARE,HYBRID CERAMIC POLISH,SEG-E,9200,HYBRID CERAMIC POLISH - SEG-E,Value Addition
HYBRID CERAMIC POLISH,998729,1,8771.19,,9,9,0,CAR CARE,HYBRID CERAMIC POLISH,SEG-F,10350,HYBRID CERAMIC POLISH - SEG-F,Value Addition
HYBRID CERAMIC POLISH,998729,1,9745.76,,9,9,0,CAR CARE,HYBRID CERAMIC POLISH,SEG-P1,11500,HYBRID CERAMIC POLISH - SEG-P1,Value Addition
HYBRID CERAMIC POLISH,998729,1,9745.76,,9,9,0,CAR CARE,HYBRID CERAMIC POLISH,SEG-P2,11500,HYBRID CERAMIC POLISH - SEG-P2,Value Addition
HYBRID CERAMIC POLISH,998729,1,11694.92,,9,9,0,CAR CARE,HYBRID CERAMIC POLISH,SEG-P3,13800,HYBRID CERAMIC POLISH - SEG-P3,Value Addition
HYBRID CERAMIC POLISH,998729,1,11694.92,,9,9,0,CAR CARE,HYBRID CERAMIC POLISH,SEG-P4,13800,HYBRID CERAMIC POLISH - SEG-P4,Value Addition
HYDROGRAPHICS JOB WORK,998729,1,855.93,,9,9,0,ELECTRICAL,ECM REPAIR,,1010,HYDROGRAPHICS JOB WORK - ,Mechanical
IDLER BEARING O/F,998729,0,423.73,,9,9,0,ENGINE,IDLER BEARING O/F,SEG-A,500,IDLER BEARING O/F - SEG-A,Mechanical
IDLER BEARING O/F,998729,0,796.61,,9,9,0,ENGINE,IDLER BEARING O/F,SEG-C,940,IDLER BEARING O/F - SEG-C,Mechanical
IDLER BEARING O/F,998729,0,1525.42,,9,9,0,ENGINE,IDLER BEARING O/F,SEG-D,1800,IDLER BEARING O/F - SEG-D,Mechanical
IDLER BEARING O/F,998729,0,1152.54,,9,9,0,ENGINE,IDLER BEARING O/F,SEG-E,1360,IDLER BEARING O/F - SEG-E,Mechanical
IDLER BEARING O/F,998729,0,1466.1,,9,9,0,ENGINE,IDLER BEARING O/F,SEG-F,1730,IDLER BEARING O/F - SEG-F,Mechanical
IDLER BEARING O/F,998729,0,2440.68,,9,9,0,ENGINE,IDLER BEARING O/F,SEG-P2,2880,IDLER BEARING O/F - SEG-P2,Mechanical
IDLER BEARING O/F,998729,0,2805.09,,9,9,0,ENGINE,IDLER BEARING O/F,SEG-P3,3310,IDLER BEARING O/F - SEG-P3,Mechanical
IDLER BEARING O/F,998729,0,3050.85,,9,9,0,ENGINE,IDLER BEARING O/F,SEG-P4,3600,IDLER BEARING O/F - SEG-P4,Mechanical
IDLER BEARING O/F,998729,0,796.61,,9,9,0,ENGINE,IDLER BEARING O/F,SEG-B,940,IDLER BEARING O/F - SEG-B,Mechanical
IDLER BEARING O/F,998729,0,2194.92,,9,9,0,ENGINE,IDLER BEARING O/F,SEG-P1,2590,IDLER BEARING O/F - SEG-P1,Mechanical
IGNITION COIL O/F,998729,0,177.97,EACH,9,9,0,IGNITION,IGNITION COIL O/F,SEG-A,210,IGNITION COIL O/F - SEG-A,Mechanical
IGNITION COIL O/F,998729,0,177.97,EACH,9,9,0,IGNITION,IGNITION COIL O/F,SEG-B,210,IGNITION COIL O/F - SEG-B,Mechanical
IGNITION COIL O/F,998729,0,177.97,EACH,9,9,0,IGNITION,IGNITION COIL O/F,SEG-C,210,IGNITION COIL O/F - SEG-C,Mechanical
IGNITION COIL O/F,998729,0,305.09,EACH,9,9,0,IGNITION,IGNITION COIL O/F,SEG-D,360,IGNITION COIL O/F - SEG-D,Mechanical
IGNITION COIL O/F,998729,0,305.09,EACH,9,9,0,IGNITION,IGNITION COIL O/F,SEG-F,360,IGNITION COIL O/F - SEG-F,Mechanical
IGNITION COIL O/F,998729,0,669.49,EACH,9,9,0,IGNITION,IGNITION COIL O/F,SEG-P1,790,IGNITION COIL O/F - SEG-P1,Mechanical
IGNITION COIL O/F,998729,0,728.81,EACH,9,9,0,IGNITION,IGNITION COIL O/F,SEG-P2,860,IGNITION COIL O/F - SEG-P2,Mechanical
IGNITION COIL O/F,998729,0,974.58,EACH,9,9,0,IGNITION,IGNITION COIL O/F,SEG-P3,1150,IGNITION COIL O/F - SEG-P3,Mechanical
IGNITION COIL O/F,998729,0,305.09,EACH,9,9,0,IGNITION,IGNITION COIL O/F,SEG-E,360,IGNITION COIL O/F - SEG-E,Mechanical
IGNITION COIL O/F,998729,0,974.58,EACH,9,9,0,IGNITION,IGNITION COIL O/F,SEG-P4,1150,IGNITION COIL O/F - SEG-P4,Mechanical
IGNITION COIL REPAIR,998729,1,1847.46,,9,9,0,IGNITION,IGNITION COIL O/F,,2180,IGNITION COIL REPAIR - ,Mechanical
IGNITION LOCK REPAIR,998729,0,3228.81,,9,9,0,IGNITION,IGNITION LOCK SET,SEG-C,3810,IGNITION LOCK REPAIR - SEG-C,Mechanical
IGNITION LOCK SET O/F,998729,0,1525.42,,9,9,0,ELECTRICAL,IGNITION LOCK SET O/F,SEG-B,1800,IGNITION LOCK SET O/F - SEG-B,Mechanical
IGNITION LOCK SET O/F,998729,0,1525.42,,9,9,0,ELECTRICAL,IGNITION LOCK SET O/F,SEG-C,1800,IGNITION LOCK SET O/F - SEG-C,Mechanical
IGNITION LOCK SET O/F,998729,0,1152.54,,9,9,0,ELECTRICAL,IGNITION LOCK SET O/F,SEG-A,1360,IGNITION LOCK SET O/F - SEG-A,Mechanical
IGNITION LOCK SET O/F,998729,0,1525.42,,9,9,0,ELECTRICAL,IGNITION LOCK SET O/F,SEG-E,1800,IGNITION LOCK SET O/F - SEG-E,Mechanical
IGNITION LOCK SET O/F,998729,0,1830.51,,9,9,0,ELECTRICAL,IGNITION LOCK SET O/F,SEG-F,2160,IGNITION LOCK SET O/F - SEG-F,Mechanical
IGNITION SWITCH REPLACE,998729,0,1152.54,,9,9,0,IGNITION,IGNITION COIL,SEG-C,1360,IGNITION SWITCH REPLACE - SEG-C,Mechanical
IMMOBILIZER CODING,998729,1,1296.61,,9,9,0,SCANNING SERVICE,CODING,SEG-C,1530,IMMOBILIZER CODING - SEG-C,Mechanical
IMMOBILIZER CODING W/KEY,998729,1,8627.12,,9,9,0,ELECTRICAL,IMMOBILIZER CODING,SEG-C,10180,IMMOBILIZER CODING W/KEY - SEG-C,Mechanical
IMPACT SENSOR O/F,998729,0,211.86,,9,9,0,ELECTRICAL,SENSOR O/F,SEG-B,250,IMPACT SENSOR O/F - SEG-B,Mechanical
INDICATOR LAMP BULB O/F,998729,0,76.27,,9,9,0,ELECTRICAL,BULB,COMMON,90,INDICATOR LAMP BULB O/F - COMMON,Mechanical
INFOTAINMENT SYSTEM INSTALLATION CHARGES,998729,0,10000,,9,9,0,ACCESSORIES,MUSIC PLAYER,common,11800,INFOTAINMENT SYSTEM INSTALLATION CHARGES - common,Accessories
INJECTOR AIR BLEEDING,998729,0,1220.34,,9,9,0,FUEL SYSTEM,INJECTOR SERVICE,SEG-D,1440,INJECTOR AIR BLEEDING - SEG-D,Mechanical
INJECTOR AIR BLEEDING,998729,0,1440.68,,9,9,0,FUEL SYSTEM,INJECTOR SERVICE,SEG-P1,1700,INJECTOR AIR BLEEDING - SEG-P1,Mechanical
INJECTOR BOLT O/F,998729,0,677.97,,9,9,0,FUEL SYSTEM,HEATER PLUG,SEG-C,800,INJECTOR BOLT O/F - SEG-C,Mechanical
INJECTOR CLEAN(PTL),998729,0,245.76,EACH,9,9,0,FUEL SYSTEM,INJECTOR SERVICE,SEG-E,290,INJECTOR CLEAN(PTL) - SEG-E,Mechanical
INJECTOR CLEAN(PTL),998729,0,423.73,EACH,9,9,0,FUEL SYSTEM,INJECTOR SERVICE,SEG-P4,500,INJECTOR CLEAN(PTL) - SEG-P4,Mechanical
INJECTOR CLEAN(ptl),998729,0,423.73,EACH,9,9,0,FUEL SYSTEM,INJECTOR SERVICE,SEG-P2,500,INJECTOR CLEAN(ptl) - SEG-P2,Mechanical
INJECTOR CLEAN(PTL),998729,0,423.73,EACH,9,9,0,FUEL SYSTEM,INJECTOR SERVICE,SEG-P3,500,INJECTOR CLEAN(PTL) - SEG-P3,Mechanical
INJECTOR CLEAN(PTL),998729,0,245.76,EACH,9,9,0,FUEL SYSTEM,INJECTOR SERVICE,SEG-A,290,INJECTOR CLEAN(PTL) - SEG-A,Mechanical
INJECTOR CLEAN(PTL),998729,0,245.76,EACH,9,9,0,FUEL SYSTEM,INJECTOR SERVICE,SEG-B,290,INJECTOR CLEAN(PTL) - SEG-B,Mechanical
INJECTOR CLEAN(PTL),998729,0,245.76,EACH,9,9,0,FUEL SYSTEM,INJECTOR SERVICE,SEG-C,290,INJECTOR CLEAN(PTL) - SEG-C,Mechanical
INJECTOR CLEAN(PTL),998729,0,372.88,EACH,9,9,0,FUEL SYSTEM,INJECTOR SERVICE,SEG-D,440,INJECTOR CLEAN(PTL) - SEG-D,Mechanical
INJECTOR CLEAN(PTL),998729,0,245.76,EACH,9,9,0,FUEL SYSTEM,INJECTOR SERVICE,SEG-F,290,INJECTOR CLEAN(PTL) - SEG-F,Mechanical
INJECTOR CLEAN(PTL),998729,0,423.73,EACH,9,9,0,FUEL SYSTEM,INJECTOR SERVICE,SEG-P1,500,INJECTOR CLEAN(PTL) - SEG-P1,Mechanical
INJECTOR MODULE REPAIR,998729,0,15237.29,,9,9,0,FUEL SYSTEM,INJECTOR NOZZLE ,,17980,INJECTOR MODULE REPAIR - ,Mechanical
INJECTOR REPAIR & SERVICE,998729,1,22279.66,,9,9,0,FUEL SYSTEM,INJECTOR SERVICE,SEG-P1,26290,INJECTOR REPAIR & SERVICE - SEG-P1,Mechanical
INJECTOR REPAIR & SERVICE,998729,1,7483.05,,9,9,0,FUEL SYSTEM,INJECTOR SERVICE,SEG-B (SET-OF-4-PCS),8830,INJECTOR REPAIR & SERVICE - SEG-B (SET-OF-4-PCS),Mechanical
INJECTOR REPAIR & SERVICE,998729,1,14093.22,,9,9,0,FUEL SYSTEM,INJECTOR SERVICE,SEG-SUV (SET-OF-4PCS),16630,INJECTOR REPAIR & SERVICE - SEG-SUV (SET-OF-4PCS),Mechanical
INJECTOR SERVICE & CALIBRATION,998729,1,4533.9,,9,9,0,FUEL SYSTEM,INJECTOR SERVICE,SEG-P2,5350,INJECTOR SERVICE & CALIBRATION - SEG-P2,Mechanical
INJECTOR SERVICE & CALIBRATION,998729,1,1830.51,,9,9,0,FUEL SYSTEM,INJECTOR SERVICE,SEG-P2 (6NOS),2160,INJECTOR SERVICE & CALIBRATION - SEG-P2 (6NOS),Mechanical
INJECTOR SERVICE & CALIBRATION (DSL),998729,1,8550.85,,9,9,0,FUEL SYSTEM,INJECTOR SERVICE,SEG-P2,10090,INJECTOR SERVICE & CALIBRATION (DSL) - SEG-P2,Mechanical
INJECTOR SERVICE & CALIBRATION(DSL) ,998729,1,15093.22,,9,9,0,FUEL SYSTEM,INJECTOR SERVICE,SEG-P3,17810,INJECTOR SERVICE & CALIBRATION(DSL)  - SEG-P3,Mechanical
INJECTOR SERVICE & CALIBRATION(PTL),998729,1,2872.88,,9,9,0,FUEL SYSTEM,INJECTOR SERVICE,SEG-P2,3390,INJECTOR SERVICE & CALIBRATION(PTL) - SEG-P2,Mechanical
INJECTOR SOCKET O/F,998729,0,2100,,9,9,0,FUEL SYSTEM,INJECTOR O/F,,2478,INJECTOR SOCKET O/F - ,Mechanical
INJECTOR TESTING,998729,0,1466.1,,9,9,0,FUEL SYSTEM,INJECTOR O/F,SEG-D,1730,INJECTOR TESTING - SEG-D,Mechanical
INJECTOR WIRING REPAIR,998729,0,5491.53,,9,9,0,FUEL SYSTEM,INJECTOR O/F,SEG-P1,6480,INJECTOR WIRING REPAIR - SEG-P1,Mechanical
INJECTR SEAL O/F,998729,1,254.24,,9,9,0,FUEL SYSTEM,INJECTOR O/F,,300,INJECTR SEAL O/F - ,Mechanical
INSPECTION CHARGE,998729,0,491.53,,9,9,0,GENERAL SERVICE,ESTIMATE CHARGE,SEG-A,580,INSPECTION CHARGE - SEG-A,Mechanical
INSPECTION CHARGE,998729,0,618.64,,9,9,0,GENERAL SERVICE,ESTIMATE CHARGE,SEG-B,730,INSPECTION CHARGE - SEG-B,Mechanical
INSPECTION CHARGE,998729,0,855.93,,9,9,0,GENERAL SERVICE,ESTIMATE CHARGE,SEG-C,1010,INSPECTION CHARGE - SEG-C,Mechanical
INSPECTION CHARGE,998729,0,1042.37,,9,9,0,GENERAL SERVICE,ESTIMATE CHARGE,SEG-D,1230,INSPECTION CHARGE - SEG-D,Mechanical
INSPECTION CHARGE,998729,0,855.93,,9,9,0,GENERAL SERVICE,ESTIMATE CHARGE,SEG-E,1010,INSPECTION CHARGE - SEG-E,Mechanical
INSPECTION CHARGE,998729,0,1101.7,,9,9,0,GENERAL SERVICE,ESTIMATE CHARGE,SEG-F,1300,INSPECTION CHARGE - SEG-F,Mechanical
INSPECTION CHARGE,998729,0,1830.51,,9,9,0,GENERAL SERVICE,ESTIMATE CHARGE,SEG-P1-P2,2160,INSPECTION CHARGE - SEG-P1-P2,Mechanical
INSPECTION CHARGE,998729,0,2440.68,,9,9,0,GENERAL SERVICE,ESTIMATE CHARGE,SEG-P3,2880,INSPECTION CHARGE - SEG-P3,Mechanical
INSPECTION CHARGE,998729,0,3050.85,,9,9,0,GENERAL SERVICE,ESTIMATE CHARGE,SEG-P4,3600,INSPECTION CHARGE - SEG-P4,Mechanical
INSTRUMENT CLUSTER WIRING REPAIR,998729,1,36550.85,,9,9,0,ELECTRICAL,WIRING REPAIR,SEG-P2,43130,INSTRUMENT CLUSTER WIRING REPAIR - SEG-P2,Mechanical
INTAKE MANIFOLD O/F,998729,0,796.61,,9,9,0,ENGINE,MANIFOLD,SEG-C,940,INTAKE MANIFOLD O/F - SEG-C,Mechanical
INTAKE MANIFOLD REPAIR,998729,0,796.61,,9,9,0,ENGINE,SILENCER,seg-suv,940,INTAKE MANIFOLD REPAIR - seg-suv,Mechanical
INTAKE MANIFOLD SERVICE,998729,0,2161.02,,9,9,0,ENGINE,MANIFOLD,,2550,INTAKE MANIFOLD SERVICE - ,Mechanical
INTELLIGENT SENSOR O/F,998729,0,618.64,,9,9,0,ELECTRICAL,SENSOR O/F,SEG-P1,730,INTELLIGENT SENSOR O/F - SEG-P1,Mechanical
INTERCOOLER HOSE O/F,998729,0,669.49,,9,9,0,ENGINE COOLING,INTERCOOLER HOSE O/F,SEG-D,790,INTERCOOLER HOSE O/F - SEG-D,Mechanical
INTERCOOLER HOSE O/F,998729,0,2440.68,,9,9,0,ENGINE COOLING,INTERCOOLER HOSE O/F,SEG-P2,2880,INTERCOOLER HOSE O/F - SEG-P2,Mechanical
INTERCOOLER HOSE O/F,998729,0,3050.85,,9,9,0,ENGINE COOLING,INTERCOOLER HOSE O/F,SEG-P3,3600,INTERCOOLER HOSE O/F - SEG-P3,Mechanical
INTERCOOLER HOSE O/F,998729,0,669.49,,9,9,0,ENGINE COOLING,INTERCOOLER HOSE O/F,SEG-B,790,INTERCOOLER HOSE O/F - SEG-B,Mechanical
INTERCOOLER HOSE O/F,998729,0,669.49,,9,9,0,ENGINE COOLING,INTERCOOLER HOSE O/F,SEG-C,790,INTERCOOLER HOSE O/F - SEG-C,Mechanical
INTERCOOLER HOSE O/F,998729,0,669.49,,9,9,0,ENGINE COOLING,INTERCOOLER HOSE O/F,SEG-E,790,INTERCOOLER HOSE O/F - SEG-E,Mechanical
INTERCOOLER HOSE O/F,998729,0,1466.1,,9,9,0,ENGINE COOLING,INTERCOOLER HOSE O/F,SEG-F,1730,INTERCOOLER HOSE O/F - SEG-F,Mechanical
INTERCOOLER HOSE O/F,998729,0,1466.1,,9,9,0,ENGINE COOLING,INTERCOOLER HOSE O/F,SEG-P1,1730,INTERCOOLER HOSE O/F - SEG-P1,Mechanical
INTERCOOLER HOSE O/F,998729,0,3652.54,,9,9,0,ENGINE COOLING,INTERCOOLER HOSE O/F,SEG-P4,4310,INTERCOOLER HOSE O/F - SEG-P4,Mechanical
INTERCOOLER HOSE REPAIR,998729,1,2805.09,,9,9,0,ENGINE COOLING,INTERCOOLER HOSE O/F,SEG-D,3310,INTERCOOLER HOSE REPAIR - SEG-D,Mechanical
INTERCOOLER O/F,998729,0,728.81,BUMPER O/F EXTRA,9,9,0,ENGINE COOLING,INTERCOOLER O/F,SEG-F,860,INTERCOOLER O/F - SEG-F,Mechanical
INTERCOOLER O/F,998729,0,550.85,BUMPER O/F EXTRA,9,9,0,ENGINE COOLING,INTERCOOLER O/F,SEG-D,650,INTERCOOLER O/F - SEG-D,Mechanical
INTERCOOLER O/F,998729,0,550.85,BUMPER O/F EXTRA,9,9,0,ENGINE COOLING,INTERCOOLER O/F,SEG-B,650,INTERCOOLER O/F - SEG-B,Mechanical
INTERCOOLER O/F,998729,0,550.85,BUMPER O/F EXTRA,9,9,0,ENGINE COOLING,INTERCOOLER O/F,SEG-C,650,INTERCOOLER O/F - SEG-C,Mechanical
INTERCOOLER O/F,998729,0,550.85,BUMPER O/F EXTRA,9,9,0,ENGINE COOLING,INTERCOOLER O/F,SEG-E,650,INTERCOOLER O/F - SEG-E,Mechanical
INTERCOOLER O/F,998729,0,2076.27,BUMPER O/F EXTRA,9,9,0,ENGINE COOLING,INTERCOOLER O/F,SEG-P1,2450,INTERCOOLER O/F - SEG-P1,Mechanical
INTERCOOLER O/F,998729,0,2805.09,BUMPER O/F EXTRA,9,9,0,ENGINE COOLING,INTERCOOLER O/F,SEG-P2,3310,INTERCOOLER O/F - SEG-P2,Mechanical
INTERCOOLER O/F,998729,0,3050.85,BUMPER O/F EXTRA,9,9,0,ENGINE COOLING,INTERCOOLER O/F,SEG-P3,3600,INTERCOOLER O/F - SEG-P3,Mechanical
INTERCOOLER O/F,998729,0,3652.54,BUMPER O/F EXTRA,9,9,0,ENGINE COOLING,INTERCOOLER O/F,SEG-P4,4310,INTERCOOLER O/F - SEG-P4,Mechanical
INTERCOOLER REPAIR,998729,0,2254.24,,9,9,0,ENGINE COOLING,INTERCOOLER,SEG-SUV,2660,INTERCOOLER REPAIR - SEG-SUV,Mechanical
INTERCOOLER SERVICE,998729,0,974.58,,9,9,0,ENGINE COOLING,INTERCOOLER,SEG-B,1150,INTERCOOLER SERVICE - SEG-B,Mechanical
INTERIOR CLEANING,998729,1,5932.2,,9,9,0,CAR CARE,INTERIOR CLEANING,SEG-P3-7-STR,7000,INTERIOR CLEANING - SEG-P3-7-STR,Value Addition
INTERIOR CLEANING,998729,1,5932.2,,9,9,0,CAR CARE,INTERIOR CLEANING,SEG-P4-7-STR,7000,INTERIOR CLEANING - SEG-P4-7-STR,Value Addition
INTERIOR CLEANING,998729,1,2118.64,,9,9,0,CAR CARE,INTERIOR CLEANING,SEG-C,2500,INTERIOR CLEANING - SEG-C,Value Addition
INTERIOR CLEANING,998729,1,2118.64,,9,9,0,CAR CARE,INTERIOR CLEANING,SEG-E,2500,INTERIOR CLEANING - SEG-E,Value Addition
INTERIOR CLEANING,998729,1,3389.83,,9,9,0,CAR CARE,INTERIOR CLEANING,SEG-P1,4000,INTERIOR CLEANING - SEG-P1,Value Addition
INTERIOR CLEANING,998729,1,4237.29,,9,9,0,CAR CARE,INTERIOR CLEANING,SEG-P3-5-STR,5000,INTERIOR CLEANING - SEG-P3-5-STR,Value Addition
INTERIOR CLEANING,998729,1,3389.83,,9,9,0,CAR CARE,INTERIOR CLEANING,SEG-F,4000,INTERIOR CLEANING - SEG-F,Value Addition
INTERIOR CLEANING,998729,1,3389.83,,9,9,0,CAR CARE,INTERIOR CLEANING,SEG-P2,4000,INTERIOR CLEANING - SEG-P2,Value Addition
INTERIOR CLEANING,998729,1,4237.29,,9,9,0,CAR CARE,INTERIOR CLEANING,SEG-P4-5-STR,5000,INTERIOR CLEANING - SEG-P4-5-STR,Value Addition
INTERIOR CLEANING,998729,1,2118.64,,9,9,0,CAR CARE,INTERIOR CLEANING,SEG-A,2500,INTERIOR CLEANING - SEG-A,Value Addition
INTERIOR CLEANING,998729,1,2118.64,,9,9,0,CAR CARE,INTERIOR CLEANING,SEG-B,2500,INTERIOR CLEANING - SEG-B,Value Addition
INTERIOR CLEANING,998729,1,2118.64,,9,9,0,CAR CARE,INTERIOR CLEANING,SEG-D,2500,INTERIOR CLEANING - SEG-D,Value Addition
INTERIOR CLEANING - F/C,998729,1,1754.24,,9,9,0,CAR CARE,INTERIOR CLEANING,SEG-C,0,INTERIOR CLEANING - F/C - SEG-C,Value Addition
INTERIOR CLEANING - F/C,998729,1,0,,9,9,0,CAR CARE,INTERIOR CLEANING,SEG-A,0,INTERIOR CLEANING - F/C - SEG-A,Value Addition
INTERIOR CLEANING - F/C,998729,1,0,,9,9,0,CAR CARE,INTERIOR CLEANING,SEG-B,0,INTERIOR CLEANING - F/C - SEG-B,Value Addition
INTERIOR CLEANING - F/C,998729,1,0,,9,9,0,CAR CARE,INTERIOR CLEANING,SEG-D,0,INTERIOR CLEANING - F/C - SEG-D,Value Addition
INTERIOR CLEANING - F/C,998729,1,0,,9,9,0,CAR CARE,INTERIOR CLEANING,SEG-E,0,INTERIOR CLEANING - F/C - SEG-E,Value Addition
INTERIOR CLEANING - F/C,998729,1,0,,9,9,0,CAR CARE,INTERIOR CLEANING,SEG-F,0,INTERIOR CLEANING - F/C - SEG-F,Value Addition
INTERIOR CLEANING PLUS - F/C,998729,1,0,,9,9,0,CAR CARE,INTERIOR CLEANING,SEG-C,0,INTERIOR CLEANING PLUS - F/C - SEG-C,Value Addition
INTERIOR CLEANING PLUS - F/C,998729,1,0,,9,9,0,CAR CARE,INTERIOR CLEANING,SEG-F,0,INTERIOR CLEANING PLUS - F/C - SEG-F,Value Addition
INTERIOR CLEANING PLUS - F/C,998729,1,0,,9,9,0,CAR CARE,INTERIOR CLEANING,SEG-A,0,INTERIOR CLEANING PLUS - F/C - SEG-A,Value Addition
INTERIOR CLEANING PLUS - F/C,998729,1,0,,9,9,0,CAR CARE,INTERIOR CLEANING,SEG-B,0,INTERIOR CLEANING PLUS - F/C - SEG-B,Value Addition
INTERIOR CLEANING PLUS - F/C,998729,1,0,,9,9,0,CAR CARE,INTERIOR CLEANING,SEG-D,0,INTERIOR CLEANING PLUS - F/C - SEG-D,Value Addition
INTERIOR CLEANING PLUS - F/C,998729,1,0,,9,9,0,CAR CARE,INTERIOR CLEANING,SEG-E,0,INTERIOR CLEANING PLUS - F/C - SEG-E,Value Addition
INTERIOR CLEANING PLUS - G/L,998729,1,0,,9,9,0,CAR CARE,INTERIOR CLEANING,SEG-A,0,INTERIOR CLEANING PLUS - G/L - SEG-A,Value Addition
INTERIOR CLEANING PLUS - G/L,998729,1,0,,9,9,0,CAR CARE,INTERIOR CLEANING,SEG-B,0,INTERIOR CLEANING PLUS - G/L - SEG-B,Value Addition
INTERIOR CLEANING PLUS - G/L,998729,1,0,,9,9,0,CAR CARE,INTERIOR CLEANING,SEG-D,0,INTERIOR CLEANING PLUS - G/L - SEG-D,Value Addition
INTERIOR CLEANING PLUS - G/L,998729,1,0,,9,9,0,CAR CARE,INTERIOR CLEANING,SEG-E,0,INTERIOR CLEANING PLUS - G/L - SEG-E,Value Addition
INTERIOR CLEANING PLUS - G/L,998729,1,0,,9,9,0,CAR CARE,INTERIOR CLEANING,SEG-F,0,INTERIOR CLEANING PLUS - G/L - SEG-F,Value Addition
INTERIOR CLEANING PLUS - G/L,998729,1,0,,9,9,0,CAR CARE,INTERIOR CLEANING,SEG-P2,0,INTERIOR CLEANING PLUS - G/L - SEG-P2,Value Addition
INTERIOR CLEANING PLUS - G/L,998729,1,0,,9,9,0,CAR CARE,INTERIOR CLEANING,SEG-C,0,INTERIOR CLEANING PLUS - G/L - SEG-C,Value Addition
INTERIOR CLEANING PLUS - G/L,998729,1,0,,9,9,0,CAR CARE,INTERIOR CLEANING,SEG-P1,0,INTERIOR CLEANING PLUS - G/L - SEG-P1,Value Addition
INTERIOR CUSTOMISATION WORK,998729,1,25000,,9,9,0,ACCESSORIES,BODY CUSTOMISATION,,29500,INTERIOR CUSTOMISATION WORK - ,Accessories
INTERIOR PAINTING,998729,1,6254.24,,9,9,0,PAINTING SERVICE,TRIM PAINT,,7380,INTERIOR PAINTING - ,Bodyshop
INTERIOR TRIM O/F,998729,1,1830.51,,9,9,0,BODY PARTS,DOOR TRIM,SEG-F,2160,INTERIOR TRIM O/F - SEG-F,Bodyshop
INTERIOR TRIM RESTORATION,998729,1,1466.1,,9,9,0,CAR CARE,INTERIOR CLEANING,SEG-F,1730,INTERIOR TRIM RESTORATION - SEG-F,Value Addition
INTERIOR WORK,998729,1,7194.92,,9,9,0,UPHOLSTERY,SEAT COVER PADDING,COMMON,8490,INTERIOR WORK - COMMON,Mechanical
INVERTER WIRING,998729,1,855.93,,9,9,0,ELECTRICAL,WIRING REPAIR,,1010,INVERTER WIRING - ,Mechanical
JUMP START,998729,0,423.73,,9,9,0,GENERAL SERVICE,JUMPER START,COMMON,500,JUMP START - COMMON,Mechanical
K&N AIR FILTER SERVICE,998729,0,669.49,,9,9,0,FILTERATION,K&N FILTER SERVICE,SEG-B,790,K&N AIR FILTER SERVICE - SEG-B,Mechanical
K&N AIR FILTER SERVICE,998729,0,974.58,,9,9,0,FILTERATION,K&N FILTER SERVICE,SEG-P3,1150,K&N AIR FILTER SERVICE - SEG-P3,Mechanical
K&N AIR FILTER SERVICE,998729,0,491.53,,9,9,0,FILTERATION,K&N FILTER SERVICE,SEG-A,580,K&N AIR FILTER SERVICE - SEG-A,Mechanical
K&N AIR FILTER SERVICE,998729,0,669.49,,9,9,0,FILTERATION,K&N FILTER SERVICE,SEG-C,790,K&N AIR FILTER SERVICE - SEG-C,Mechanical
K&N AIR FILTER SERVICE,998729,0,669.49,,9,9,0,FILTERATION,K&N FILTER SERVICE,SEG-E,790,K&N AIR FILTER SERVICE - SEG-E,Mechanical
K&N AIR FILTER SERVICE,998729,0,915.25,,9,9,0,FILTERATION,K&N FILTER SERVICE,SEG-F,1080,K&N AIR FILTER SERVICE - SEG-F,Mechanical
K&N AIR FILTER SERVICE,998729,0,728.81,,9,9,0,FILTERATION,K&N FILTER SERVICE,SEG-P1,860,K&N AIR FILTER SERVICE - SEG-P1,Mechanical
K&N AIR FILTER SERVICE,998729,0,855.93,,9,9,0,FILTERATION,K&N FILTER SERVICE,SEG-P2,1010,K&N AIR FILTER SERVICE - SEG-P2,Mechanical
K&N AIR FILTER SERVICE,998729,0,1101.7,,9,9,0,FILTERATION,K&N FILTER SERVICE,SEG-P4,1300,K&N AIR FILTER SERVICE - SEG-P4,Mechanical
K&N AIR FILTER SERVICE,998729,0,728.81,,9,9,0,FILTERATION,K&N FILTER SERVICE,SEG-D,860,K&N AIR FILTER SERVICE - SEG-D,Mechanical
KAMAN REPAIR,998729,1,3500,,9,9,0,SUSPENSION,KAMAN LEAF SPRING O/F,,4130,KAMAN REPAIR - ,Mechanical
KEY BODY O/F,998729,1,3288.14,,9,9,0,ELECTRICAL,KEY FITTING,,3880.01,KEY BODY O/F - ,Mechanical
KEY CODING,998729,1,5601.7,,9,9,0,SCANNING SERVICE,CODING,SEG-B,6610,KEY CODING - SEG-B,Mechanical
KEY CODING W/KEY,998729,0,54822.03,,9,9,0,ELECTRICAL,KEY REPAIR,SEG-P3,64690,KEY CODING W/KEY - SEG-P3,Mechanical
KEY COVER PAINTING,998729,1,1220.34,,9,9,0,PAINTING SERVICE,DOOR HANDLE PAINT,,1440,KEY COVER PAINTING - ,Bodyshop
KEY CUTTING,998729,1,1313.56,,9,9,0,ELECTRICAL,KEY REPAIR,,1550,KEY CUTTING - ,Mechanical
KEY FITTING IN REMOTE,998729,1,974.58,,9,9,0,ACCESSORIES,REMOTE COVER,,1150,KEY FITTING IN REMOTE - ,Accessories
KEY LOCK O/F,998729,0,2161.02,,9,9,0,ELECTRICAL,KEY REPAIR,SEG-D,2550,KEY LOCK O/F - SEG-D,Mechanical
KEY MODULE REPAIR AND PROGRAMING,998729,1,11200,,9,9,0,ELECTRICAL,ECM REPAIR,,13216,KEY MODULE REPAIR AND PROGRAMING - ,Mechanical
KEY PROGRAMMING,998729,0,10279.66,,9,9,0,ELECTRICAL,KEY REPAIR,SEG-D,12130,KEY PROGRAMMING - SEG-D,Mechanical
KEY REPAIR ,998729,1,1864.41,,9,9,0,ELECTRICAL,KEY REPAIR,SEG-C,2200,KEY REPAIR  - SEG-C,Mechanical
KEY RF RECEIVER WIRING CHECK & REPAIR,998729,0,5686.44,,9,9,0,ELECTRICAL,KEY REPAIR,SEG-P2,6710,KEY RF RECEIVER WIRING CHECK & REPAIR - SEG-P2,Mechanical
KNUCKLE NUT/BOLT FITTING,998729,1,288.14,,9,9,0,SUSPENSION,KAMAN CENTRE BOLT,,340,KNUCKLE NUT/BOLT FITTING - ,Mechanical
KNUCKLE O/F FR BH,998729,0,1703.39,,9,9,0,STEERING SYSTEM,KNUCKLE O/F,SEG-A,2010,KNUCKLE O/F FR BH - SEG-A,Mechanical
KNUCKLE O/F FR BH,998729,0,1949.15,,9,9,0,STEERING SYSTEM,KNUCKLE O/F,SEG-B,2300,KNUCKLE O/F FR BH - SEG-B,Mechanical
KNUCKLE O/F FR BH,998729,0,1949.15,,9,9,0,STEERING SYSTEM,KNUCKLE O/F,SEG-C,2300,KNUCKLE O/F FR BH - SEG-C,Mechanical
KNUCKLE O/F FR BH,998729,0,3652.54,,9,9,0,STEERING SYSTEM,KNUCKLE O/F,SEG-D,4310,KNUCKLE O/F FR BH - SEG-D,Mechanical
KNUCKLE O/F FR BH,998729,0,2923.73,,9,9,0,STEERING SYSTEM,KNUCKLE O/F,SEG-F,3450,KNUCKLE O/F FR BH - SEG-F,Mechanical
KNUCKLE O/F FR BH,998729,0,7313.56,,9,9,0,STEERING SYSTEM,KNUCKLE O/F,SEG-P1,8630,KNUCKLE O/F FR BH - SEG-P1,Mechanical
KNUCKLE O/F FR BH,998729,0,8525.42,,9,9,0,STEERING SYSTEM,KNUCKLE O/F,SEG-P2,10060,KNUCKLE O/F FR BH - SEG-P2,Mechanical
KNUCKLE O/F FR BH,998729,0,12796.61,,9,9,0,STEERING SYSTEM,KNUCKLE O/F,SEG-P3,15100,KNUCKLE O/F FR BH - SEG-P3,Mechanical
KNUCKLE O/F FR BH,998729,0,1949.15,,9,9,0,STEERING SYSTEM,KNUCKLE O/F,SEG-E,2300,KNUCKLE O/F FR BH - SEG-E,Mechanical
KNUCKLE O/F FR BH,998729,0,17059.32,,9,9,0,STEERING SYSTEM,KNUCKLE O/F,SEG-P4,20130,KNUCKLE O/F FR BH - SEG-P4,Mechanical
KNUCKLE O/F FR LH,998729,0,974.58,,9,9,0,STEERING SYSTEM,KNUCKLE O/F,SEG-E,1150,KNUCKLE O/F FR LH - SEG-E,Mechanical
KNUCKLE O/F FR LH,998729,0,8525.42,,9,9,0,STEERING SYSTEM,KNUCKLE O/F,SEG-P4,10060,KNUCKLE O/F FR LH - SEG-P4,Mechanical
KNUCKLE O/F FR LH,998729,0,855.93,,9,9,0,STEERING SYSTEM,KNUCKLE O/F,SEG-A,1010,KNUCKLE O/F FR LH - SEG-A,Mechanical
KNUCKLE O/F FR LH,998729,0,974.58,,9,9,0,STEERING SYSTEM,KNUCKLE O/F,SEG-B,1150,KNUCKLE O/F FR LH - SEG-B,Mechanical
KNUCKLE O/F FR LH,998729,0,974.58,,9,9,0,STEERING SYSTEM,KNUCKLE O/F,SEG-C,1150,KNUCKLE O/F FR LH - SEG-C,Mechanical
KNUCKLE O/F FR LH,998729,0,1830.51,,9,9,0,STEERING SYSTEM,KNUCKLE O/F,SEG-D,2160,KNUCKLE O/F FR LH - SEG-D,Mechanical
KNUCKLE O/F FR LH,998729,0,1466.1,,9,9,0,STEERING SYSTEM,KNUCKLE O/F,SEG-F,1730,KNUCKLE O/F FR LH - SEG-F,Mechanical
KNUCKLE O/F FR LH,998729,0,3652.54,,9,9,0,STEERING SYSTEM,KNUCKLE O/F,SEG-P1,4310,KNUCKLE O/F FR LH - SEG-P1,Mechanical
KNUCKLE O/F FR LH,998729,0,4271.19,,9,9,0,STEERING SYSTEM,KNUCKLE O/F,SEG-P2,5040,KNUCKLE O/F FR LH - SEG-P2,Mechanical
KNUCKLE O/F FR LH,998729,0,6398.31,,9,9,0,STEERING SYSTEM,KNUCKLE O/F,SEG-P3,7550,KNUCKLE O/F FR LH - SEG-P3,Mechanical
KNUCKLE O/F FR RH,998729,0,855.93,,9,9,0,STEERING SYSTEM,KNUCKLE O/F,SEG-A,1010,KNUCKLE O/F FR RH - SEG-A,Mechanical
KNUCKLE O/F FR RH,998729,0,974.58,,9,9,0,STEERING SYSTEM,KNUCKLE O/F,SEG-B,1150,KNUCKLE O/F FR RH - SEG-B,Mechanical
KNUCKLE O/F FR RH,998729,0,974.58,,9,9,0,STEERING SYSTEM,KNUCKLE O/F,SEG-C,1150,KNUCKLE O/F FR RH - SEG-C,Mechanical
KNUCKLE O/F FR RH,998729,0,1830.51,,9,9,0,STEERING SYSTEM,KNUCKLE O/F,SEG-D,2160,KNUCKLE O/F FR RH - SEG-D,Mechanical
KNUCKLE O/F FR RH,998729,0,1466.1,,9,9,0,STEERING SYSTEM,KNUCKLE O/F,SEG-F,1730,KNUCKLE O/F FR RH - SEG-F,Mechanical
KNUCKLE O/F FR RH,998729,0,3652.54,,9,9,0,STEERING SYSTEM,KNUCKLE O/F,SEG-P1,4310,KNUCKLE O/F FR RH - SEG-P1,Mechanical
KNUCKLE O/F FR RH,998729,0,4271.19,,9,9,0,STEERING SYSTEM,KNUCKLE O/F,SEG-P2,5040,KNUCKLE O/F FR RH - SEG-P2,Mechanical
KNUCKLE O/F FR RH,998729,0,6398.31,,9,9,0,STEERING SYSTEM,KNUCKLE O/F,SEG-P3,7550,KNUCKLE O/F FR RH - SEG-P3,Mechanical
KNUCKLE O/F FR RH,998729,0,974.58,,9,9,0,STEERING SYSTEM,KNUCKLE O/F,SEG-E,1150,KNUCKLE O/F FR RH - SEG-E,Mechanical
KNUCKLE O/F FR RH,998729,0,8525.42,,9,9,0,STEERING SYSTEM,KNUCKLE O/F,SEG-P4,10060,KNUCKLE O/F FR RH - SEG-P4,Mechanical
KNUCKLE O/F RR BH,998729,0,2194.92,,9,9,0,STEERING SYSTEM,KNUCKLE O/F,SEG-E,2590,KNUCKLE O/F RR BH - SEG-E,Mechanical
KNUCKLE O/F RR BH,998729,0,17059.32,,9,9,0,STEERING SYSTEM,KNUCKLE O/F,SEG-P4,20130,KNUCKLE O/F RR BH - SEG-P4,Mechanical
KNUCKLE O/F RR BH,998729,0,1949.15,,9,9,0,STEERING SYSTEM,KNUCKLE O/F,SEG-A,2300,KNUCKLE O/F RR BH - SEG-A,Mechanical
KNUCKLE O/F RR BH,998729,0,1949.15,,9,9,0,STEERING SYSTEM,KNUCKLE O/F,SEG-B,2300,KNUCKLE O/F RR BH - SEG-B,Mechanical
KNUCKLE O/F RR BH,998729,0,2076.27,,9,9,0,STEERING SYSTEM,KNUCKLE O/F,SEG-C,2450,KNUCKLE O/F RR BH - SEG-C,Mechanical
KNUCKLE O/F RR BH,998729,0,2923.73,,9,9,0,STEERING SYSTEM,KNUCKLE O/F,SEG-D,3450,KNUCKLE O/F RR BH - SEG-D,Mechanical
KNUCKLE O/F RR BH,998729,0,3169.49,,9,9,0,STEERING SYSTEM,KNUCKLE O/F,SEG-F,3740,KNUCKLE O/F RR BH - SEG-F,Mechanical
KNUCKLE O/F RR BH,998729,0,7313.56,,9,9,0,STEERING SYSTEM,KNUCKLE O/F,SEG-P1,8630,KNUCKLE O/F RR BH - SEG-P1,Mechanical
KNUCKLE O/F RR BH,998729,0,8525.42,,9,9,0,STEERING SYSTEM,KNUCKLE O/F,SEG-P2,10060,KNUCKLE O/F RR BH - SEG-P2,Mechanical
KNUCKLE O/F RR BH,998729,0,12796.61,,9,9,0,STEERING SYSTEM,KNUCKLE O/F,SEG-P3,15100,KNUCKLE O/F RR BH - SEG-P3,Mechanical
KNUCKLE O/F RR LH,998729,0,974.58,,9,9,0,STEERING SYSTEM,KNUCKLE O/F,SEG-A,1150,KNUCKLE O/F RR LH - SEG-A,Mechanical
KNUCKLE O/F RR LH,998729,0,974.58,,9,9,0,STEERING SYSTEM,KNUCKLE O/F,SEG-B,1150,KNUCKLE O/F RR LH - SEG-B,Mechanical
KNUCKLE O/F RR LH,998729,0,1042.37,,9,9,0,STEERING SYSTEM,KNUCKLE O/F,SEG-C,1230,KNUCKLE O/F RR LH - SEG-C,Mechanical
KNUCKLE O/F RR LH,998729,0,1466.1,,9,9,0,STEERING SYSTEM,KNUCKLE O/F,SEG-D,1730,KNUCKLE O/F RR LH - SEG-D,Mechanical
KNUCKLE O/F RR LH,998729,0,1593.22,,9,9,0,STEERING SYSTEM,KNUCKLE O/F,SEG-F,1880,KNUCKLE O/F RR LH - SEG-F,Mechanical
KNUCKLE O/F RR LH,998729,0,3652.54,,9,9,0,STEERING SYSTEM,KNUCKLE O/F,SEG-P1,4310,KNUCKLE O/F RR LH - SEG-P1,Mechanical
KNUCKLE O/F RR LH,998729,0,4271.19,,9,9,0,STEERING SYSTEM,KNUCKLE O/F,SEG-P2,5040,KNUCKLE O/F RR LH - SEG-P2,Mechanical
KNUCKLE O/F RR LH,998729,0,6398.31,,9,9,0,STEERING SYSTEM,KNUCKLE O/F,SEG-P3,7550,KNUCKLE O/F RR LH - SEG-P3,Mechanical
KNUCKLE O/F RR LH,998729,0,1101.7,,9,9,0,STEERING SYSTEM,KNUCKLE O/F,SEG-E,1300,KNUCKLE O/F RR LH - SEG-E,Mechanical
KNUCKLE O/F RR LH,998729,0,8525.42,,9,9,0,STEERING SYSTEM,KNUCKLE O/F,SEG-P4,10060,KNUCKLE O/F RR LH - SEG-P4,Mechanical
KNUCKLE O/F RR RH,998729,0,364.41,,9,9,0,TRANSMISSION,KNUCKLE,SEG-A,430,KNUCKLE O/F RR RH - SEG-A,Mechanical
KNUCKLE O/F RR RH,998729,0,508.48,,9,9,0,TRANSMISSION,KNUCKLE,SEG-B,600,KNUCKLE O/F RR RH - SEG-B,Mechanical
KNUCKLE O/F RR RH,998729,0,644.07,,9,9,0,TRANSMISSION,KNUCKLE,SEG-C,760,KNUCKLE O/F RR RH - SEG-C,Mechanical
KNUCKLE O/F RR RH,998729,0,855.93,,9,9,0,TRANSMISSION,KNUCKLE,SEG-D,1010,KNUCKLE O/F RR RH - SEG-D,Mechanical
KNUCKLE O/F RR RH,998729,0,1152.54,,9,9,0,TRANSMISSION,KNUCKLE,SEG-SUV,1360,KNUCKLE O/F RR RH - SEG-SUV,Mechanical
KNUCKLE O/F RR RH,998729,0,1728.81,,9,9,0,TRANSMISSION,KNUCKLE,SEG-P1,2040,KNUCKLE O/F RR RH - SEG-P1,Mechanical
KNUCKLE O/F RR RH,998729,0,2584.75,,9,9,0,TRANSMISSION,KNUCKLE,SEG-P2,3050,KNUCKLE O/F RR RH - SEG-P2,Mechanical
KNUCKLE O/F RR RH,998729,0,3169.49,,9,9,0,TRANSMISSION,KNUCKLE,SEG-P3,3740,KNUCKLE O/F RR RH - SEG-P3,Mechanical
KNUCKLE REPAIR FR LH,998729,0,18542.37,,9,9,0,STEERING SYSTEM,KNUCKLE O/F,SEG-C,21880,KNUCKLE REPAIR FR LH - SEG-C,Mechanical
KNUCKLE REPAIR FR RH,998729,1,18542.37,,9,9,0,STEERING SYSTEM,KNUCKLE O/F,SEG-C,21880,KNUCKLE REPAIR FR RH - SEG-C,Mechanical
LABOUR CHARGE ON PARTS SUPPLY,998729,1,14372.88,,9,9,0,BODY PARTS,,COMMON,16960,LABOUR CHARGE ON PARTS SUPPLY - COMMON,Bodyshop
LAMP SUPPORT PANEL REPAIR LH,998729,1,508.48,,9,9,0,BODY PARTS,SUPPORT PANEL REPAIR,SEG-C,600,LAMP SUPPORT PANEL REPAIR LH - SEG-C,Bodyshop
LAMP SUPPORT PANEL REPAIR RH,998729,1,508.48,,9,9,0,BODY PARTS,SUPPORT PANEL REPAIR,SEG-C,600,LAMP SUPPORT PANEL REPAIR RH - SEG-C,Bodyshop
LATHE AC COMPRESSOR BEARING,998729,1,135.59,,9,9,0,LATHE WORK,BEARING PRESSING,SEG-B,160,LATHE AC COMPRESSOR BEARING - SEG-B,Mechanical
LATHE AC COMPRESSOR BOLT REMOVE,998729,1,177.97,,9,9,0,LATHE WORK,BOLT PRESSING,,210,LATHE AC COMPRESSOR BOLT REMOVE - ,Mechanical
LATHE AC COMPRESSOR CLUTCH SKIMMING,998729,1,796.61,,9,9,0,LATHE WORK,AC COMPRESSOR CLUTCH PRESS,SEG-D,940,LATHE AC COMPRESSOR CLUTCH SKIMMING - SEG-D,Mechanical
LATHE AC COMPRESSOR CLUTCH WELDING,998729,1,177.97,,9,9,0,LATHE WORK,AC COMPRESSOR CLUTCH PRESS,SEG-P1,210,LATHE AC COMPRESSOR CLUTCH WELDING - SEG-P1,Mechanical
LATHE AC PIPE BOLT REMOVE,998729,1,423.73,,9,9,0,LATHE WORK,BOLT PRESSING,SEG-B,500,LATHE AC PIPE BOLT REMOVE - SEG-B,Mechanical
LATHE ALLOY WHEEL RING ALL,998729,1,2440.68,,9,9,0,LATHE WORK,BOLT PRESSING,POLO,2880,LATHE ALLOY WHEEL RING ALL - POLO,Mechanical
LATHE ALTERNATOR BEARING SKIMMING,998729,1,152.54,,9,9,0,LATHE WORK,BEARING PRESSING,SEG-B,180,LATHE ALTERNATOR BEARING SKIMMING - SEG-B,Mechanical
LATHE ALTERNATOR BEARING SKIMMING,998729,1,288.14,,9,9,0,LATHE WORK,BEARING PRESSING,SEG-P2,340,LATHE ALTERNATOR BEARING SKIMMING - SEG-P2,Mechanical
LATHE ALTERNATOR MOUNTING BOLT PRESSING,998729,1,245.76,,9,9,0,LATHE WORK,BOLT PRESSING,SEG-P3,290,LATHE ALTERNATOR MOUNTING BOLT PRESSING - SEG-P3,Mechanical
LATHE AXLE BEARING SKIMMING,998729,1,245.76,,9,9,0,LATHE WORK,BEARING PRESSING,SEG-B,290,LATHE AXLE BEARING SKIMMING - SEG-B,Mechanical
LATHE AXLE BEARING SKIMMING RR ,998729,1,491.53,,9,9,0,LATHE WORK,FLY WHEEL PRESSING,SEG-SUV,580,LATHE AXLE BEARING SKIMMING RR  - SEG-SUV,Mechanical
LATHE AXLE BRACKET THREADING,998729,1,796.61,,9,9,0,LATHE WORK,BOLT PRESSING,SEG-C,940,LATHE AXLE BRACKET THREADING - SEG-C,Mechanical
LATHE AXLE BUSH SKIMMING RR,998729,1,389.83,,9,9,0,LATHE WORK,BUSH PRESSING,SEG-B,460,LATHE AXLE BUSH SKIMMING RR - SEG-B,Mechanical
LATHE AXLE CONE SKIMMING,998729,1,245.76,,9,9,0,LATHE WORK,BEARING PRESSING,SEG-B,290,LATHE AXLE CONE SKIMMING - SEG-B,Mechanical
LATHE AXLE REMOVING,998729,1,211.86,,9,9,0,LATHE WORK,AXLE THREADING,SEG-C,250,LATHE AXLE REMOVING - SEG-C,Mechanical
LATHE AXLE THREADING FR,998729,1,152.54,,9,9,0,LATHE WORK,AXLE THREADING,SEG-C,180,LATHE AXLE THREADING FR - SEG-C,Mechanical
LATHE AXLE THREADING FR,998729,1,288.14,,9,9,0,LATHE WORK,AXLE THREADING,SEG-B,340,LATHE AXLE THREADING FR - SEG-B,Mechanical
LATHE B.R. BUSH SKIMMING,998729,1,1008.48,,9,9,0,LATHE WORK,BUSH PRESSING,SEG-SUV,1190,LATHE B.R. BUSH SKIMMING - SEG-SUV,Mechanical
LATHE BELT TENSIONER SKIMMING,998729,1,508.48,,9,9,0,LATHE WORK,TENSIONER PRESSING,SEG-D,600,LATHE BELT TENSIONER SKIMMING - SEG-D,Mechanical
LATHE BOLT REMOVE,998729,1,1177.97,,9,9,0,LATHE WORK,BOLT PRESSING,,1390,LATHE BOLT REMOVE - ,Mechanical
LATHE BOLT SKIMMING,998729,1,152.54,,9,9,0,LATHE WORK,BOLT PRESSING,SEG-B,180,LATHE BOLT SKIMMING - SEG-B,Mechanical
LATHE BRAKE DISC SKIMMING FR BH,998729,0,3050.85,,9,9,0,LATHE WORK,BRAKE DISC PRESSING,SEG-P3,3600,LATHE BRAKE DISC SKIMMING FR BH - SEG-P3,Mechanical
LATHE BRAKE DISC SKIMMING FR BH,998729,0,1703.39,,9,9,0,LATHE WORK,BRAKE DISC PRESSING,SEG-E,2010,LATHE BRAKE DISC SKIMMING FR BH - SEG-E,Mechanical
LATHE BRAKE DISC SKIMMING FR BH,998729,0,3652.54,,9,9,0,LATHE WORK,BRAKE DISC PRESSING,SEG-P4,4310,LATHE BRAKE DISC SKIMMING FR BH - SEG-P4,Mechanical
LATHE BRAKE DISC SKIMMING FR BH,998729,0,1703.39,,9,9,0,LATHE WORK,BRAKE DISC PRESSING,SEG-C,2010,LATHE BRAKE DISC SKIMMING FR BH - SEG-C,Mechanical
LATHE BRAKE DISC SKIMMING FR BH,998729,0,2440.68,,9,9,0,LATHE WORK,BRAKE DISC PRESSING,SEG-P1,2880,LATHE BRAKE DISC SKIMMING FR BH - SEG-P1,Mechanical
LATHE BRAKE DISC SKIMMING FR BH,998729,0,2677.97,,9,9,0,LATHE WORK,BRAKE DISC PRESSING,SEG-P2,3160,LATHE BRAKE DISC SKIMMING FR BH - SEG-P2,Mechanical
LATHE BRAKE DISC SKIMMING FR BH,998729,0,1830.51,,9,9,0,LATHE WORK,BRAKE DISC PRESSING,SEG-D,2160,LATHE BRAKE DISC SKIMMING FR BH - SEG-D,Mechanical
LATHE BRAKE DISC SKIMMING FR BH,998729,0,1152.54,,9,9,0,LATHE WORK,BRAKE DISC PRESSING,SEG-A,1360,LATHE BRAKE DISC SKIMMING FR BH - SEG-A,Mechanical
LATHE BRAKE DISC SKIMMING FR BH,998729,0,2440.68,,9,9,0,LATHE WORK,BRAKE DISC PRESSING,SEG-F,2880,LATHE BRAKE DISC SKIMMING FR BH - SEG-F,Mechanical
LATHE BRAKE DISC SKIMMING FR BH,998729,0,1152.54,,9,9,0,LATHE WORK,BRAKE DISC PRESSING,SEG-B,1360,LATHE BRAKE DISC SKIMMING FR BH - SEG-B,Mechanical
LATHE BRAKE DISC SKIMMING RR BH,998729,0,2677.97,,9,9,0,LATHE WORK,BRAKE DISC PRESSING,SEG-P2,3160,LATHE BRAKE DISC SKIMMING RR BH - SEG-P2,Mechanical
LATHE BRAKE DISC SKIMMING RR BH,998729,0,1152.54,,9,9,0,LATHE WORK,BRAKE DISC PRESSING,SEG-A,1360,LATHE BRAKE DISC SKIMMING RR BH - SEG-A,Mechanical
LATHE BRAKE DISC SKIMMING RR BH,998729,0,1703.39,,9,9,0,LATHE WORK,BRAKE DISC PRESSING,SEG-E,2010,LATHE BRAKE DISC SKIMMING RR BH - SEG-E,Mechanical
LATHE BRAKE DISC SKIMMING RR BH,998729,0,3652.54,,9,9,0,LATHE WORK,BRAKE DISC PRESSING,SEG-P4,4310,LATHE BRAKE DISC SKIMMING RR BH - SEG-P4,Mechanical
LATHE BRAKE DISC SKIMMING RR BH,998729,0,1830.51,,9,9,0,LATHE WORK,BRAKE DISC PRESSING,SEG-D,2160,LATHE BRAKE DISC SKIMMING RR BH - SEG-D,Mechanical
LATHE BRAKE DISC SKIMMING RR BH,998729,0,2440.68,,9,9,0,LATHE WORK,BRAKE DISC PRESSING,SEG-F,2880,LATHE BRAKE DISC SKIMMING RR BH - SEG-F,Mechanical
LATHE BRAKE DISC SKIMMING RR BH,998729,0,3050.85,,9,9,0,LATHE WORK,BRAKE DISC PRESSING,SEG-P3,3600,LATHE BRAKE DISC SKIMMING RR BH - SEG-P3,Mechanical
LATHE BRAKE DISC SKIMMING RR BH,998729,0,1152.54,,9,9,0,LATHE WORK,BRAKE DISC PRESSING,SEG-B,1360,LATHE BRAKE DISC SKIMMING RR BH - SEG-B,Mechanical
LATHE BRAKE DISC SKIMMING RR BH,998729,0,1703.39,,9,9,0,LATHE WORK,BRAKE DISC PRESSING,SEG-C,2010,LATHE BRAKE DISC SKIMMING RR BH - SEG-C,Mechanical
LATHE BRAKE DISC SKIMMING RR P1,998729,0,2440.68,,9,9,0,LATHE WORK,BRAKE DISC PRESSING,SEG-P1,2880,LATHE BRAKE DISC SKIMMING RR P1 - SEG-P1,Mechanical
LATHE CALIPER PIN SKIMMING,998729,1,508.48,,9,9,0,LATHE WORK,CALIPER PRESS,SEG-B,600,LATHE CALIPER PIN SKIMMING - SEG-B,Mechanical
LATHE CALIPER PIN SKIMMING,998729,1,508.48,,9,9,0,LATHE WORK,CALIPER PRESS,SEG-C,600,LATHE CALIPER PIN SKIMMING - SEG-C,Mechanical
LATHE CALIPER PIN SKIMMING,998729,1,508.48,,9,9,0,LATHE WORK,CALIPER PRESS,SEG-A,600,LATHE CALIPER PIN SKIMMING - SEG-A,Mechanical
LATHE CALIPER PIN SKIMMING,998729,1,644.07,,9,9,0,LATHE WORK,CALIPER PRESS,SEG-D,760,LATHE CALIPER PIN SKIMMING - SEG-D,Mechanical
LATHE CAMSHAFT SKIMMING,998729,1,720.34,,9,9,0,LATHE WORK,BUSH PRESSING,SEG-B,850,LATHE CAMSHAFT SKIMMING - SEG-B,Mechanical
LATHE CARBURETOR BOLT SLEEV,998729,1,432.2,,9,9,0,LATHE WORK,BOLT PRESSING,,510,LATHE CARBURETOR BOLT SLEEV - ,Mechanical
LATHE CHASSIS BOLT,998729,1,245.76,,9,9,0,LATHE WORK,BOLT PRESSING,SEG-C,290,LATHE CHASSIS BOLT - SEG-C,Mechanical
LATHE CLUTCH BOLT REMOVE,998729,1,250,,9,9,0,LATHE WORK,BOLT PRESSING,,295,LATHE CLUTCH BOLT REMOVE - ,Mechanical
LATHE COMPRESSOR SWITCH REMOVE,998729,1,432.2,,9,9,0,AIR CONDITIONER,AC COMPRESSOR VALVE,SEG-D,510,LATHE COMPRESSOR SWITCH REMOVE - SEG-D,Mechanical
LATHE CRANK SHAFT BEARING REMOVE,998729,1,1186.44,,9,9,0,LATHE WORK,BEARING PRESSING,,1400,LATHE CRANK SHAFT BEARING REMOVE - ,Mechanical
LATHE CROSSMEMBER HOLE,998729,1,932.2,,9,9,0,LATHE WORK,BOLT PRESSING,SEG-SUV,1100,LATHE CROSSMEMBER HOLE - SEG-SUV,Mechanical
LATHE DIFFERENTIAL BUSH,998729,0,838.98,,9,9,0,LATHE WORK,BUSH PRESSING,SEG-P3,990,LATHE DIFFERENTIAL BUSH - SEG-P3,Mechanical
LATHE DISTANCE CUTTING,998729,0,2016.95,,9,9,0,LATHE WORK,BOLT PRESSING,,2380,LATHE DISTANCE CUTTING - ,Mechanical
LATHE ENGINE MOUNTING BUSH SKIMMING,998729,1,796.61,,9,9,0,LATHE WORK,BUSH PRESSING,SEG-D,940,LATHE ENGINE MOUNTING BUSH SKIMMING - SEG-D,Mechanical
LATHE ENGINE MOUNTING SKIMMING,998729,1,855.93,,9,9,0,LATHE WORK,BOLT PRESSING,SEG-D,1010,LATHE ENGINE MOUNTING SKIMMING - SEG-D,Mechanical
LATHE ENGINE MOUNTING SLEEV & THREADING,998729,1,576.27,,9,9,0,LATHE WORK,BUSH PRESSING,SEG-D,680,LATHE ENGINE MOUNTING SLEEV & THREADING - SEG-D,Mechanical
LATHE EXHAUST MANIFOLD BOLT SLEEVING,998729,1,932.2,,9,9,0,LATHE WORK,BOLT PRESSING,SEG-P1,1100,LATHE EXHAUST MANIFOLD BOLT SLEEVING - SEG-P1,Mechanical
LATHE FLY WHEEL BEARING REMOVE,998729,1,669.49,,9,9,0,LATHE WORK,BEARING PRESSING,SEG-D,790,LATHE FLY WHEEL BEARING REMOVE - SEG-D,Mechanical
LATHE FLY WHEEL DOWEL PIN REMOVE,998729,1,220.34,,9,9,0,LATHE WORK,FLY WHEEL PRESSING,SEG-B,260,LATHE FLY WHEEL DOWEL PIN REMOVE - SEG-B,Mechanical
LATHE FLY WHEEL SKIMMING,998729,1,932.2,,9,9,0,LATHE WORK,FLY WHEEL PRESSING,SEG-B,1100,LATHE FLY WHEEL SKIMMING - SEG-B,Mechanical
LATHE FLY WHEEL SKIMMING,998729,1,644.07,,9,9,0,LATHE WORK,FLY WHEEL PRESSING,SEG-SUV,760,LATHE FLY WHEEL SKIMMING - SEG-SUV,Mechanical
LATHE GEAR BEARING REMOVE,998729,1,754.24,,9,9,0,LATHE WORK,BEARING PRESSING,SEG-C,890,LATHE GEAR BEARING REMOVE - SEG-C,Mechanical
LATHE GEAR BOX BEARING,998729,0,466.1,,9,9,0,LATHE WORK,BEARING PRESSING,SEG-D,550,LATHE GEAR BOX BEARING - SEG-D,Mechanical
LATHE GEAR BOX CHASSIS BUSH SKIMMING,998729,0,669.49,,9,9,0,LATHE WORK,BUSH PRESSING,SEG-P3,790,LATHE GEAR BOX CHASSIS BUSH SKIMMING - SEG-P3,Mechanical
LATHE GEAR BOX FORK & BOLT,998729,1,228.81,,9,9,0,LATHE WORK,BOLT PRESSING,,270,LATHE GEAR BOX FORK & BOLT - ,Mechanical
LATHE GEAR BOX MOUNTING,998729,1,508.48,,9,9,0,LATHE WORK,BUSH PRESSING,SEG-SUV,600,LATHE GEAR BOX MOUNTING - SEG-SUV,Mechanical
LATHE GEAR BOX THREADING,998729,1,450,,9,9,0,LATHE WORK,BOLT PRESSING,,531,LATHE GEAR BOX THREADING - ,Mechanical
LATHE GEAR CHAMBER SKIMMING,998729,1,364.41,,9,9,0,LATHE WORK,FLY WHEEL PRESSING,SEG-B,430,LATHE GEAR CHAMBER SKIMMING - SEG-B,Mechanical
LATHE GEAR MOUNTING BOLT THREADING,998729,1,432.2,,9,9,0,LATHE WORK,BOLT PRESSING,SEG-B,510,LATHE GEAR MOUNTING BOLT THREADING - SEG-B,Mechanical
LATHE GEAR MOUNTING BUSH PRESSING,998729,1,423.73,,9,9,0,LATHE WORK,BUSH PRESSING,SEG-P2,500,LATHE GEAR MOUNTING BUSH PRESSING - SEG-P2,Mechanical
LATHE GEAR MOUNTING BUSH SKIMMING,998729,1,932.2,,9,9,0,LATHE WORK,BUSH PRESSING,SEG-P3,1100,LATHE GEAR MOUNTING BUSH SKIMMING - SEG-P3,Mechanical
LATHE GEAR SHIFTER BUSH,998729,1,177.97,,9,9,0,LATHE WORK,BUSH PRESSING,SEG-B,210,LATHE GEAR SHIFTER BUSH - SEG-B,Mechanical
LATHE GEAR SYNC RING SKIMMING,998729,1,669.49,,9,9,0,LATHE WORK,BEARING PRESSING,SEG-C,790,LATHE GEAR SYNC RING SKIMMING - SEG-C,Mechanical
LATHE HEAD BOLT SLEEV,998729,1,669.49,,9,9,0,LATHE WORK,BOLT PRESSING,SEG-P1,790,LATHE HEAD BOLT SLEEV - SEG-P1,Mechanical
LATHE HEAD SLEEV,998729,1,644.07,,9,9,0,LATHE WORK,HEAD REPOWERING,SEG-P2,760,LATHE HEAD SLEEV - SEG-P2,Mechanical
LATHE IDLER BEARING SKIMMING,998729,1,152.54,,9,9,0,LATHE WORK,BEARING PRESSING,SEG-B,180,LATHE IDLER BEARING SKIMMING - SEG-B,Mechanical
LATHE INJECTOR BOLT SLEEVE,998729,0,754.24,,9,9,0,LATHE WORK,BUSH PRESSING,SEG-C,890,LATHE INJECTOR BOLT SLEEVE - SEG-C,Mechanical
LATHE INJECTOR SLEEVE,998729,1,669.49,,9,9,0,LATHE WORK,BUSH PRESSING,SEG-SUV,790,LATHE INJECTOR SLEEVE - SEG-SUV,Mechanical
LATHE JUMPER BOLT,998729,1,152.54,,9,9,0,LATHE WORK,BOLT PRESSING,SEG-SUV,180,LATHE JUMPER BOLT - SEG-SUV,Mechanical
LATHE JUMPER BOLT PRESSING,998729,1,177.97,,9,9,0,LATHE WORK,BOLT PRESSING,SEG-P1,210,LATHE JUMPER BOLT PRESSING - SEG-P1,Mechanical
LATHE KNUCKLE BOLT SKIMMING,998729,1,720.34,,9,9,0,LATHE WORK,BOLT PRESSING,OCTAVIA,850,LATHE KNUCKLE BOLT SKIMMING - OCTAVIA,Mechanical
LATHE KNUCKLE SKIMMING,998729,1,288.14,,9,9,0,LATHE WORK,KNUCKLE PRESSING,SEG-C,340,LATHE KNUCKLE SKIMMING - SEG-C,Mechanical
LATHE LOWER ARM BUSH SKIMMING,998729,1,1830.51,,9,9,0,LATHE WORK,BUSH PRESSING,rolls royce-ghost,2160,LATHE LOWER ARM BUSH SKIMMING - rolls royce-ghost,Mechanical
LATHE LOWER ARM BUSH SKIMMING,998729,1,432.2,,9,9,0,LATHE WORK,BUSH PRESSING,SEG-B,510,LATHE LOWER ARM BUSH SKIMMING - SEG-B,Mechanical
LATHE LOWER ARM BUSH SKIMMING,998729,1,508.48,,9,9,0,LATHE WORK,BUSH PRESSING,SEG-C,600,LATHE LOWER ARM BUSH SKIMMING - SEG-C,Mechanical
LATHE LOWER ARM BUSH SKIMMING,998729,1,508.48,,9,9,0,LATHE WORK,BUSH PRESSING,SEG-D,600,LATHE LOWER ARM BUSH SKIMMING - SEG-D,Mechanical
LATHE LOWER ARM BUSH SKIMMING,998729,1,1364.41,,9,9,0,LATHE WORK,BUSH PRESSING,SEG-P3,1610,LATHE LOWER ARM BUSH SKIMMING - SEG-P3,Mechanical
LATHE LOWER ARM BUSH SKIMMING,998729,1,508.48,,9,9,0,LATHE WORK,BUSH PRESSING,SEG-P1,600,LATHE LOWER ARM BUSH SKIMMING - SEG-P1,Mechanical
LATHE LOWER ARM BUSH SKIMMING FR,998729,1,576.27,,9,9,0,LATHE WORK,BUSH PRESSING,SEG-P2,680,LATHE LOWER ARM BUSH SKIMMING FR - SEG-P2,Mechanical
LATHE LOWER ARM BUSH SKIMMING FR,998729,1,1008.48,,9,9,0,LATHE WORK,BUSH PRESSING,SEG-SUV,1190,LATHE LOWER ARM BUSH SKIMMING FR - SEG-SUV,Mechanical
LATHE LOWER ARM BUSH SKIMMING RR,998729,1,847.46,,9,9,0,LATHE WORK,BUSH PRESSING,SEG-SUV,1000,LATHE LOWER ARM BUSH SKIMMING RR - SEG-SUV,Mechanical
LATHE MANIFOLD BOLT THREADING,998729,1,364.41,,9,9,0,LATHE WORK,BOLT PRESSING,SEG-SUV,430,LATHE MANIFOLD BOLT THREADING - SEG-SUV,Mechanical
LATHE MANIFOLD PIN SKIMMING,998729,1,211.86,,9,9,0,LATHE WORK,BOLT PRESSING,SEG-SUV,250,LATHE MANIFOLD PIN SKIMMING - SEG-SUV,Mechanical
LATHE OIL CHAMBER BOLT SKIMMING,998729,1,720.34,,9,9,0,LATHE WORK,BOLT PRESSING,SEG-P2,850,LATHE OIL CHAMBER BOLT SKIMMING - SEG-P2,Mechanical
LATHE OIL CHAMBER SKIMMING,998729,1,618.64,,9,9,0,LATHE WORK,OIL CHAMBER PRESSING,SEG-P3,730,LATHE OIL CHAMBER SKIMMING - SEG-P3,Mechanical
LATHE OIL CHAMBER SKIMMING,998729,1,432.2,,9,9,0,LATHE WORK,OIL CHAMBER PRESSING,SEG-B,510,LATHE OIL CHAMBER SKIMMING - SEG-B,Mechanical
LATHE OIL COOLER BODY SLEEVE,998729,1,288.14,,9,9,0,LATHE WORK,BOLT PRESSING,,340,LATHE OIL COOLER BODY SLEEVE - ,Mechanical
LATHE PLATE HOLE,998729,1,200,,9,9,0,LATHE WORK,BOLT PRESSING,,236,LATHE PLATE HOLE - ,Bodyshop
LATHE RADIATOR FAN SLEEVE,998729,1,177.97,,9,9,0,LATHE WORK,BEARING PRESSING,SEG-P2,210,LATHE RADIATOR FAN SLEEVE - SEG-P2,Mechanical
LATHE RADIATOR MOUNTING THREDING,998729,1,796.61,,9,9,0,LATHE WORK,BOLT PRESSING,SEG-D,940,LATHE RADIATOR MOUNTING THREDING - SEG-D,Mechanical
LATHE RADIATOR NIPPLE THREADING,998729,1,84.75,,9,9,0,LATHE WORK,AXLE THREADING,,100,LATHE RADIATOR NIPPLE THREADING - ,Mechanical
LATHE SENSOR BOLT ,998729,0,305.09,,9,9,0,LATHE WORK,,SEG-P3,360,LATHE SENSOR BOLT  - SEG-P3,Mechanical
LATHE SHOCK ABSORBER BUSH SKIMMING,998729,1,254.24,,9,9,0,LATHE WORK,BUSH PRESSING,SEG-SUV,300,LATHE SHOCK ABSORBER BUSH SKIMMING - SEG-SUV,Mechanical
LATHE SILENCER THREDING,998729,1,152.54,,9,9,0,LATHE WORK,BOLT PRESSING,,180,LATHE SILENCER THREDING - ,Mechanical
LATHE STABILIZER LINK CUTTING,998729,0,177.97,,9,9,0,LATHE WORK,BOLT PRESSING,,210,LATHE STABILIZER LINK CUTTING - ,Mechanical
LATHE STARTER SLEEV,998729,1,500,,9,9,0,LATHE WORK,BOLT PRESSING,,590,LATHE STARTER SLEEV - ,Mechanical
LATHE STEERING BOLT REMOVE,998729,1,127.12,,9,9,0,LATHE WORK,BOLT PRESSING,,150,LATHE STEERING BOLT REMOVE - ,Mechanical
LATHE STEERING BUSH,998729,0,644.07,,9,9,0,LATHE WORK,BUSH PRESSING,SEG-D,760,LATHE STEERING BUSH - SEG-D,Mechanical
LATHE STEERING COLUMN WELDING,998729,0,211.86,,9,9,0,LATHE WORK,,SEG-B,250,LATHE STEERING COLUMN WELDING - SEG-B,Mechanical
LATHE STRUT MOUNT BOLT,998729,0,423.73,,9,9,0,LATHE WORK,,SEG-P3,500,LATHE STRUT MOUNT BOLT - SEG-P3,Mechanical
LATHE STRUT NUT SKIMMING,998729,1,550,,9,9,0,LATHE WORK,BOLT PRESSING,SEG-E,649,LATHE STRUT NUT SKIMMING - SEG-E,Mechanical
LATHE STRUT THREADING FR,998729,0,432.2,,9,9,0,LATHE WORK,BOLT PRESSING,SEG-B,510,LATHE STRUT THREADING FR - SEG-B,Mechanical
LATHE SUB FRAME BUSH SKIMMING,998729,1,644.07,,9,9,0,LATHE WORK,BOLT PRESSING,SEG-D,760,LATHE SUB FRAME BUSH SKIMMING - SEG-D,Mechanical
LATHE SUSP ARM BUSH SKIMMING,998729,1,932.2,,9,9,0,LATHE WORK,BUSH PRESSING,SEG-C,1100,LATHE SUSP ARM BUSH SKIMMING - SEG-C,Mechanical
LATHE SUSP ARM BUSH SKIMMING,998729,1,508.48,,9,9,0,LATHE WORK,BUSH PRESSING,SEG-B,600,LATHE SUSP ARM BUSH SKIMMING - SEG-B,Mechanical
LATHE SUSP ARM BUSH SKIMMING,998729,1,1296.61,,9,9,0,LATHE WORK,BUSH PRESSING,SEG-SUV (SET),1530,LATHE SUSP ARM BUSH SKIMMING - SEG-SUV (SET),Mechanical
LATHE SUSP BALL JOINT SKIMMING,998729,1,669.49,,9,9,0,LATHE WORK,BALL JOINT PRESSING,SEG-SUV,790,LATHE SUSP BALL JOINT SKIMMING - SEG-SUV,Mechanical
LATHE SUSP BALL JOINT SKIMMING,998729,1,288.14,,9,9,0,LATHE WORK,BALL JOINT PRESSING,SEB-P2,340,LATHE SUSP BALL JOINT SKIMMING - SEB-P2,Mechanical
LATHE SUSP FRAME BUSH SKIMMING,998729,1,644.07,,9,9,0,LATHE WORK,BUSH PRESSING,SEG-D,760,LATHE SUSP FRAME BUSH SKIMMING - SEG-D,Mechanical
LATHE SYNCHRONIZER EING AND BEARING REPLACE,998729,1,2245.76,,9,9,0,LATHE WORK,BEARING PRESSING,SEG-SUV,2650,LATHE SYNCHRONIZER EING AND BEARING REPLACE - SEG-SUV,Mechanical
LATHE SYNCHRONIZER RING ,998729,1,669.49,,9,9,0,LATHE WORK,BEARING PRESSING,SEG-C,790,LATHE SYNCHRONIZER RING  - SEG-C,Mechanical
LATHE TAPPET COVER SLEEVE,998729,1,796.61,,9,9,0,LATHE WORK,BOLT PRESSING,SEG-F,940,LATHE TAPPET COVER SLEEVE - SEG-F,Mechanical
LATHE TURBO BOLT REMOVE,998729,1,466.1,,9,9,0,LATHE WORK,BUSH PRESSING,SEG-B,550,LATHE TURBO BOLT REMOVE - SEG-B,Mechanical
LATHE TURBO BOLT SLEEVE,998729,0,245.76,,9,9,0,LATHE WORK,BUSH PRESSING,SEG-D,290,LATHE TURBO BOLT SLEEVE - SEG-D,Mechanical
LATHE U.J. CROSS SKIMMING,998729,1,432.2,,9,9,0,LATHE WORK,BEARING PRESSING,SEG-SUV,510,LATHE U.J. CROSS SKIMMING - SEG-SUV,Mechanical
LATHE UPPER ARM BUSH SKIMMING,998729,1,915.25,,9,9,0,LATHE WORK,BUSH PRESSING,SEG-P3,1080,LATHE UPPER ARM BUSH SKIMMING - SEG-P3,Mechanical
LATHE UPPER ARM BUSH SKIMMING,998729,1,669.49,,9,9,0,LATHE WORK,BUSH PRESSING,SEG-SUV,790,LATHE UPPER ARM BUSH SKIMMING - SEG-SUV,Mechanical
LATHE VALVE PIN REMOVE,998729,1,372.88,,9,9,0,LATHE WORK,BOLT PRESSING,,440,LATHE VALVE PIN REMOVE - ,Mechanical
LATHE WATER THERMOSTATE PIN SKIMMING,998729,1,288.14,,9,9,0,LATHE WORK,AXLE THREADING,SEG-B,340,LATHE WATER THERMOSTATE PIN SKIMMING - SEG-B,Mechanical
LATHE WHEEL BEARING SKIMMING FR,998729,1,508.48,,9,9,0,LATHE WORK,BEARING PRESSING,SEG-D,600,LATHE WHEEL BEARING SKIMMING FR - SEG-D,Mechanical
LATHE WHEEL BEARING SKIMMING FR,998729,1,432.2,,9,9,0,LATHE WORK,BEARING PRESSING,SEG-B,510,LATHE WHEEL BEARING SKIMMING FR - SEG-B,Mechanical
LATHE WHEEL BEARING SKIMMING FR,998729,1,364.41,,9,9,0,LATHE WORK,BEARING PRESSING,SEG-C,430,LATHE WHEEL BEARING SKIMMING FR - SEG-C,Mechanical
LATHE WHEEL BEARING SKIMMING FR,998729,1,245.76,,9,9,0,LATHE WORK,BEARING PRESSING,SEG-P2,290,LATHE WHEEL BEARING SKIMMING FR - SEG-P2,Mechanical
LATHE WHEEL BEARING SKIMMING RR ,998729,1,550.85,,9,9,0,LATHE WORK,BEARING PRESSING,SEG-SUV,650,LATHE WHEEL BEARING SKIMMING RR  - SEG-SUV,Mechanical
LATHE WHEEL BEARING SKIMMING RR,998729,1,288.14,,9,9,0,LATHE WORK,BEARING PRESSING,SEG-D,340,LATHE WHEEL BEARING SKIMMING RR - SEG-D,Mechanical
LATHE WHEEL BEARING SKIMMING RR,998729,1,1152.54,,9,9,0,LATHE WORK,BEARING PRESSING,SEG-P2,1360,LATHE WHEEL BEARING SKIMMING RR - SEG-P2,Mechanical
LATHE WHEEL BEARING SKIMMING RR,998729,1,288.14,,9,9,0,LATHE WORK,BEARING PRESSING,SEG-B,340,LATHE WHEEL BEARING SKIMMING RR - SEG-B,Mechanical
LATHE WHEEL BEARING SKIMMING RR,998729,1,364.41,,9,9,0,LATHE WORK,BEARING PRESSING,SEG-C,430,LATHE WHEEL BEARING SKIMMING RR - SEG-C,Mechanical
LATHE WHEEL BEARING THREADING,998729,1,508.48,,9,9,0,LATHE WORK,BEARING PRESSING,SEG-D,600,LATHE WHEEL BEARING THREADING - SEG-D,Mechanical
LATHE WHEEL DRUM SKIMMING,998729,1,491.53,,9,9,0,LATHE WORK,WHEEL DRUM PRESS,SEG-B,580,LATHE WHEEL DRUM SKIMMING - SEG-B,Mechanical
LATHE WHEEL DRUM SKIMMING RR,998729,1,644.07,,9,9,0,LATHE WORK,WHEEL DRUM PRESS,SEG-SUV,760,LATHE WHEEL DRUM SKIMMING RR - SEG-SUV,Mechanical
LATHE WHEEL HUB SKIMMING,998729,0,423.73,,9,9,0,LATHE WORK,BOLT PRESSING,SEG-P2,500,LATHE WHEEL HUB SKIMMING - SEG-P2,Mechanical
LATHE WHEEL NUT THREADING,998729,1,152.54,,9,9,0,LATHE WORK,BOLT PRESSING,SEG-B,180,LATHE WHEEL NUT THREADING - SEG-B,Mechanical
LATHE WHEEL STUD SKIMMING,998729,1,1127.12,,9,9,0,LATHE WORK,BOLT PRESSING,SEG-SUV,1330,LATHE WHEEL STUD SKIMMING - SEG-SUV,Mechanical
LATHE WHEEL STUD THREADING,998729,1,152.54,,9,9,0,LATHE WORK,BOLT PRESSING,SEG-B,180,LATHE WHEEL STUD THREADING - SEG-B,Mechanical
LATHE WHEEL WENSOR FITTING,998729,1,127.12,,9,9,0,LATHE WORK,BOLT PRESSING,,150,LATHE WHEEL WENSOR FITTING - ,Mechanical
LATHE WORK BRAKE DISC REMOVE,998729,1,305.09,,9,9,0,LATHE WORK,BRAKE DISC PRESSING,SEG-B,360,LATHE WORK BRAKE DISC REMOVE - SEG-B,Mechanical
LATHE WORK GEAR BOX BOLT SLEEVE,998729,1,372.88,,9,9,0,LATHE WORK,BOLT PRESSING,SEG-A,440,LATHE WORK GEAR BOX BOLT SLEEVE - SEG-A,Mechanical
LATHE WORK JUMPER SEAL,998729,0,338.98,,9,9,0,LATHE WORK,AC COMPRESSOR CLUTCH PRESS,SEG-P3,400,LATHE WORK JUMPER SEAL - SEG-P3,Mechanical
LATHE WORK KNUCKLE REPLACE,998729,1,389.83,,9,9,0,LATHE WORK,BEARING PRESSING,SEG-P2,460,LATHE WORK KNUCKLE REPLACE - SEG-P2,Mechanical
LATHE WORK STARTER BOLT SKIMMING,998729,1,127.12,,9,9,0,LATHE WORK,BOLT PRESSING,SEG-B,150,LATHE WORK STARTER BOLT SKIMMING - SEG-B,Mechanical
LEAF SPRING OVERHAUL RR,998729,1,1728.81,,9,9,0,SUSPENSION,KAMAN LEAF SPRING O/F,SEG-SUV,2040,LEAF SPRING OVERHAUL RR - SEG-SUV,Mechanical
LEATHER PIPE WORK,998729,1,1500,,9,9,0,ACCESSORIES,SEAT COVER,,1770,LEATHER PIPE WORK - ,Accessories
LED BAR LIGHT FITTING,998729,1,1618.64,,9,9,0,ELECTRICAL,FOG LIGHT FITTING,,1910,LED BAR LIGHT FITTING - ,Mechanical
LED LIGHT FITTING,998729,1,3881.36,,9,9,0,ACCESSORIES,LED LIGHT FITTING,,4580,LED LIGHT FITTING - ,Accessories
LETSTRACK DEVICE WIRING,998729,1,364.41,,9,9,0,ELECTRICAL,WIRING REPAIR,,430,LETSTRACK DEVICE WIRING - ,Mechanical
LEVEL LIFT KIT FITTING,998729,0,2500,,9,9,0,ACCESSORIES,AC CLEANER,SEG-E,2950,LEVEL LIFT KIT FITTING - SEG-E,Mechanical
LIQUID WAX,998729,1,1271.19,INCL SONAX WASH,9,9,0,CAR CARE,LIQUID WAX,SEG-A,1500,LIQUID WAX - SEG-A,Value Addition
LIQUID WAX,998729,1,1661.02,INCL SONAX WASH,9,9,0,CAR CARE,LIQUID WAX,SEG-C,1960,LIQUID WAX - SEG-C,Value Addition
LIQUID WAX,998729,1,1855.93,INCL SONAX WASH,9,9,0,CAR CARE,LIQUID WAX,SEG-D,2190,LIQUID WAX - SEG-D,Value Addition
LIQUID WAX,998729,1,2050.85,INCL SONAX WASH,9,9,0,CAR CARE,LIQUID WAX,SEG-E,2420,LIQUID WAX - SEG-E,Value Addition
LIQUID WAX,998729,1,2245.76,INCL SONAX WASH,9,9,0,CAR CARE,LIQUID WAX,SEG-F,2650,LIQUID WAX - SEG-F,Value Addition
LIQUID WAX,998729,1,2440.68,INCL SONAX WASH,9,9,0,CAR CARE,LIQUID WAX,SEG-P1,2880,LIQUID WAX - SEG-P1,Value Addition
LIQUID WAX,998729,1,2440.68,INCL SONAX WASH,9,9,0,CAR CARE,LIQUID WAX,SEG-P2,2880,LIQUID WAX - SEG-P2,Value Addition
LIQUID WAX,998729,1,2923.73,INCL SONAX WASH,9,9,0,CAR CARE,LIQUID WAX,SEG-P3,3450,LIQUID WAX - SEG-P3,Value Addition
LIQUID WAX,998729,1,3415.25,INCL SONAX WASH,9,9,0,CAR CARE,LIQUID WAX,SEG-P4,4030,LIQUID WAX - SEG-P4,Value Addition
LIQUID WAX,998729,1,1466.1,INCL SONAX WASH,9,9,0,CAR CARE,WAX POLISH,SEG-B,1730,LIQUID WAX - SEG-B,Value Addition
LOGO PAINTING,998729,1,1830.51,,9,9,0,PAINTING SERVICE,DOOR HANDLE PAINT,SEG-P3,2160,LOGO PAINTING - SEG-P3,Bodyshop
LOWER ARM NUT O/F,998729,1,161.02,,9,9,0,SUSPENSION,LOWER ARM BOLT,,190,LOWER ARM NUT O/F - ,Mechanical
LOWER CROSS MEMBER REPAIR FR,998729,1,644.07,,9,9,0,BODY PARTS,CROSS MEMBER REPAIR,SEG-B,760,LOWER CROSS MEMBER REPAIR FR - SEG-B,Bodyshop
LOWER GRILL O/F,998729,1,508.48,,9,9,0,BODY PARTS,ALLOY WHEEL PAINT,SEG-D,600,LOWER GRILL O/F - SEG-D,Bodyshop
LOWER GRILL O/F,998729,1,364.41,,9,9,0,BODY PARTS,SHOW GRILL O/F,SEG-B,430,LOWER GRILL O/F - SEG-B,Bodyshop
LOWER GRILL PAINTING,998729,1,2161.02,,9,9,0,PAINTING SERVICE,SHOW GRILLE PAINT,SEG-SUV,2550,LOWER GRILL PAINTING - SEG-SUV,Bodyshop
LOWER GRILL PAINTING,998729,1,1440.68,,9,9,0,PAINTING SERVICE,SHOW GRILLE PAINT,SEG-P1,1700,LOWER GRILL PAINTING - SEG-P1,Bodyshop
LOWER GRILL PAINTING,998729,1,1644.07,,9,9,0,PAINTING SERVICE,SHOW GRILLE PAINT,SEG-P3,1940,LOWER GRILL PAINTING - SEG-P3,Bodyshop
LOWER GRILL PAINTING,998729,1,0,,9,9,0,PAINTING SERVICE,SHOW GRILLE PAINT,SEG-B,0,LOWER GRILL PAINTING - SEG-B,Bodyshop
LOWER GRILL PAINTING,998729,1,0,,9,9,0,PAINTING SERVICE,SHOW GRILLE PAINT,SEG-C,0,LOWER GRILL PAINTING - SEG-C,Bodyshop
LOWER TAILGATE O/F,998729,1,500,,9,9,0,BODY PARTS,TAILGATE O/F,SEG-P2,590,LOWER TAILGATE O/F - SEG-P2,Bodyshop
LOWER TAILGATE PAINTING,998729,1,5000,,9,9,0,PAINTING SERVICE,ALLOY WHEEL PAINT,SEG-P2,5900,LOWER TAILGATE PAINTING - SEG-P2,Bodyshop
LUGGAGE CARRIER FITTING,998729,1,364.41,,9,9,0,ACCESSORIES,LUGGAGE CARRIER,INNOVA,430,LUGGAGE CARRIER FITTING - INNOVA,Accessories
LUGGAGE TRAY PADDING WORK,998729,1,3601.7,,9,9,0,UPHOLSTERY,DOOR TRIM PADDING,,4250,LUGGAGE TRAY PADDING WORK - ,Value Addition
MAGNET FITTING,998729,1,1694.92,,9,9,0,BODY PARTS,NBSW,,2000,MAGNET FITTING - ,Bodyshop
MAIN FUSE BOX CHECK,998729,0,1101.7,,9,9,0,ELECTRICAL,FUSE BOX,SEG-P3,1300,MAIN FUSE BOX CHECK - SEG-P3,Mechanical
MAIN FUSE BOX CHECK,998729,0,974.58,,9,9,0,ELECTRICAL,FUSE BOX,SEG-P1,1150,MAIN FUSE BOX CHECK - SEG-P1,Mechanical
MAIN PULLEY REPAIR,998729,1,8220.34,,9,9,0,ENGINE,CRANKSHAFT PULLEY,SEG-D,9700,MAIN PULLEY REPAIR - SEG-D,Mechanical
MANIFOLD O-RING O/F,998729,1,805.08,,9,9,0,ENGINE,MANIFOLD,SEG-A,950,MANIFOLD O-RING O/F - SEG-A,Mechanical
MAT CUSTOMIZATION,998729,1,3000,,9,9,0,ACCESSORIES,MATTING CUSTOMIZATION,,3540,MAT CUSTOMIZATION - ,Accessories
MATEL PATTI FITTING,998729,1,169.49,,9,9,0,BODY PARTS,BODY PILLAR REPAIR,,200,MATEL PATTI FITTING - ,Bodyshop
MATT & LOGOS,998729,1,2372.88,,9,9,0,ACCESSORIES,FOOT MAT,COMMON,2800,MATT & LOGOS - COMMON,Accessories
MATTING FITTING,998729,1,245.76,,9,9,0,UPHOLSTERY,MATTING FITTING,,290,MATTING FITTING - ,Mechanical
MATTING LAMINATION,998729,1,3050.85,,9,9,0,UPHOLSTERY,MATTING LAMINATION,SEG-SUV,3600,MATTING LAMINATION - SEG-SUV,Mechanical
MATTING LAMINATION,998729,1,2872.88,,9,9,0,UPHOLSTERY,MATTING LAMINATION,SEG-C,3390,MATTING LAMINATION - SEG-C,Mechanical
MATTING LAMINATION,998729,1,3169.49,,9,9,0,UPHOLSTERY,MATTING LAMINATION,SEG-P3,3740,MATTING LAMINATION - SEG-P3,Mechanical
MATTING LAMINATION,998729,1,2762.71,,9,9,0,UPHOLSTERY,MATTING LAMINATION,SEG-D,3260,MATTING LAMINATION - SEG-D,Mechanical
MATTING LAMINATION,998729,1,2805.09,,9,9,0,UPHOLSTERY,MATTING LAMINATION,SEG-P2,3310,MATTING LAMINATION - SEG-P2,Mechanical
MATTING LAMINATION,998729,1,2805.09,,9,9,0,UPHOLSTERY,MATTING LAMINATION,SEG-P1,3310,MATTING LAMINATION - SEG-P1,Mechanical
MATTING LAMITION,998729,1,2372.88,,9,9,0,UPHOLSTERY,MATTING LAMINATION,SEG-P3,2800,MATTING LAMITION - SEG-P3,Mechanical
MATTING WORK,998729,1,10000,,9,9,0,UPHOLSTERY,MATTING FITTING,,11800,MATTING WORK - ,Value Addition
MAYBACH KIT O/F,998729,0,31254.24,,9,9,0,BODY PARTS,BODY PANEL,SEG-P3,36880,MAYBACH KIT O/F - SEG-P3,Bodyshop
MAYBACH KIT PAINTING,998729,1,56254.24,,9,9,0,PAINTING SERVICE,BODY PANEL PAINT,SEG-P3,66380,MAYBACH KIT PAINTING - SEG-P3,Bodyshop
MECHANICAL WORK,998729,0,1440.68,,9,9,0,BRAKE,BRAKE PAD,,1700,MECHANICAL WORK - ,Mechanical
MECHATRONICS CALIBRATION,998729,0,7194.92,,9,9,0,SCANNING SERVICE,CALIBRATION,SEG-P2,8490,MECHATRONICS CALIBRATION - SEG-P2,Mechanical
MECHATRONICS COADING,998729,0,1440.68,,9,9,0,TRANSMISSION,GEAR BOX,SEG-C,1700,MECHATRONICS COADING - SEG-C,Mechanical
MECHATRONICS O/F,998729,0,7923.73,,9,9,0,TRANSMISSION,GEAR BOX,SEG-C,9350,MECHATRONICS O/F - SEG-C,Mechanical
MECHATRONICS OIL REPLACE,998729,0,974.58,,9,9,0,TRANSMISSION,GEAR BOX,SEG-C,1150,MECHATRONICS OIL REPLACE - SEG-C,Mechanical
MECHATRONICS REPAIR,998729,1,67567.8,,9,9,0,TRANSMISSION,GEAR BOX,SEG-D,79730,MECHATRONICS REPAIR - SEG-D,Mechanical
MEMORY CARB FITTING,998729,1,957.63,,9,9,0,ACCESSORIES,CAMERA FITTING,,1130,MEMORY CARB FITTING - ,Accessories
METAL FRAMES O/F,998729,1,7194.92,,9,9,0,BODY PARTS,BODY PILLAR REPAIR,SEG-D,8490,METAL FRAMES O/F - SEG-D,Bodyshop
METAL FRAMES PAINTING,998729,1,11508.48,,9,9,0,PAINTING SERVICE,BODY PANEL PAINT,SEG-D,13580,METAL FRAMES PAINTING - SEG-D,Bodyshop
METAL SHEET FITTING,998729,1,26483.05,,9,9,0,BODY PARTS,ROOF LINING,,31250,METAL SHEET FITTING - ,Bodyshop
METER CABLE REPAIR,998729,1,957.63,,9,9,0,TRANSMISSION,GEAR SHIFTING CABLE,,1130,METER CABLE REPAIR - ,Mechanical
METER CHECK,998729,0,450,,9,9,0,ELECTRICAL,SPEEDO METER,COMMON,531,METER CHECK - COMMON,Mechanical
METER CLUSTER O/F,998729,0,2872.88,,9,9,0,ELECTRICAL,WIRING REPAIR,SEG-P3,3390,METER CLUSTER O/F - SEG-P3,Mechanical
METER CLUSTER REPAIR,998729,1,28754.24,,9,9,0,ELECTRICAL,WIRING REPAIR,SEG-P3,33930,METER CLUSTER REPAIR - SEG-P3,Mechanical
METER O/F,998729,0,618.64,,9,9,0,ELECTRICAL,SENSOR O/F,COMMON,730,METER O/F - COMMON,Mechanical
METER PROGRAMMING,998729,1,202576.27,,9,9,0,ELECTRICAL,WIRING REPAIR,,239040,METER PROGRAMMING - ,Mechanical
METER REPAIR,998729,1,3415.25,,9,9,0,ELECTRICAL,COMBINATION SWITCH O/F,,4030,METER REPAIR - ,Mechanical
MICHELIN PADDOCK CLUB ACCESS LOUNGE,998729,1,1220.34,,9,9,0,WHEELS & TYRES,PROMISE PLAN,"COMMON (A17"")",1440,"MICHELIN PADDOCK CLUB ACCESS LOUNGE - COMMON (A17"")",Tyre
MICHELIN PADDOCK CLUB ACCESS PASS,998729,1,618.64,,9,9,0,WHEELS & TYRES,PROMISE PLAN,"COMMON (16"")",730,"MICHELIN PADDOCK CLUB ACCESS PASS - COMMON (16"")",Tyre
"MICHELIN PROMISE PLAN 13""",998729,1,177.97,,9,9,0,WHEELS & TYRES,PROMISE PLAN,COMMON,210,"MICHELIN PROMISE PLAN 13"" - COMMON",Tyre
"MICHELIN PROMISE PLAN 14""",998729,1,423.73,,9,9,0,WHEELS & TYRES,PROMISE PLAN,COMMON,500,"MICHELIN PROMISE PLAN 14"" - COMMON",Tyre
"MICHELIN PROMISE PLAN 15""",999799,1,423.73,,9,9,0,WHEELS & TYRES,PROMISE PLAN,COMMON,500,"MICHELIN PROMISE PLAN 15"" - COMMON",Tyre
"MICHELIN PROMISE PLAN 16""",998729,1,728.81,,9,9,0,WHEELS & TYRES,PROMISE PLAN,COMMON,860,"MICHELIN PROMISE PLAN 16"" - COMMON",Tyre
"MICHELIN PROMISE PLAN 17""",998729,1,974.58,,9,9,0,WHEELS & TYRES,PROMISE PLAN,COMMON,1150,"MICHELIN PROMISE PLAN 17"" - COMMON",Tyre
"MICHELIN PROMISE PLAN 18""",998729,1,1466.1,,9,9,0,WHEELS & TYRES,PROMISE PLAN,COMMON,1730,"MICHELIN PROMISE PLAN 18"" - COMMON",Tyre
"MICHELIN PROMISE PLAN 19""",998729,1,1466.1,,9,9,0,WHEELS & TYRES,PROMISE PLAN,COMMON,1730,"MICHELIN PROMISE PLAN 19"" - COMMON",Tyre
MICRO USB FITTING,998729,1,500,,9,9,0,ACCESSORIES,USB CABLE,,590,MICRO USB FITTING - ,Accessories
MIKE FITTING,998729,1,245.76,,9,9,0,ELECTRICAL,WIRING REPAIR,,290,MIKE FITTING - ,Mechanical
MIRROR CAP O/F,998729,1,364.41,,9,9,0,BODY PARTS,MIRROR O/F,SEG-P2,430,MIRROR CAP O/F - SEG-P2,Bodyshop
MIRROR CAP PAINTING LH,998729,1,720.34,,9,9,0,PAINTING SERVICE,MIRROR PAINT,SEG-P3,850,MIRROR CAP PAINTING LH - SEG-P3,Bodyshop
MIRROR CAP PAINTING LH,998729,1,432.2,,9,9,0,PAINTING SERVICE,MIRROR PAINT,SEG-B,510,MIRROR CAP PAINTING LH - SEG-B,Bodyshop
MIRROR CAP PAINTING RH,998729,1,432.2,,9,9,0,PAINTING SERVICE,MIRROR PAINT,SEG-B,510,MIRROR CAP PAINTING RH - SEG-B,Bodyshop
MIRROR CAP PAINTING RH,998729,1,720.34,,9,9,0,PAINTING SERVICE,MIRROR PAINT,SEG-P3,850,MIRROR CAP PAINTING RH - SEG-P3,Bodyshop
MIRROR FOLD FITTING,998729,1,364.41,,9,9,0,BODY PARTS,MIRROR SWITCH,,430,MIRROR FOLD FITTING - ,Bodyshop
MIRROR SWITCH O/F,998729,0,432.2,,9,9,0,BODY PARTS,MIRROR SWITCH,SEG-B,510,MIRROR SWITCH O/F - SEG-B,Bodyshop
MIRROR SWITCH O/F RH,998729,0,576.27,,9,9,0,ELECTRICAL,POWER WINDOW SWITCH,SEG-B,680,MIRROR SWITCH O/F RH - SEG-B,Mechanical
MISC DENTING,998729,1,1872.88,,9,9,0,BODY PARTS,DENTING CHARGE,COMMON,2210,MISC DENTING - COMMON,Bodyshop
MISC O/F CHARGES,998729,0,1440.68,,9,9,NULL,BODY PARTS,O/F CHARGE,COMMON,1700,MISC O/F CHARGES - COMMON,Bodyshop
MISC PAINTING,998729,1,14372.88,,9,9,0,PAINTING SERVICE,BODY PANEL PAINT,SEG-D,16960,MISC PAINTING - SEG-D,Bodyshop
MISC WIRING WORK,998729,0,2161.02,,9,9,0,ELECTRICAL,WIRING REPAIR,SEG-D,2550,MISC WIRING WORK - SEG-D,Mechanical
MISCELLANEOUS WORK,998729,1,3593.22,,9,9,0,PAINTING SERVICE,ALLOY WHEEL PAINT,COMMON,4240,MISCELLANEOUS WORK - COMMON,Bodyshop
MOD SENSOR O/F,998729,0,728.81,,9,9,0,ELECTRICAL,SENSOR O/F,SEG-P3,860,MOD SENSOR O/F - SEG-P3,Mechanical
MODULES CHECKUP CHARGE,998729,0,1059.32,,9,9,0,ELECTRICAL,WIRING REPAIR,,1250,MODULES CHECKUP CHARGE - ,Mechanical
MODULES O/F,998729,0,1593.22,,9,9,0,ELECTRICAL,RADIATOR MODULE,,1880,MODULES O/F - ,Mechanical
MONOGRAM O/F ALL,998729,1,1000,,9,9,0,BODY PARTS,EMBLEM,,1180,MONOGRAM O/F ALL - ,Bodyshop
MOORTI FITTING,998729,0,618.64,,9,9,0,ACCESSORIES,ACCESSORIES FITTING,COMMON,730,MOORTI FITTING - COMMON,Accessories
MOUNTING BAR REPAIR FR RH,998729,0,10067.8,,9,9,0,BODY PARTS,DOOR HANDLE,COMMON,11880,MOUNTING BAR REPAIR FR RH - COMMON,Bodyshop
MUD FLAP PAINTING ,998729,1,796.61,,9,9,0,PAINTING SERVICE,MUD FLAP PAINT,SEG-P1,940,MUD FLAP PAINTING  - SEG-P1,Bodyshop
MUD FLAP PAINTING,998729,1,855.93,,9,9,0,PAINTING SERVICE,MUD FLAP PAINT,SEG-P2,1010,MUD FLAP PAINTING - SEG-P2,Bodyshop
MUD FLAP PAINTING,998729,1,364.41,,9,9,0,PAINTING SERVICE,MUD FLAP PAINT,SEG-SUV,430,MUD FLAP PAINTING - SEG-SUV,Bodyshop
MUD FLAP PAINTING,998729,1,288.14,,9,9,0,PAINTING SERVICE,MUD FLAP PAINT,SEG-B,340,MUD FLAP PAINTING - SEG-B,Bodyshop
MUD FLAP SET O/F,998729,0,245.76,,9,9,0,ACCESSORIES,MUD FLAP O/F,SEG-A,290,MUD FLAP SET O/F - SEG-A,Accessories
MUD FLAP SET O/F,998729,0,245.76,,9,9,0,ACCESSORIES,MUD FLAP O/F,SEG-B,290,MUD FLAP SET O/F - SEG-B,Accessories
MUD FLAP SET O/F,998729,0,245.76,,9,9,0,ACCESSORIES,MUD FLAP O/F,SEG-C,290,MUD FLAP SET O/F - SEG-C,Accessories
MUD FLAP SET O/F,998729,0,389.83,,9,9,0,ACCESSORIES,MUD FLAP O/F,SEG-E,460,MUD FLAP SET O/F - SEG-E,Accessories
MUD FLAP SET O/F,998729,0,389.83,,9,9,0,ACCESSORIES,MUD FLAP O/F,SEG-F,460,MUD FLAP SET O/F - SEG-F,Accessories
MUD FLAP SET O/F,998729,0,491.53,,9,9,0,ACCESSORIES,MUD FLAP O/F,SEG-P1,580,MUD FLAP SET O/F - SEG-P1,Accessories
MUD FLAP SET O/F,998729,0,1220.34,,9,9,0,ACCESSORIES,MUD FLAP O/F,SEG-P3,1440,MUD FLAP SET O/F - SEG-P3,Accessories
MUD FLAP SET O/F,998729,0,1466.1,,9,9,0,ACCESSORIES,MUD FLAP O/F,SEG-P4,1730,MUD FLAP SET O/F - SEG-P4,Accessories
MUD FLAP SET O/F ,998729,0,389.83,,9,9,0,ACCESSORIES,MUD FLAP O/F,SEG-D,460,MUD FLAP SET O/F  - SEG-D,Accessories
MUD FLAP SET O/F,998729,0,728.81,,9,9,0,ACCESSORIES,MUD FLAP O/F,SEG-P2,860,MUD FLAP SET O/F - SEG-P2,Accessories
MUD FLAP SET PAINTING,998729,1,0,,9,9,0,PAINTING SERVICE,MUD FLAP PAINT,SEG-C,0,MUD FLAP SET PAINTING - SEG-C,Bodyshop
MUD FLAP SET PAINTING,998729,1,2872.88,,9,9,0,PAINTING SERVICE,MUD FLAP PAINT,SEG-D,3390,MUD FLAP SET PAINTING - SEG-D,Bodyshop
MULTI CLUTCH O/F,998729,0,7067.8,,9,9,0,CLUTCH,CLUTCH OVERHAUL,SEG-P1,8340,MULTI CLUTCH O/F - SEG-P1,Mechanical
MULTIFUNCTIONAL SWITCH O/F,998729,0,915.25,SPIRAL CABLE O/F EXTRA,9,9,0,ELECTRICAL,COMBINATION SWITCH O/F,SEG-E,1080,MULTIFUNCTIONAL SWITCH O/F - SEG-E,Mechanical
MULTIFUNCTIONAL SWITCH O/F,998729,0,5542.37,SPIRAL CABLE O/F EXTRA,9,9,0,ELECTRICAL,COMBINATION SWITCH O/F,SEG-P4,6540,MULTIFUNCTIONAL SWITCH O/F - SEG-P4,Mechanical
MULTIFUNCTIONAL SWITCH O/F,998729,0,372.88,SPIRAL CABLE O/F EXTRA,9,9,0,ELECTRICAL,COMBINATION SWITCH O/F,SEG-A,440,MULTIFUNCTIONAL SWITCH O/F - SEG-A,Mechanical
MULTIFUNCTIONAL SWITCH O/F,998729,0,618.64,SPIRAL CABLE O/F EXTRA,9,9,0,ELECTRICAL,COMBINATION SWITCH O/F,SEG-B,730,MULTIFUNCTIONAL SWITCH O/F - SEG-B,Mechanical
MULTIFUNCTIONAL SWITCH O/F,998729,0,618.64,SPIRAL CABLE O/F EXTRA,9,9,0,ELECTRICAL,COMBINATION SWITCH O/F,SEG-C,730,MULTIFUNCTIONAL SWITCH O/F - SEG-C,Mechanical
MULTIFUNCTIONAL SWITCH O/F,998729,0,1398.31,SPIRAL CABLE O/F EXTRA,9,9,0,ELECTRICAL,COMBINATION SWITCH O/F,SEG-D,1650,MULTIFUNCTIONAL SWITCH O/F - SEG-D,Mechanical
MULTIFUNCTIONAL SWITCH O/F,998729,0,1440.68,SPIRAL CABLE O/F EXTRA,9,9,0,ELECTRICAL,COMBINATION SWITCH O/F,SEG-F,1700,MULTIFUNCTIONAL SWITCH O/F - SEG-F,Mechanical
MULTIFUNCTIONAL SWITCH O/F,998729,0,4271.19,SPIRAL CABLE O/F EXTRA,9,9,0,ELECTRICAL,COMBINATION SWITCH O/F,SEG-P1,5040,MULTIFUNCTIONAL SWITCH O/F - SEG-P1,Mechanical
MULTIFUNCTIONAL SWITCH O/F,998729,0,4271.19,SPIRAL CABLE O/F EXTRA,9,9,0,ELECTRICAL,COMBINATION SWITCH O/F,SEG-P2,5040,MULTIFUNCTIONAL SWITCH O/F - SEG-P2,Mechanical
MULTIFUNCTIONAL SWITCH O/F,998729,0,5050.85,SPIRAL CABLE O/F EXTRA,9,9,0,ELECTRICAL,COMBINATION SWITCH O/F,SEG-P3,5960,MULTIFUNCTIONAL SWITCH O/F - SEG-P3,Mechanical
MUSIC SYSTEM FITTING,998729,0,618.64,,9,9,0,ELECTRICAL,MUSIC SYSTEM FITTING,SEG-A,730,MUSIC SYSTEM FITTING - SEG-A,Mechanical
MUSIC SYSTEM FITTING,998729,0,1440.68,,9,9,0,ELECTRICAL,MUSIC SYSTEM FITTING,SEG-B,1700,MUSIC SYSTEM FITTING - SEG-B,Mechanical
MUSIC SYSTEM INSTALLATION,998729,0,7194.92,,9,9,0,ELECTRICAL,MUSIC SYSTEM FITTING,SEG-P1,8490,MUSIC SYSTEM INSTALLATION - SEG-P1,Mechanical
MUSIC SYSTEM INSTALLATION,998729,0,3228.81,,9,9,0,ELECTRICAL,MUSIC SYSTEM FITTING,SEG-P3,3810,MUSIC SYSTEM INSTALLATION - SEG-P3,Mechanical
MUSIC SYSTEM REPAIR,998729,1,16822.03,,9,9,0,ELECTRICAL,WIRING REPAIR,SEG-SUV,19850,MUSIC SYSTEM REPAIR - SEG-SUV,Mechanical
MUSIC SYSTEM WIRING,998729,1,4491.53,,9,9,0,ELECTRICAL,MUSIC SYSTEM REPAIR,COMMON,5300.01,MUSIC SYSTEM WIRING - COMMON,Mechanical
NASIOL CERAMIC COATING,998729,1,18000,,9,9,0,CAR CARE,CERAMIC COATING,,21240,NASIOL CERAMIC COATING - ,Value Addition
NITROGEN GAS FILLING,998729,0,0,,9,9,0,WHEELS & TYRES,NITROGEN GAS,SEG-A,0,NITROGEN GAS FILLING - SEG-A,Tyre
NITROGEN GAS FILLING,998729,0,0,,9,9,0,WHEELS & TYRES,NITROGEN GAS,SEG-B,0,NITROGEN GAS FILLING - SEG-B,Tyre
NITROGEN GAS FILLING,998729,0,0,,9,9,0,WHEELS & TYRES,NITROGEN GAS,SEG-C,0,NITROGEN GAS FILLING - SEG-C,Tyre
NITROGEN GAS FILLING,998729,0,0,,9,9,0,WHEELS & TYRES,NITROGEN GAS,SEG-D,0,NITROGEN GAS FILLING - SEG-D,Tyre
NITROGEN GAS FILLING,998729,0,0,,9,9,0,WHEELS & TYRES,NITROGEN GAS,SEG-SUV,0,NITROGEN GAS FILLING - SEG-SUV,Tyre
NITROGEN GAS FILLING,998729,0,0,,9,9,0,WHEELS & TYRES,NITROGEN GAS,SEG-P1,0,NITROGEN GAS FILLING - SEG-P1,Tyre
NITROGEN GAS FILLING,998729,0,0,,9,9,0,WHEELS & TYRES,NITROGEN GAS,SEG-P2,0,NITROGEN GAS FILLING - SEG-P2,Tyre
NITROGEN GAS FILLING,998729,0,0,,9,9,0,WHEELS & TYRES,NITROGEN GAS,SEG-P3,0,NITROGEN GAS FILLING - SEG-P3,Tyre
NOZZLE SERVICE,998729,1,169.49,,9,9,0,FUEL SYSTEM,INJECTOR SERVICE,,200,NOZZLE SERVICE - ,Mechanical
NUMBER PLATE BULB O/F,998729,0,152.54,,9,9,0,ELECTRICAL,BULB,SEG-P4,180,NUMBER PLATE BULB O/F - SEG-P4,Mechanical
NUMBER PLATE FITTING FR,998729,1,720.34,,9,9,0,BODY PARTS,NUMBER PLATE HOLDER,SEG-B,850,NUMBER PLATE FITTING FR - SEG-B,Bodyshop
NUMBER PLATE MOULDING PAINTING,998729,1,423.73,,9,9,0,PAINTING SERVICE,MOULDING PAINT,SEG-P3,500,NUMBER PLATE MOULDING PAINTING - SEG-P3,Bodyshop
NUMBER PLATE O/F,998729,0,211.86,,9,9,0,BODY PARTS,NO. PLATE FITTING,COMMON,250,NUMBER PLATE O/F - COMMON,Bodyshop
NUMBER PLATE SET / FITTING,998729,1,1940.68,,9,9,0,BODY PARTS,NO. PLATE FITTING,SEG-F,2290,NUMBER PLATE SET / FITTING - SEG-F,Bodyshop
NUMBER PLATE SET FITTING,998729,1,1152.54,,9,9,0,BODY PARTS,NO. PLATE FITTING,SEG-C,1360,NUMBER PLATE SET FITTING - SEG-C,Bodyshop
NUMBER PLATE SET FITTING,998729,1,1440.68,,9,9,0,BODY PARTS,NO. PLATE FITTING,SEG-P3,1700,NUMBER PLATE SET FITTING - SEG-P3,Bodyshop
NUMBER PLATE SET FITTING,998729,1,1220.34,,9,9,0,BODY PARTS,NO. PLATE FITTING,SEG-B,1440,NUMBER PLATE SET FITTING - SEG-B,Bodyshop
NUMBER PLATE SET FITTING,998729,1,2161.02,,9,9,0,BODY PARTS,NO. PLATE FITTING,SEG-P1,2550,NUMBER PLATE SET FITTING - SEG-P1,Bodyshop
NUMBER PLATE SET FITTING,998729,1,2440.68,,9,9,0,BODY PARTS,NO. PLATE FITTING,SEG-P2,2880,NUMBER PLATE SET FITTING - SEG-P2,Bodyshop
NXTZEN CERAMIC COATING,998729,1,17000,,9,9,0,CAR CARE,CERAMIC COATING,,20060,NXTZEN CERAMIC COATING - ,Value Addition
O-RING O/F,998729,1,127.12,,9,9,0,ENGINE,ENGINE SEAL,,150,O-RING O/F - ,Mechanical
O2 SENSOR WIRING,998729,0,805.08,,9,9,0,ELECTRICAL,WIRING HARNESS,,950,O2 SENSOR WIRING - ,Mechanical
OIL CHAMBER BOLT O/F,998729,0,211.86,,9,9,0,ENGINE,DRAIN COKE,SEG-D,250,OIL CHAMBER BOLT O/F - SEG-D,Mechanical
OIL CHAMBER WELDING,998729,0,796.61,,9,9,0,ENGINE,OIL CHAMBER O/F,SEG-C,940,OIL CHAMBER WELDING - SEG-C,Mechanical
OIL CONTROL VALVE O/F,998729,0,720.34,,9,9,0,ENGINE,EGR VALVE,SEG-B,850,OIL CONTROL VALVE O/F - SEG-B,Mechanical
OIL COOLER BODY O/F,998729,0,3949.15,,9,9,0,ENGINE,OIL COOLER,SEG-P1,4660,OIL COOLER BODY O/F - SEG-P1,Mechanical
OIL COOLER HOSE O/F,998729,0,728.81,,9,9,0,ENGINE,OIL COOLER,SEG-SUV,860,OIL COOLER HOSE O/F - SEG-SUV,Mechanical
OIL FILTER BODY O/F,998729,0,5033.9,,9,9,0,FILTERATION,OIL FILTER,SEG-P2,5940,OIL FILTER BODY O/F - SEG-P2,Mechanical
OIL FILTER CASE O-RING O/F,998729,0,508.48,,9,9,0,ENGINE,AIR CLEANER HOSE O/F,SEG-C,600,OIL FILTER CASE O-RING O/F - SEG-C,Mechanical
OIL FILTER O/F,998729,0,76.27,,9,9,0,FILTERATION,OIL FILTER,SEG-B,90,OIL FILTER O/F - SEG-B,Mechanical
OIL LEVEL SENSOR O/F,998729,0,796.61,,9,9,0,ENGINE,OIL LEVEL SENSOR O/F,SEG-P3,940,OIL LEVEL SENSOR O/F - SEG-P3,Mechanical
OIL PAN O/F,998729,0,6093.22,CROSS O/F EXTRA,9,9,0,ENGINE,OIL CHAMBER O/F,SEG-P4,7190,OIL PAN O/F - SEG-P4,Mechanical
OIL PAN O/F,998729,0,1220.34,CROSS O/F EXTRA,9,9,0,ENGINE,OIL CHAMBER O/F,SEG-E,1440,OIL PAN O/F - SEG-E,Mechanical
OIL PAN O/F,998729,0,728.81,CROSS O/F EXTRA,9,9,0,ENGINE,OIL CHAMBER O/F,SEG-A,860,OIL PAN O/F - SEG-A,Mechanical
OIL PAN O/F,998729,0,855.93,CROSS O/F EXTRA,9,9,0,ENGINE,OIL CHAMBER O/F,SEG-B,1010,OIL PAN O/F - SEG-B,Mechanical
OIL PAN O/F,998729,0,855.93,CROSS O/F EXTRA,9,9,0,ENGINE,OIL CHAMBER O/F,SEG-C,1010,OIL PAN O/F - SEG-C,Mechanical
OIL PAN O/F,998729,0,1466.1,CROSS O/F EXTRA,9,9,0,ENGINE,OIL CHAMBER O/F,SEG-D,1730,OIL PAN O/F - SEG-D,Mechanical
OIL PAN O/F,998729,0,1466.1,CROSS O/F EXTRA,9,9,0,ENGINE,OIL CHAMBER O/F,SEG-F,1730,OIL PAN O/F - SEG-F,Mechanical
OIL PAN O/F,998729,0,2440.68,CROSS O/F EXTRA,9,9,0,ENGINE,OIL CHAMBER O/F,SEG-P1,2880,OIL PAN O/F - SEG-P1,Mechanical
OIL PAN O/F,998729,0,3652.54,CROSS O/F EXTRA,9,9,0,ENGINE,OIL CHAMBER O/F,SEG-P2,4310,OIL PAN O/F - SEG-P2,Mechanical
OIL PAN O/F,998729,0,4872.88,CROSS O/F EXTRA,9,9,0,ENGINE,OIL CHAMBER O/F,SEG-P3,5750,OIL PAN O/F - SEG-P3,Mechanical
OIL PRESSURE SWITCH O/F,998729,0,491.53,,9,9,0,ENGINE,OIL PRESSURE SWITCH O/F,SEG-B,580,OIL PRESSURE SWITCH O/F - SEG-B,Mechanical
OIL PRESSURE SWITCH O/F,998729,0,491.53,,9,9,0,ENGINE,OIL PRESSURE SWITCH O/F,SEG-A,580,OIL PRESSURE SWITCH O/F - SEG-A,Mechanical
OIL PRESSURE SWITCH O/F,998729,0,491.53,,9,9,0,ENGINE,OIL PRESSURE SWITCH O/F,SEG-C,580,OIL PRESSURE SWITCH O/F - SEG-C,Mechanical
OIL PRESSURE SWITCH O/F,998729,0,491.53,,9,9,0,ENGINE,OIL PRESSURE SWITCH O/F,SEG-D,580,OIL PRESSURE SWITCH O/F - SEG-D,Mechanical
OIL PRESSURE SWITCH O/F,998729,0,491.53,,9,9,0,ENGINE,OIL PRESSURE SWITCH O/F,SEG-E,580,OIL PRESSURE SWITCH O/F - SEG-E,Mechanical
OIL PRESSURE SWITCH O/F,998729,0,491.53,,9,9,0,ENGINE,OIL PRESSURE SWITCH O/F,SEG-F,580,OIL PRESSURE SWITCH O/F - SEG-F,Mechanical
OIL PRESSURE SWITCH O/F,998729,0,728.81,,9,9,0,ENGINE,OIL PRESSURE SWITCH O/F,SEG-P1,860,OIL PRESSURE SWITCH O/F - SEG-P1,Mechanical
OIL PRESSURE SWITCH O/F,998729,0,974.58,,9,9,0,ENGINE,OIL PRESSURE SWITCH O/F,SEG-P2,1150,OIL PRESSURE SWITCH O/F - SEG-P2,Mechanical
OIL PRESSURE SWITCH O/F,998729,0,1220.34,,9,9,0,ENGINE,OIL PRESSURE SWITCH O/F,SEG-P3,1440,OIL PRESSURE SWITCH O/F - SEG-P3,Mechanical
OIL PRESSURE SWITCH O/F,998729,0,1466.1,,9,9,0,ENGINE,OIL PRESSURE SWITCH O/F,SEG-P4,1730,OIL PRESSURE SWITCH O/F - SEG-P4,Mechanical
OIL PUMP O/F,998729,0,2194.92,,9,9,0,ENGINE,OIL PUMP,SEG-B,2590,OIL PUMP O/F - SEG-B,Mechanical
OPENING & FITTING CHARGES,998729,1,1440.68,,9,9,0,BODY PARTS,BONET REPAIR,COMMON,1700,OPENING & FITTING CHARGES - COMMON,Bodyshop
OUTPUT SHAFT SENSOR O/F,998729,0,400,,9,9,0,ENGINE,CAM SHAFT SENSOR,,472,OUTPUT SHAFT SENSOR O/F - ,Mechanical
OXYGEN SENSOR O/F,998729,0,1271.19,,9,9,0,ENGINE,AIR MASS SENSOR,,1500,OXYGEN SENSOR O/F - ,Mechanical
P/WINDOW RELAY WIRING FITTING,998729,0,1025.42,,9,9,0,BODY PARTS,GLASS WINDER,SEG-D,1210,P/WINDOW RELAY WIRING FITTING - SEG-D,Bodyshop
PADDING WORK,998729,1,21567.8,,9,9,0,UPHOLSTERY,ROOF PADDING,COMMON,25450,PADDING WORK - COMMON,Mechanical
PAINT MAINTENANCE,998729,1,4237.29,INCL CAR WASH,9,9,0,CAR CARE,PAINT MAINTENANCE,SEG-A,5000,PAINT MAINTENANCE - SEG-A,Value Addition
PAINT MAINTENANCE,998729,1,4237.29,INCL CAR WASH,9,9,0,CAR CARE,PAINT MAINTENANCE,SEG-B,5000,PAINT MAINTENANCE - SEG-B,Value Addition
PAINT MAINTENANCE,998729,1,4237.29,INCL CAR WASH,9,9,0,CAR CARE,PAINT MAINTENANCE,SEG-C,5000,PAINT MAINTENANCE - SEG-C,Value Addition
PAINT MAINTENANCE,998729,1,5508.47,INCL CAR WASH,9,9,0,CAR CARE,PAINT MAINTENANCE,SEG-D-E,6499.99,PAINT MAINTENANCE - SEG-D-E,Value Addition
PAINT MAINTENANCE,998729,1,6355.93,INCL CAR WASH,9,9,0,CAR CARE,PAINT MAINTENANCE,SEG-F,7500,PAINT MAINTENANCE - SEG-F,Value Addition
PAINT MAINTENANCE,998729,1,7203.39,INCL CAR WASH,9,9,0,CAR CARE,PAINT MAINTENANCE,SEG-P1-P2,8500,PAINT MAINTENANCE - SEG-P1-P2,Value Addition
PAINT MAINTENANCE,998729,1,8474.58,INCL CAR WASH,9,9,0,CAR CARE,PAINT MAINTENANCE,SEG-P3-P4,10000,PAINT MAINTENANCE - SEG-P3-P4,Value Addition
PAINT PROTECTION,998729,1,0,,9,9,0,CAR CARE,PAINT MAINTENANCE,SEG-A,0,PAINT PROTECTION - SEG-A,Value Addition
PAINT PROTECTION,998729,1,0,,9,9,0,CAR CARE,PAINT MAINTENANCE,SEG-B,0,PAINT PROTECTION - SEG-B,Value Addition
PAINT PROTECTION,998729,1,0,,9,9,0,CAR CARE,PAINT MAINTENANCE,SEG-C,0,PAINT PROTECTION - SEG-C,Value Addition
PAINT PROTECTION,998729,1,0,,9,9,0,CAR CARE,PAINT MAINTENANCE,SEG-D,0,PAINT PROTECTION - SEG-D,Value Addition
PAINT PROTECTION,998729,1,0,,9,9,0,CAR CARE,PAINT MAINTENANCE,SEG-P3,0,PAINT PROTECTION - SEG-P3,Value Addition
PAINT PROTECTION,998729,1,0,,9,9,0,CAR CARE,PAINT MAINTENANCE,SEG-SUV,0,PAINT PROTECTION - SEG-SUV,Value Addition
PAINT PROTECTION,998729,1,0,,9,9,0,CAR CARE,PAINT MAINTENANCE,SEG-P1,0,PAINT PROTECTION - SEG-P1,Value Addition
PAINT PROTECTION,998729,1,0,,9,9,0,CAR CARE,PAINT MAINTENANCE,SEG-P2,0,PAINT PROTECTION - SEG-P2,Value Addition
PAINT PROTECTION FILM APPLICATION CHARGE,998729,1,127.12,,9,9,0,ACCESSORIES,FILM INSTALLATION,COMMON,150,PAINT PROTECTION FILM APPLICATION CHARGE - COMMON,Accessories
PAINT PROTECTION TREATMENT,998729,1,6338.98,,9,9,0,CAR CARE,PAINT MAINTENANCE,COMMON,7480,PAINT PROTECTION TREATMENT - COMMON,Value Addition
PAINT RESTORATION,998729,1,6779.66,INCL CAR WASH,9,9,0,CAR CARE,PAINT RESTORATION,SEG-D-E,8000,PAINT RESTORATION - SEG-D-E,Value Addition
PAINT RESTORATION,998729,1,5932.2,INCL CAR WASH,9,9,0,CAR CARE,PAINT RESTORATION,SEG-A-B-C,7000,PAINT RESTORATION - SEG-A-B-C,Value Addition
PAINT RESTORATION,998729,1,7627.12,INCL CAR WASH,9,9,0,CAR CARE,PAINT RESTORATION,SEG-F,9000,PAINT RESTORATION - SEG-F,Value Addition
PAINT RESTORATION,998729,1,8474.58,INCL CAR WASH,9,9,0,CAR CARE,PAINT RESTORATION,SEG-P1-P2,10000,PAINT RESTORATION - SEG-P1-P2,Value Addition
PAINT RESTORATION,998729,1,10169.49,INCL CAR WASH,9,9,0,CAR CARE,PAINT RESTORATION,SEG-P3-P4,12000,PAINT RESTORATION - SEG-P3-P4,Value Addition
PAINT STRIPING CHARGE,998729,0,8000,,9,9,0,PAINTING SERVICE,APRON PAINT,SEG-P2,9440,PAINT STRIPING CHARGE - SEG-P2,Bodyshop
PAINTING CHARGE,998729,1,4313.56,,9,9,0,PAINTING SERVICE,PAINTING CHARGE,COMMON,5090,PAINTING CHARGE - COMMON,Bodyshop
PAINTING JOB ON CLADDING,998729,1,4313.56,,9,9,0,PAINTING SERVICE,MOULDING PAINT,SEG-SUV,5090,PAINTING JOB ON CLADDING - SEG-SUV,Bodyshop
PARKING ASSIST MODULE O/F,998729,0,1466.1,,9,9,0,ELECTRICAL,PARKING SENSOR,SEG-P2,1730,PARKING ASSIST MODULE O/F - SEG-P2,Mechanical
PARKING BRAKE HANDLE O/F,998729,0,423.73,,9,9,0,BRAKE,HAND BRAKE CABLE,,500,PARKING BRAKE HANDLE O/F - ,Mechanical
PARKING BRAKE SWITCH O/F,998729,0,1000,,9,9,0,BRAKE,HAND BRAKE CABLE,,1180,PARKING BRAKE SWITCH O/F - ,Mechanical
PARKING CAMERA FITTING,998729,0,720.34,,9,9,0,ELECTRICAL,CAMERA FITTING,SSEG-B,850,PARKING CAMERA FITTING - SSEG-B,Mechanical
PARKING CAMERA WIRING,998729,0,2084.75,,9,9,0,ELECTRICAL,CAMERA FITTING,SEG-P3,2460,PARKING CAMERA WIRING - SEG-P3,Mechanical
PARKING CARMERA WIRING,998729,0,3381.36,,9,9,0,ELECTRICAL,WIRING REPAIR,SEG-C,3990,PARKING CARMERA WIRING - SEG-C,Mechanical
PARKING SENSOR O/F,998729,0,618.64,INCL BUMPER O/F,9,9,0,ELECTRICAL,PARKING SENSOR O/F,SEG-A,730,PARKING SENSOR O/F - SEG-A,Mechanical
PARKING SENSOR O/F,998729,0,618.64,INCL BUMPER O/F,9,9,0,ELECTRICAL,PARKING SENSOR O/F,SEG-B,730,PARKING SENSOR O/F - SEG-B,Mechanical
PARKING SENSOR O/F,998729,0,855.93,INCL BUMPER O/F,9,9,0,ELECTRICAL,PARKING SENSOR O/F,SEG-D,1010,PARKING SENSOR O/F - SEG-D,Mechanical
PARKING SENSOR O/F,998729,0,618.64,INCL BUMPER O/F,9,9,0,ELECTRICAL,PARKING SENSOR O/F,SEG-E,730,PARKING SENSOR O/F - SEG-E,Mechanical
PARKING SENSOR O/F,998729,0,974.58,INCL BUMPER O/F,9,9,0,ELECTRICAL,PARKING SENSOR O/F,SEG-P1,1150,PARKING SENSOR O/F - SEG-P1,Mechanical
PARKING SENSOR O/F,998729,0,1220.34,INCL BUMPER O/F,9,9,0,ELECTRICAL,PARKING SENSOR O/F,SEG-P2,1440,PARKING SENSOR O/F - SEG-P2,Mechanical
PARKING SENSOR O/F,998729,0,1830.51,INCL BUMPER O/F,9,9,0,ELECTRICAL,PARKING SENSOR O/F,SEG-P4,2160,PARKING SENSOR O/F - SEG-P4,Mechanical
PARKING SENSOR O/F,998729,0,618.64,INCL BUMPER O/F,9,9,0,ELECTRICAL,PARKING SENSOR O/F,SEG-C,730,PARKING SENSOR O/F - SEG-C,Mechanical
PARKING SENSOR O/F,998729,0,1466.1,INCL BUMPER O/F,9,9,0,ELECTRICAL,PARKING SENSOR O/F,SEG-P3,1730,PARKING SENSOR O/F - SEG-P3,Mechanical
PARKING SENSOR O/F,998729,0,796.61,INCL BUMPER O/F,9,9,0,ELECTRICAL,PARKING SENSOR O/F,SEG-F,940,PARKING SENSOR O/F - SEG-F,Mechanical
PARKING SENSOR PAINTING,998729,1,2872.88,,9,9,0,PAINTING SERVICE,PAINTING CHARGE,SEG-P3,3390,PARKING SENSOR PAINTING - SEG-P3,Bodyshop
PARKING SENSOR WIRING REPAIR,998729,0,2161.02,,9,9,0,ELECTRICAL,WIRING REPAIR,SEG-P1,2550,PARKING SENSOR WIRING REPAIR - SEG-P1,Mechanical
PARKING SWITCH REPAIR,998729,1,700,,9,9,0,ELECTRICAL,POWER WINDOW SWITCH O/F,,0,PARKING SWITCH REPAIR - ,Mechanical
PATCH WORK,998729,1,6093.22,,9,9,0,BODY PARTS,TAILGATE REPAIR,SEG-F,7190,PATCH WORK - SEG-F,Bodyshop
PATTI W/BOLT FITTING,998729,1,152.54,,9,9,0,BODY PARTS,NBSW,,180,PATTI W/BOLT FITTING - ,Bodyshop
PELABLE PAINT REMOVING,998729,1,2872.88,,9,9,0,PAINTING SERVICE,BONET PAINT,,3390,PELABLE PAINT REMOVING - ,Bodyshop
PERFORMED CODING AND TEACHING OF RADAR SENSOR AND SOLVE THE CONCERN,998714,1,6347.46,,9,9,0,SCANNING SERVICE,CODING,,7490,PERFORMED CODING AND TEACHING OF RADAR SENSOR AND SOLVE THE CONCERN - ,Mechanical
PERIODIC MAINTENANCE SERVICE,998729,0,2805.09,,9,9,0,PMS,ROUTINE SERVICE,SEG-E,3310,PERIODIC MAINTENANCE SERVICE - SEG-E,Mechanical
PERIODIC MAINTENANCE SERVICE,998729,0,9745.76,,9,9,0,PMS,ROUTINE SERVICE,SEG-P4,11500,PERIODIC MAINTENANCE SERVICE - SEG-P4,Mechanical
PERIODIC MAINTENANCE SERVICE,998729,0,2805.09,,9,9,0,PMS,ROUTINE SERVICE,SEG-C,3310,PERIODIC MAINTENANCE SERVICE - SEG-C,Mechanical
PERIODIC MAINTENANCE SERVICE,998729,0,3415.25,,9,9,0,PMS,ROUTINE SERVICE,SEG-D,4030,PERIODIC MAINTENANCE SERVICE - SEG-D,Mechanical
PERIODIC MAINTENANCE SERVICE,998729,0,3720.34,,9,9,0,PMS,ROUTINE SERVICE,SEG-F,4390,PERIODIC MAINTENANCE SERVICE - SEG-F,Mechanical
PERIODIC MAINTENANCE SERVICE,998729,0,6703.39,,9,9,0,PMS,ROUTINE SERVICE,SEG-P1,7910,PERIODIC MAINTENANCE SERVICE - SEG-P1,Mechanical
PERIODIC MAINTENANCE SERVICE,998729,0,7313.56,,9,9,0,PMS,ROUTINE SERVICE,SEG-P2,8630,PERIODIC MAINTENANCE SERVICE - SEG-P2,Mechanical
PERIODIC MAINTENANCE SERVICE,998729,0,7923.73,,9,9,0,PMS,ROUTINE SERVICE,SEG-P3,9350,PERIODIC MAINTENANCE SERVICE - SEG-P3,Mechanical
PERIODIC MAINTENANCE SERVICE,998729,0,1703.39,,9,9,0,PMS,ROUTINE SERVICE,SEG-A,2010,PERIODIC MAINTENANCE SERVICE - SEG-A,Mechanical
PERIODIC MAINTENANCE SERVICE,998729,0,2194.92,,9,9,0,PMS,ROUTINE SERVICE,SEG-B,2590,PERIODIC MAINTENANCE SERVICE - SEG-B,Mechanical
PICKUP & DROP SERVICE,998729,0,127.12,,9,9,0,PICKUP & DROP,PICKUP SERVICE,COMMON,150,PICKUP & DROP SERVICE - COMMON,Mechanical
PICKUP SERVICE,998729,0,127.12,,9,9,0,PICKUP & DROP,PICKUP SERVICE,COMMON,150,PICKUP SERVICE - COMMON,Mechanical
PILLAR HINGE O/F FR LH,998729,0,1728.81,,9,9,0,BODY PARTS,BODY PILLAR REPAIR,SEG-B,2040,PILLAR HINGE O/F FR LH - SEG-B,Bodyshop
PILLER GARNISH O/F FR RH,998729,1,720.34,,9,9,0,BODY PARTS,BODY PILLAR,,850,PILLER GARNISH O/F FR RH - ,Bodyshop
PIPE EXHAUST EGR O/F,998729,0,2000,,9,9,0,ENGINE,SILENCER O/F,,2360,PIPE EXHAUST EGR O/F - ,Mechanical
PISTON SET CLUTCH ACTUAT O/F,998729,0,1728.81,,9,9,0,CLUTCH,CLUTCH CABLE,,2040,PISTON SET CLUTCH ACTUAT O/F - ,Mechanical
PLASTIC REPAIR,998729,0,1220.34,,9,9,0,BODY PARTS,BUMPER REPAIR,,1440,PLASTIC REPAIR - ,Bodyshop
PLUG OIL DRAIN O/F,998729,0,796.61,,9,9,0,ENGINE,OIL CHAMBER,,940,PLUG OIL DRAIN O/F - ,Mechanical
PNEUMATIC COMPRESSOR O/F,998729,0,8525.42,,9,9,0,SUSPENSION,SUSP COMPRESSOR O/F,SEG-P3,10060,PNEUMATIC COMPRESSOR O/F - SEG-P3,Mechanical
PNEUMATIC COMPRESSOR O/F,998729,0,12186.44,,9,9,0,SUSPENSION,SUSP COMPRESSOR O/F,SEG-P4,14380,PNEUMATIC COMPRESSOR O/F - SEG-P4,Mechanical
PNEUMATIC COMPRESSOR O/F,998729,0,6093.22,,9,9,0,SUSPENSION,SUSP COMPRESSOR O/F,SEG-P2,7190,PNEUMATIC COMPRESSOR O/F - SEG-P2,Mechanical
PNEUMATIC COMPRESSOR REPAIR,998729,1,43127.12,,9,9,0,SUSPENSION,SUSP COMPRESSOR,SEG-F,50890,PNEUMATIC COMPRESSOR REPAIR - SEG-F,Mechanical
PNEUMATIC LINE REPAIR,998729,0,4200,,9,9,0,SUSPENSION,PNEUMATIC VALVE,,4956,PNEUMATIC LINE REPAIR - ,Mechanical
PNEUMATIC PIPE REPAIR,998729,1,8474.58,,9,9,0,SUSPENSION,STRUT O/F,,10000,PNEUMATIC PIPE REPAIR - ,Mechanical
PNEUMATIC STRUT VALVE REPAIR,998729,0,8627.12,,9,9,0,SUSPENSION,PNEUMATIC VALVE O/F,,10180,PNEUMATIC STRUT VALVE REPAIR - ,Mechanical
PNEUMATIC SUSPENSION CALIBRATION,998729,0,4872.88,,9,9,0,SCANNING SERVICE,CALIBRATION,SEG-P3,5750,PNEUMATIC SUSPENSION CALIBRATION - SEG-P3,Mechanical
PNEUMATIC SUSPENSION CALIBRATION,998729,0,3652.54,,9,9,0,SCANNING SERVICE,CALIBRATION,SEG-P2,4310,PNEUMATIC SUSPENSION CALIBRATION - SEG-P2,Mechanical
PNEUMATIC SUSPENSION CALIBRATION,998729,0,6093.22,,9,9,0,SCANNING SERVICE,CALIBRATION,SEG-P4,7190,PNEUMATIC SUSPENSION CALIBRATION - SEG-P4,Mechanical
PNEUMATIC SUSPENSION CHECK RR,998729,0,2872.88,,9,9,0,SUSPENSION,SHOCKER BALLOON,SEG-P2,3390,PNEUMATIC SUSPENSION CHECK RR - SEG-P2,Mechanical
PNEUMATIC SUSPENSION OVERHAUL,998729,0,21567.8,,9,9,0,SUSPENSION,STRUT,,25450,PNEUMATIC SUSPENSION OVERHAUL - ,Mechanical
PNEUMATIC VALVE O/F,998729,0,4872.88,,9,9,0,SUSPENSION,PNEUMATIC VALVE O/F,SEG-P3,5750,PNEUMATIC VALVE O/F - SEG-P3,Mechanical
PNEUMATIC VALVE O/F,998729,0,3652.54,,9,9,0,SUSPENSION,PNEUMATIC VALVE O/F,SEG-P2,4310,PNEUMATIC VALVE O/F - SEG-P2,Mechanical
PNEUMATIC VALVE O/F,998729,0,6093.22,,9,9,0,SUSPENSION,PNEUMATIC VALVE O/F,SEG-P4,7190,PNEUMATIC VALVE O/F - SEG-P4,Mechanical
POINT CONDENSER REPAIR,998729,0,880,,9,9,0,AIR CONDITIONER,AC CONDENSER FAN,,1038.4,POINT CONDENSER REPAIR - ,Mechanical
POLYSTER FILLING,998729,1,5754.24,,9,9,0,PAINTING SERVICE,SPOILER PAINT,SEG-F,6790,POLYSTER FILLING - SEG-F,Bodyshop
POWER CONTROLLER O/F,998729,0,491.53,,9,9,0,ELECTRICAL,WIRING REPAIR,,580,POWER CONTROLLER O/F - ,Mechanical
POWER STEERING BELT O/F,998729,0,305.09,,9,9,0,ENGINE,FAN BELT,SEG-SUV,360,POWER STEERING BELT O/F - SEG-SUV,Mechanical
POWER STEERING PIPE O/F,998729,0,2161.02,,9,9,0,STEERING SYSTEM,STEERING,SEG-P2,2550,POWER STEERING PIPE O/F - SEG-P2,Mechanical
POWER STEERING PIPE REPAIR,998729,0,2872.88,,9,9,0,STEERING SYSTEM,STEERING PIPE,SEG-P2,3390,POWER STEERING PIPE REPAIR - SEG-P2,Mechanical
POWER STEERING PULLEY /F,998729,0,1220.34,,9,9,0,STEERING SYSTEM,STEERING RACK O/F,SEG-SUV,1440,POWER STEERING PULLEY /F - SEG-SUV,Mechanical
POWER STEERING PUMP O/F,998729,0,3050.85,,9,9,0,STEERING SYSTEM,STEERING PUMP O/F,SEG-E,3600,POWER STEERING PUMP O/F - SEG-E,Mechanical
POWER STEERING PUMP O/F,998729,0,3652.54,,9,9,0,STEERING SYSTEM,STEERING PUMP O/F,SEG-F,4310,POWER STEERING PUMP O/F - SEG-F,Mechanical
POWER STEERING PUMP O/F,998729,0,4271.19,,9,9,0,STEERING SYSTEM,STEERING PUMP O/F,SEG-P1,5040,POWER STEERING PUMP O/F - SEG-P1,Mechanical
POWER STEERING PUMP O/F,998729,0,4872.88,,9,9,0,STEERING SYSTEM,STEERING PUMP O/F,SEG-P3,5750,POWER STEERING PUMP O/F - SEG-P3,Mechanical
POWER STEERING PUMP O/F,998729,0,5491.53,,9,9,0,STEERING SYSTEM,STEERING PUMP O/F,SEG-P4,6480,POWER STEERING PUMP O/F - SEG-P4,Mechanical
POWER STEERING PUMP O/F,998729,0,4271.19,,9,9,0,STEERING SYSTEM,STEERING PUMP O/F,SEG-P2,5040,POWER STEERING PUMP O/F - SEG-P2,Mechanical
POWER STEERING PUMP O/F,998729,0,3652.54,,9,9,0,STEERING SYSTEM,STEERING PUMP O/F,SEG-D,4310,POWER STEERING PUMP O/F - SEG-D,Mechanical
POWER STEERING PUMP SERVICE,998729,1,1400,,9,9,0,STEERING SYSTEM,STEERING PUMP,,1652,POWER STEERING PUMP SERVICE - ,Mechanical
POWER STEERING REPAIR,998714,0,9347.46,,9,9,0,STEERING SYSTEM,STEERING REPAIR,SEG-D,11030,POWER STEERING REPAIR - SEG-D,Mechanical
POWER STEERING REPAIR,998714,1,29830.51,,9,9,0,STEERING SYSTEM,STEERING REPAIR,SEG-P1,35200,POWER STEERING REPAIR - SEG-P1,Mechanical
POWER WINDOW CHECK,998729,0,194.92,,9,9,0,BODY PARTS,GLASS WINDER,SEG-B,230,POWER WINDOW CHECK - SEG-B,Bodyshop
POWER WINDOW REPAIR FR RH,998729,0,550.85,,9,9,0,ELECTRICAL,WIRING REPAIR,SEG-B,650,POWER WINDOW REPAIR FR RH - SEG-B,Mechanical
POWER WINDOW REPAIR RR LH,998729,0,550.85,,9,9,0,ELECTRICAL,WIRING REPAIR,SEG-B,650,POWER WINDOW REPAIR RR LH - SEG-B,Mechanical
POWER WINDOW SWITCH O/F FR LH,998729,0,245.76,,9,9,0,ELECTRICAL,POWER WINDOW SWITCH O/F,SEG-B,290,POWER WINDOW SWITCH O/F FR LH - SEG-B,Mechanical
POWER WINDOW SWITCH O/F FR LH,998729,0,127.12,,9,9,0,ELECTRICAL,POWER WINDOW SWITCH O/F,SEG-A,150,POWER WINDOW SWITCH O/F FR LH - SEG-A,Mechanical
POWER WINDOW SWITCH O/F FR LH,998729,0,245.76,,9,9,0,ELECTRICAL,POWER WINDOW SWITCH O/F,SEG-C,290,POWER WINDOW SWITCH O/F FR LH - SEG-C,Mechanical
POWER WINDOW SWITCH O/F FR LH,998729,0,305.09,,9,9,0,ELECTRICAL,POWER WINDOW SWITCH O/F,SEG-D,360,POWER WINDOW SWITCH O/F FR LH - SEG-D,Mechanical
POWER WINDOW SWITCH O/F FR LH,998729,0,305.09,,9,9,0,ELECTRICAL,POWER WINDOW SWITCH O/F,SEG-E,360,POWER WINDOW SWITCH O/F FR LH - SEG-E,Mechanical
POWER WINDOW SWITCH O/F FR LH,998729,0,305.09,,9,9,0,ELECTRICAL,POWER WINDOW SWITCH O/F,SEG-F,360,POWER WINDOW SWITCH O/F FR LH - SEG-F,Mechanical
POWER WINDOW SWITCH O/F FR LH,998729,0,423.73,,9,9,0,ELECTRICAL,POWER WINDOW SWITCH O/F,SEG-P1,500,POWER WINDOW SWITCH O/F FR LH - SEG-P1,Mechanical
POWER WINDOW SWITCH O/F FR LH,998729,0,423.73,,9,9,0,ELECTRICAL,POWER WINDOW SWITCH O/F,SEG-P2,500,POWER WINDOW SWITCH O/F FR LH - SEG-P2,Mechanical
POWER WINDOW SWITCH O/F FR LH,998729,0,423.73,,9,9,0,ELECTRICAL,POWER WINDOW SWITCH O/F,SEG-P3,500,POWER WINDOW SWITCH O/F FR LH - SEG-P3,Mechanical
POWER WINDOW SWITCH O/F FR LH,998729,0,423.73,,9,9,0,ELECTRICAL,POWER WINDOW SWITCH O/F,SEG-P4,500,POWER WINDOW SWITCH O/F FR LH - SEG-P4,Mechanical
POWER WINDOW SWITCH O/F FR RH,998729,0,915.25,,9,9,0,ELECTRICAL,POWER WINDOW SWITCH O/F,SEG-P2,1080,POWER WINDOW SWITCH O/F FR RH - SEG-P2,Mechanical
POWER WINDOW SWITCH O/F FR RH,998729,0,372.88,,9,9,0,ELECTRICAL,POWER WINDOW SWITCH O/F,SEG-A,440,POWER WINDOW SWITCH O/F FR RH - SEG-A,Mechanical
POWER WINDOW SWITCH O/F FR RH,998729,0,372.88,,9,9,0,ELECTRICAL,POWER WINDOW SWITCH O/F,SEG-B,440,POWER WINDOW SWITCH O/F FR RH - SEG-B,Mechanical
POWER WINDOW SWITCH O/F FR RH,998729,0,372.88,,9,9,0,ELECTRICAL,POWER WINDOW SWITCH O/F,SEG-C,440,POWER WINDOW SWITCH O/F FR RH - SEG-C,Mechanical
POWER WINDOW SWITCH O/F FR RH,998729,0,372.88,,9,9,0,ELECTRICAL,POWER WINDOW SWITCH O/F,SEG-E,440,POWER WINDOW SWITCH O/F FR RH - SEG-E,Mechanical
POWER WINDOW SWITCH O/F FR RH,998729,0,491.53,,9,9,0,ELECTRICAL,POWER WINDOW SWITCH O/F,SEG-F,580,POWER WINDOW SWITCH O/F FR RH - SEG-F,Mechanical
POWER WINDOW SWITCH O/F FR RH,998729,0,796.61,,9,9,0,ELECTRICAL,POWER WINDOW SWITCH O/F,SEG-P1,940,POWER WINDOW SWITCH O/F FR RH - SEG-P1,Mechanical
POWER WINDOW SWITCH O/F FR RH,998729,0,1152.54,,9,9,0,ELECTRICAL,POWER WINDOW SWITCH O/F,SEG-P3,1360,POWER WINDOW SWITCH O/F FR RH - SEG-P3,Mechanical
POWER WINDOW SWITCH O/F FR RH,998729,0,1525.42,,9,9,0,ELECTRICAL,POWER WINDOW SWITCH O/F,SEG-P4,1800,POWER WINDOW SWITCH O/F FR RH - SEG-P4,Mechanical
POWER WINDOW SWITCH O/F FR RH,998729,0,618.64,,9,9,0,ELECTRICAL,POWER WINDOW SWITCH O/F,SEG-D,730,POWER WINDOW SWITCH O/F FR RH - SEG-D,Mechanical
POWER WINDOW SWITCH O/F RR LH,998729,0,423.73,,9,9,0,ELECTRICAL,POWER WINDOW SWITCH O/F,SEG-P1,500,POWER WINDOW SWITCH O/F RR LH - SEG-P1,Mechanical
POWER WINDOW SWITCH O/F RR LH,998729,0,127.12,,9,9,0,ELECTRICAL,POWER WINDOW SWITCH O/F,SEG-A,150,POWER WINDOW SWITCH O/F RR LH - SEG-A,Mechanical
POWER WINDOW SWITCH O/F RR LH,998729,0,245.76,,9,9,0,ELECTRICAL,POWER WINDOW SWITCH O/F,SEG-B,290,POWER WINDOW SWITCH O/F RR LH - SEG-B,Mechanical
POWER WINDOW SWITCH O/F RR LH,998729,0,245.76,,9,9,0,ELECTRICAL,POWER WINDOW SWITCH O/F,SEG-C,290,POWER WINDOW SWITCH O/F RR LH - SEG-C,Mechanical
POWER WINDOW SWITCH O/F RR LH,998729,0,305.09,,9,9,0,ELECTRICAL,POWER WINDOW SWITCH O/F,SEG-D,360,POWER WINDOW SWITCH O/F RR LH - SEG-D,Mechanical
POWER WINDOW SWITCH O/F RR LH,998729,0,305.09,,9,9,0,ELECTRICAL,POWER WINDOW SWITCH O/F,SEG-E,360,POWER WINDOW SWITCH O/F RR LH - SEG-E,Mechanical
POWER WINDOW SWITCH O/F RR LH,998729,0,305.09,,9,9,0,ELECTRICAL,POWER WINDOW SWITCH O/F,SEG-F,360,POWER WINDOW SWITCH O/F RR LH - SEG-F,Mechanical
POWER WINDOW SWITCH O/F RR LH,998729,0,423.73,,9,9,0,ELECTRICAL,POWER WINDOW SWITCH O/F,SEG-P2,500,POWER WINDOW SWITCH O/F RR LH - SEG-P2,Mechanical
POWER WINDOW SWITCH O/F RR LH,998729,0,423.73,,9,9,0,ELECTRICAL,POWER WINDOW SWITCH O/F,SEG-P3,500,POWER WINDOW SWITCH O/F RR LH - SEG-P3,Mechanical
POWER WINDOW SWITCH O/F RR LH,998729,0,423.73,,9,9,0,ELECTRICAL,POWER WINDOW SWITCH O/F,SEG-P4,500,POWER WINDOW SWITCH O/F RR LH - SEG-P4,Mechanical
POWER WINDOW SWITCH O/F RR RH,998729,0,127.12,,9,9,0,ELECTRICAL,POWER WINDOW SWITCH O/F,SEG-A,150,POWER WINDOW SWITCH O/F RR RH - SEG-A,Mechanical
POWER WINDOW SWITCH O/F RR RH,998729,0,245.76,,9,9,0,ELECTRICAL,POWER WINDOW SWITCH O/F,SEG-B,290,POWER WINDOW SWITCH O/F RR RH - SEG-B,Mechanical
POWER WINDOW SWITCH O/F RR RH,998729,0,245.76,,9,9,0,ELECTRICAL,POWER WINDOW SWITCH O/F,SEG-C,290,POWER WINDOW SWITCH O/F RR RH - SEG-C,Mechanical
POWER WINDOW SWITCH O/F RR RH,998729,0,305.09,,9,9,0,ELECTRICAL,POWER WINDOW SWITCH O/F,SEG-D,360,POWER WINDOW SWITCH O/F RR RH - SEG-D,Mechanical
POWER WINDOW SWITCH O/F RR RH,998729,0,305.09,,9,9,0,ELECTRICAL,POWER WINDOW SWITCH O/F,SEG-E,360,POWER WINDOW SWITCH O/F RR RH - SEG-E,Mechanical
POWER WINDOW SWITCH O/F RR RH,998729,0,305.09,,9,9,0,ELECTRICAL,POWER WINDOW SWITCH O/F,SEG-F,360,POWER WINDOW SWITCH O/F RR RH - SEG-F,Mechanical
POWER WINDOW SWITCH O/F RR RH,998729,0,423.73,,9,9,0,ELECTRICAL,POWER WINDOW SWITCH O/F,SEG-P1,500,POWER WINDOW SWITCH O/F RR RH - SEG-P1,Mechanical
POWER WINDOW SWITCH O/F RR RH,998729,0,423.73,,9,9,0,ELECTRICAL,POWER WINDOW SWITCH O/F,SEG-P2,500,POWER WINDOW SWITCH O/F RR RH - SEG-P2,Mechanical
POWER WINDOW SWITCH O/F RR RH,998729,0,423.73,,9,9,0,ELECTRICAL,POWER WINDOW SWITCH O/F,SEG-P4,500,POWER WINDOW SWITCH O/F RR RH - SEG-P4,Mechanical
POWER WINDOW SWITCH O/F RR RH,998729,0,423.73,,9,9,0,ELECTRICAL,POWER WINDOW SWITCH O/F,SEG-P3,500,POWER WINDOW SWITCH O/F RR RH - SEG-P3,Mechanical
POWER WINDOW SWITCH PAINTING,998729,1,3593.22,,9,9,0,PAINTING SERVICE,DOOR HANDLE PAINT,SEG-F,4240,POWER WINDOW SWITCH PAINTING - SEG-F,Bodyshop
POWER WINDOW SWITCH REPAIR,998729,1,2118.64,,9,9,0,ELECTRICAL,POWER WINDOW SWITCH O/F,,2500,POWER WINDOW SWITCH REPAIR - ,Mechanical
POWER WINDOW SWITCH REPAIR FR LH,998729,1,720.34,,9,9,0,ELECTRICAL,POWER WINDOW SWITCH O/F,,850,POWER WINDOW SWITCH REPAIR FR LH - ,Mechanical
POWER WINDOW WIRING,998729,1,3737.29,,9,9,0,ELECTRICAL,WIRING REPAIR,SEG-SUV,4410,POWER WINDOW WIRING - SEG-SUV,Mechanical
PPF COATING REMOVING AND CLEANING,998729,0,2296.61,,9,9,0,CAR CARE,PPF PROTECTION,SEG-P1,2710,PPF COATING REMOVING AND CLEANING - SEG-P1,Value Addition
PPF PROTECTION,998729,1,2533.9,,9,9,0,CAR CARE,PPF PROTECTION,,2990,PPF PROTECTION - ,Value Addition
PPF REMOVE,998729,1,6898.31,,9,9,0,CAR CARE,PPF REMOVE,COMMON,8140.01,PPF REMOVE - COMMON,Value Addition
PRE-CUTTING CHARGE,998729,1,7194.92,,9,9,0,ACCESSORIES,PPF CUTTING,COMMON,8490.01,PRE-CUTTING CHARGE - COMMON,Accessories
PREMIUM WASH,998729,1,1932.2,,9,9,0,CAR CARE,PREMIUM WASH,SEG-E,2280,PREMIUM WASH - SEG-E,Value Addition
PREMIUM WASH,998729,1,3220.34,,9,9,0,CAR CARE,PREMIUM WASH,SEG-P4,3800,PREMIUM WASH - SEG-P4,Value Addition
PREMIUM WASH,998729,1,2355.93,,9,9,0,CAR CARE,PREMIUM WASH,SEG-P1,2780,PREMIUM WASH - SEG-P1,Value Addition
PREMIUM WASH,998729,1,1288.14,,9,9,0,CAR CARE,PREMIUM WASH,SEG-B,1520,PREMIUM WASH - SEG-B,Value Addition
PREMIUM WASH,998729,1,1076.27,,9,9,0,CAR CARE,PREMIUM WASH,SEG-A,1270,PREMIUM WASH - SEG-A,Value Addition
PREMIUM WASH,998729,1,1500,,9,9,0,CAR CARE,PREMIUM WASH,SEG-C,1770,PREMIUM WASH - SEG-C,Value Addition
PREMIUM WASH,998729,1,1711.86,,9,9,0,CAR CARE,PREMIUM WASH,SEG-D,2020,PREMIUM WASH - SEG-D,Value Addition
PREMIUM WASH,998729,1,2144.07,,9,9,0,CAR CARE,PREMIUM WASH,SEG-F,2530,PREMIUM WASH - SEG-F,Value Addition
PREMIUM WASH,998729,1,2355.93,,9,9,0,CAR CARE,PREMIUM WASH,SEG-P2,2780,PREMIUM WASH - SEG-P2,Value Addition
PREMIUM WASH,998729,1,2788.14,,9,9,0,CAR CARE,PREMIUM WASH,SEG-P3,3290,PREMIUM WASH - SEG-P3,Value Addition
PREMIUM WASH.,998729,1,0,,9,9,0,CAR CARE,PREMIUM WASH,COMMON,0,PREMIUM WASH. - COMMON,Value Addition
PRESSURE CONVERTER O/F,998729,0,177.97,,9,9,0,ELECTRICAL,PRESSURE CONVERTER O/F,SEG-B,210,PRESSURE CONVERTER O/F - SEG-B,Mechanical
PRESSURE TRANSDUSER O/F,998729,0,3593.22,,9,9,0,FUEL SYSTEM,FUEL PUMP MOTOR,SEG-P2,4240,PRESSURE TRANSDUSER O/F - SEG-P2,Mechanical
PRESSURE VALVE O/F,998729,0,2872.88,,9,9,0,ENGINE,EGR VALVE,SEG-P3,3390,PRESSURE VALVE O/F - SEG-P3,Mechanical
PROPELLER SHAFT CHECK,998729,0,3593.22,,9,9,0,TRANSMISSION,PROPELLER SHAFT,SEG-P3,4240,PROPELLER SHAFT CHECK - SEG-P3,Mechanical
PROPELLER SHAFT O/F,998729,0,974.58,,9,9,0,TRANSMISSION,PROPELLER SHAFT O/F,SEG-F,1150,PROPELLER SHAFT O/F - SEG-F,Mechanical
PROPELLER SHAFT O/F,998729,0,1830.51,,9,9,0,TRANSMISSION,PROPELLER SHAFT O/F,SEG-P1,2160,PROPELLER SHAFT O/F - SEG-P1,Mechanical
PROPELLER SHAFT O/F,998729,0,1830.51,,9,9,0,TRANSMISSION,PROPELLER SHAFT O/F,SEG-P2,2160,PROPELLER SHAFT O/F - SEG-P2,Mechanical
PROPELLER SHAFT O/F,998729,0,2440.68,,9,9,0,TRANSMISSION,PROPELLER SHAFT O/F,SEG-P3,2880,PROPELLER SHAFT O/F - SEG-P3,Mechanical
PROPELLER SHAFT O/F,998729,0,3050.85,,9,9,0,TRANSMISSION,PROPELLER SHAFT O/F,SEG-P4,3600,PROPELLER SHAFT O/F - SEG-P4,Mechanical
PROPELLER SHAFT OIL SEAL O/F,998729,0,1211.86,,9,9,0,TRANSMISSION,AXLE SEAL,SEG-SUV,1430,PROPELLER SHAFT OIL SEAL O/F - SEG-SUV,Mechanical
PROTECTION PLATE PAINTING,998729,1,7194.92,,9,9,0,PAINTING SERVICE,TRIM PAINT,,8490,PROTECTION PLATE PAINTING - ,Bodyshop
PURGE VALVE O/F,998729,0,2161.02,,9,9,0,ENGINE,EGR VALVE,SEG-D,2550,PURGE VALVE O/F - SEG-D,Mechanical
QCARE ANNUAL PACKAGE,998729,1,34745.76,(a) Paint Restoration - 1 (b) Paint Protection - 3 (c) Interior Cleaning - 4 (d) WASH - 4,9,9,0,QCARE,ANNUAL PACKAGE,FORTUNER,41000,QCARE ANNUAL PACKAGE - FORTUNER,Value Addition
QCARE COMBO SERVICE # 2,998729,1,4661.02,,9,9,0,QCARE,COMBO SERVICE,BMW-5-SERIES,5500,QCARE COMBO SERVICE # 2 - BMW-5-SERIES,Value Addition
QTR GLASS O/F,998729,1,720.34,,9,9,0,BODY PARTS,DOOR GLASS,SEG-D,850,QTR GLASS O/F - SEG-D,Bodyshop
QTR GLASS O/F RR LH,998729,1,720.34,,9,9,0,BODY PARTS,DOOR GLASS,SEG-B,850,QTR GLASS O/F RR LH - SEG-B,Bodyshop
QTR GLASS TRIM PAINTING LH,998729,1,0,,9,9,0,PAINTING SERVICE,QTR PANEL PAINT,SEG-P2,0,QTR GLASS TRIM PAINTING LH - SEG-P2,Bodyshop
QTR GLASS TRIM PAINTING RH,998729,1,0,,9,9,0,PAINTING SERVICE,QTR PANEL PAINT,SEG-P2,0,QTR GLASS TRIM PAINTING RH - SEG-P2,Bodyshop
QTR MOULDING REPAIR LH,998729,1,1440.68,,9,9,0,BODY PARTS,MOULDING O/F,SEG-P2,1700,QTR MOULDING REPAIR LH - SEG-P2,Bodyshop
QTR MOULDING REPAIR RH,998729,1,1440.68,,9,9,0,BODY PARTS,MOULDING O/F,SEG-P2,1700,QTR MOULDING REPAIR RH - SEG-P2,Bodyshop
QTR PANEL CLADDING O/F LH,998729,1,288.14,,9,9,0,BODY PARTS,BODY CLADDING,SEG-SUV,340,QTR PANEL CLADDING O/F LH - SEG-SUV,Bodyshop
QTR PANEL CLADDING O/F RH,998729,1,288.14,,9,9,0,BODY PARTS,DOOR O/F,SEG-P3,340,QTR PANEL CLADDING O/F RH - SEG-P3,Bodyshop
QTR PANEL CLADDING PAINTING LH,998729,1,1500,,9,9,0,PAINTING SERVICE,QTR PANEL PAINT,SEG-E,1770,QTR PANEL CLADDING PAINTING LH - SEG-E,Bodyshop
QTR PANEL CLADDING PAINTING RH,998729,1,1500,,9,9,0,PAINTING SERVICE,QTR PANEL PAINT,SEG-E,1770,QTR PANEL CLADDING PAINTING RH - SEG-E,Bodyshop
QTR PANEL GARNISH O/F LH,998729,1,254.24,,9,9,0,BODY PARTS,TRIM O/F,SEG-SUV,300,QTR PANEL GARNISH O/F LH - SEG-SUV,Bodyshop
QTR PANEL GARNISH O/F RH,998729,1,254.24,,9,9,0,BODY PARTS,TRIM O/F,SEG-SUV,300,QTR PANEL GARNISH O/F RH - SEG-SUV,Bodyshop
QTR PANEL HOUSING REPAIR RH,998729,1,3593.22,,9,9,0,BODY PARTS,QTR PANEL REPAIR,SEG-D,4240,QTR PANEL HOUSING REPAIR RH - SEG-D,Bodyshop
QTR PANEL INNER PANEL REPAIR RH,998729,0,2161.02,,9,9,0,BODY PARTS,QTR PANEL REPAIR,SEG-SUV,2550,QTR PANEL INNER PANEL REPAIR RH - SEG-SUV,Bodyshop
QTR PANEL MOULDING O/F,998729,1,720.34,,9,9,0,BODY PARTS,MOULDING O/F,SEG-D,850,QTR PANEL MOULDING O/F - SEG-D,Bodyshop
QTR PANEL MOULDING O/F LH,998729,1,720.34,,9,9,0,BODY PARTS,MOULDING O/F,SEG-SUV,850,QTR PANEL MOULDING O/F LH - SEG-SUV,Bodyshop
QTR PANEL MOULDING O/F RH,998729,1,720.34,,9,9,0,BODY PARTS,MOULDING O/F,SEG-SUV,850,QTR PANEL MOULDING O/F RH - SEG-SUV,Bodyshop
QTR PANEL MOULDING PAINTING LH,998729,1,2161.02,,9,9,0,PAINTING SERVICE,MOULDING PAINT,SEG-D,2550,QTR PANEL MOULDING PAINTING LH - SEG-D,Bodyshop
QTR PANEL MOULDING PAINTING LH,998729,1,0,,9,9,0,PAINTING SERVICE,MOULDING PAINT,SEG-SUV,0,QTR PANEL MOULDING PAINTING LH - SEG-SUV,Bodyshop
QTR PANEL MOULDING PAINTING LH,998729,1,0,,9,9,0,PAINTING SERVICE,MOULDING PAINT,SEG-P1,0,QTR PANEL MOULDING PAINTING LH - SEG-P1,Bodyshop
QTR PANEL MOULDING PAINTING RH,998729,1,0,,9,9,0,PAINTING SERVICE,MOULDING PAINT,SEG-P1,0,QTR PANEL MOULDING PAINTING RH - SEG-P1,Bodyshop
QTR PANEL MOULDING PAINTING RH,998729,1,0,,9,9,0,PAINTING SERVICE,MOULDING PAINT,SEG-SUV,0,QTR PANEL MOULDING PAINTING RH - SEG-SUV,Bodyshop
QTR PANEL O/F LH,998729,1,1440.68,,9,9,0,BODY PARTS,QTR PANEL O/F,SEG-B,1700,QTR PANEL O/F LH - SEG-B,Bodyshop
QTR PANEL O/F RH,998729,1,2872.88,,9,9,0,BODY PARTS,QTR PANEL,SEG-C,3390,QTR PANEL O/F RH - SEG-C,Bodyshop
QTR PANEL PAINTING LH,998729,1,0,,9,9,0,PAINTING SERVICE,QTR PANEL PAINT,SEG;-SUV,0,QTR PANEL PAINTING LH - SEG;-SUV,Bodyshop
QTR PANEL PAINTING LH,998729,1,4313.56,,9,9,0,PAINTING SERVICE,QTR PANEL PAINT,SEG-B,5090,QTR PANEL PAINTING LH - SEG-B,Bodyshop
QTR PANEL PAINTING LH,998729,1,4313.56,,9,9,0,PAINTING SERVICE,QTR PANEL PAINT,SEG-A,5090,QTR PANEL PAINTING LH - SEG-A,Bodyshop
QTR PANEL PAINTING LH,998729,1,4313.56,,9,9,0,PAINTING SERVICE,QTR PANEL PAINT,I-20 METALLIC COLOR,5090,QTR PANEL PAINTING LH - I-20 METALLIC COLOR,Bodyshop
QTR PANEL PAINTING LH,998729,1,4313.56,,9,9,0,PAINTING SERVICE,QTR PANEL PAINT,SEG-C,5090,QTR PANEL PAINTING LH - SEG-C,Bodyshop
QTR PANEL PAINTING LH,998729,1,10788.14,,9,9,0,PAINTING SERVICE,QTR PANEL PAINT,SEG-P3,12730,QTR PANEL PAINTING LH - SEG-P3,Bodyshop
QTR PANEL PAINTING LH,998729,1,4313.56,,9,9,0,PAINTING SERVICE,QTR PANEL PAINT,SEG-D,5090,QTR PANEL PAINTING LH - SEG-D,Bodyshop
QTR PANEL PAINTING LH,998729,1,0,,9,9,0,PAINTING SERVICE,QTR PANEL PAINT,SEG-P2,0,QTR PANEL PAINTING LH - SEG-P2,Bodyshop
QTR PANEL PAINTING LH,998729,1,7635.59,,9,9,0,PAINTING SERVICE,QTR PANEL PAINT,SEG-P1,9010,QTR PANEL PAINTING LH - SEG-P1,Bodyshop
QTR PANEL PAINTING RH,998729,1,6474.58,,9,9,0,PAINTING SERVICE,QTR PANEL PAINT,SUV,7640,QTR PANEL PAINTING RH - SUV,Bodyshop
QTR PANEL PAINTING RH,998729,1,5033.9,,9,9,0,PAINTING SERVICE,QTR PANEL PAINT,SEG-B,5940,QTR PANEL PAINTING RH - SEG-B,Bodyshop
QTR PANEL PAINTING RH,998729,1,4601.7,,9,9,0,PAINTING SERVICE,QTR PANEL PAINT,SEG-C,5430,QTR PANEL PAINTING RH - SEG-C,Bodyshop
QTR PANEL PAINTING RH,998729,1,6042.37,,9,9,0,PAINTING SERVICE,QTR PANEL PAINT,CR-V METALIC,7130,QTR PANEL PAINTING RH - CR-V METALIC,Bodyshop
QTR PANEL PAINTING RH,998729,1,5754.24,,9,9,0,PAINTING SERVICE,QTR PANEL PAINT,SEG-P1,6790,QTR PANEL PAINTING RH - SEG-P1,Bodyshop
QTR PANEL PAINTING RH,998729,1,9347.46,,9,9,0,PAINTING SERVICE,QTR PANEL PAINT,SEG-P2,11030,QTR PANEL PAINTING RH - SEG-P2,Bodyshop
QTR PANEL PAINTING RH,998729,1,10067.8,,9,9,0,PAINTING SERVICE,QTR PANEL PAINT,SEG-P3,11880,QTR PANEL PAINTING RH - SEG-P3,Bodyshop
QTR PANEL PAINTING RH,998729,1,0,,9,9,0,PAINTING SERVICE,QTR PANEL PAINT,SEG-A,0,QTR PANEL PAINTING RH - SEG-A,Bodyshop
QTR PANEL PAINTING RH,998729,1,0,,9,9,0,PAINTING SERVICE,QTR PANEL PAINT,SEG-D,0,QTR PANEL PAINTING RH - SEG-D,Bodyshop
QTR PANEL REPAIR INNER LH,998729,1,932.2,,9,9,0,BODY PARTS,QTR PANEL REPAIR,SEG-C,1100,QTR PANEL REPAIR INNER LH - SEG-C,Bodyshop
QTR PANEL REPAIR INNER RH,998729,0,932.2,,9,9,0,BODY PARTS,QTR PANEL REPAIR,SEG-C,1100,QTR PANEL REPAIR INNER RH - SEG-C,Bodyshop
QTR PANEL REPAIR LH,998729,1,1364.41,,9,9,0,BODY PARTS,QTR PANEL REPAIR,SEG-P1,1610,QTR PANEL REPAIR LH - SEG-P1,Bodyshop
QTR PANEL REPAIR LH,998729,1,2449.15,,9,9,0,BODY PARTS,QTR PANEL REPAIR,SEG-SUV,2890,QTR PANEL REPAIR LH - SEG-SUV,Bodyshop
QTR PANEL REPAIR LH,998729,1,3593.22,,9,9,0,BODY PARTS,QTR PANEL REPAIR,SEG-P2,4240,QTR PANEL REPAIR LH - SEG-P2,Bodyshop
QTR PANEL REPAIR LH,998729,1,644.07,,9,9,0,BODY PARTS,QTR PANEL REPAIR,SEG-A,760,QTR PANEL REPAIR LH - SEG-A,Bodyshop
QTR PANEL REPAIR LH,998729,1,720.34,,9,9,0,BODY PARTS,QTR PANEL REPAIR,SEG-C,850,QTR PANEL REPAIR LH - SEG-C,Bodyshop
QTR PANEL REPAIR LH,998729,1,796.61,,9,9,0,BODY PARTS,QTR PANEL REPAIR,SEG-P3,940,QTR PANEL REPAIR LH - SEG-P3,Bodyshop
QTR PANEL REPAIR LH,998729,1,644.07,,9,9,0,BODY PARTS,QTR PANEL REPAIR,SEG-D,760,QTR PANEL REPAIR LH - SEG-D,Bodyshop
QTR PANEL REPAIR LH,998729,1,855.93,,9,9,0,BODY PARTS,QTR PANEL REPAIR,SEG-B,1010,QTR PANEL REPAIR LH - SEG-B,Bodyshop
QTR PANEL REPAIR RH,998729,1,855.93,,9,9,0,BODY PARTS,QTR PANEL REPAIR,SEG-D,1010,QTR PANEL REPAIR RH - SEG-D,Bodyshop
QTR PANEL REPAIR RH,998729,1,855.93,,9,9,0,BODY PARTS,QTR PANEL REPAIR,SEG-P1,1010,QTR PANEL REPAIR RH - SEG-P1,Bodyshop
QTR PANEL REPAIR RH,998729,1,644.07,,9,9,0,BODY PARTS,QTR PANEL REPAIR,SEG-B,760,QTR PANEL REPAIR RH - SEG-B,Bodyshop
QTR PANEL REPAIR RH,998729,1,2161.02,,9,9,0,BODY PARTS,QTR PANEL REPAIR,SEG-P3,2550,QTR PANEL REPAIR RH - SEG-P3,Bodyshop
QTR PANEL REPAIR RH,998729,1,1084.75,,9,9,0,BODY PARTS,QTR PANEL REPAIR,SEG-C,1280,QTR PANEL REPAIR RH - SEG-C,Bodyshop
QTR PANEL REPAIR RH,998729,1,796.61,,9,9,0,BODY PARTS,QTR PANEL REPAIR,SEG-SUV,940,QTR PANEL REPAIR RH - SEG-SUV,Bodyshop
QTR PANEL REPAIR RH,998729,1,1008.48,,9,9,0,BODY PARTS,QTR PANEL REPAIR,SEG-D,1190,QTR PANEL REPAIR RH - SEG-D,Bodyshop
QTR PANEL REPAIR RH,998729,1,7194.92,,9,9,0,BODY PARTS,QTR PANEL REPAIR,SEG-P2,8490,QTR PANEL REPAIR RH - SEG-P2,Bodyshop
QTR PANEL SKIRT PAINTING RH,998729,1,1152.54,,9,9,0,PAINTING SERVICE,SKIRT PANEL PAINT,FORTUNER,1360,QTR PANEL SKIRT PAINTING RH - FORTUNER,Bodyshop
QTR PANEL TOUCH UP RH,998729,1,3593.22,,9,9,0,PAINTING SERVICE,QTR PANEL PAINT,SEG-B,4240,QTR PANEL TOUCH UP RH - SEG-B,Bodyshop
QTR PANEL TRIM O/F,998729,1,364.41,,9,9,0,BODY PARTS,QTR PANEL REPAIR,SEG-B,430,QTR PANEL TRIM O/F - SEG-B,Bodyshop
QTR WINDOW GLASS O/F LH,998729,1,508.48,,9,9,0,BODY PARTS,DOOR GLASS,SEG-B,600,QTR WINDOW GLASS O/F LH - SEG-B,Bodyshop
QUARTER PANEL LINING O/F RR RH,998729,0,1000,,9,9,0,BODY PARTS,FENDER LINING O/F,,1180,QUARTER PANEL LINING O/F RR RH - ,Bodyshop
QUARTER PANEL REPAIR LH,998729,0,2000,,9,9,0,BODY PARTS,BODY PANEL,,2360,QUARTER PANEL REPAIR LH - ,Bodyshop
QUARTER PANEL REPAIR RH,998729,0,2000,,9,9,0,BODY PARTS,BODY PANEL,,2360,QUARTER PANEL REPAIR RH - ,Bodyshop
QUTER PANEL REPAIR INNER LH,998729,1,1220.34,,9,9,0,BODY PARTS,QTR PANEL REPAIR,SEG-B,1440,QUTER PANEL REPAIR INNER LH - SEG-B,Bodyshop
RADIATOR ASSY O/F,998729,0,855.93,BUMPER & TIE MEMBER O/F EXTRA,9,9,0,ENGINE COOLING,RADIATOR O/F,SEG-E,1010,RADIATOR ASSY O/F - SEG-E,Mechanical
RADIATOR ASSY O/F,998729,0,4872.88,BUMPER & TIE MEMBER O/F EXTRA,9,9,0,ENGINE COOLING,RADIATOR O/F,SEG-P4,5750,RADIATOR ASSY O/F - SEG-P4,Mechanical
RADIATOR ASSY O/F,998729,0,855.93,BUMPER & TIE MEMBER O/F EXTRA,9,9,0,ENGINE COOLING,RADIATOR O/F,SEG-A,1010,RADIATOR ASSY O/F - SEG-A,Mechanical
RADIATOR ASSY O/F,998729,0,855.93,BUMPER & TIE MEMBER O/F EXTRA,9,9,0,ENGINE COOLING,RADIATOR O/F,SEG-B,1010,RADIATOR ASSY O/F - SEG-B,Mechanical
RADIATOR ASSY O/F,998729,0,855.93,BUMPER & TIE MEMBER O/F EXTRA,9,9,0,ENGINE COOLING,RADIATOR O/F,SEG-C,1010,RADIATOR ASSY O/F - SEG-C,Mechanical
RADIATOR ASSY O/F,998729,0,855.93,BUMPER & TIE MEMBER O/F EXTRA,9,9,0,ENGINE COOLING,RADIATOR O/F,SEG-D,1010,RADIATOR ASSY O/F - SEG-D,Mechanical
RADIATOR ASSY O/F,998729,0,1101.7,BUMPER & TIE MEMBER O/F EXTRA,9,9,0,ENGINE COOLING,RADIATOR O/F,SEG-F,1300,RADIATOR ASSY O/F - SEG-F,Mechanical
RADIATOR ASSY O/F,998729,0,3050.85,BUMPER & TIE MEMBER O/F EXTRA,9,9,0,ENGINE COOLING,RADIATOR O/F,SEG-P1,3600,RADIATOR ASSY O/F - SEG-P1,Mechanical
RADIATOR ASSY O/F,998729,0,3050.85,BUMPER & TIE MEMBER O/F EXTRA,9,9,0,ENGINE COOLING,RADIATOR O/F,SEG-P2,3600,RADIATOR ASSY O/F - SEG-P2,Mechanical
RADIATOR ASSY O/F,998729,0,3652.54,BUMPER & TIE MEMBER O/F EXTRA,9,9,0,ENGINE COOLING,RADIATOR O/F,SEG-P3,4310,RADIATOR ASSY O/F - SEG-P3,Mechanical
RADIATOR CAP FITTING,998729,0,305.09,,9,9,0,ENGINE COOLING,COOLANT TANK CAP,SEG-B,360,RADIATOR CAP FITTING - SEG-B,Mechanical
RADIATOR CROSS REPAIR,998729,1,796.61,,9,9,0,BODY PARTS,CROSS MEMBER REPAIR,SEG-D,940,RADIATOR CROSS REPAIR - SEG-D,Bodyshop
RADIATOR FAN MODULE O/F,998729,0,1550.85,,9,9,0,ENGINE COOLING,RADIATOR FAN,SEG-P2,1830,RADIATOR FAN MODULE O/F - SEG-P2,Mechanical
RADIATOR FAN MOTOR O/F,998729,0,508.48,,9,9,0,ENGINE COOLING,RADIATOR O/F,SEG-B,600,RADIATOR FAN MOTOR O/F - SEG-B,Mechanical
RADIATOR FAN O/F,998729,0,855.93,BUMPER & TIE MEMBER O/F EXTRA,9,9,0,ENGINE COOLING,RADIATOR FAN O/F,SEG-A,1010,RADIATOR FAN O/F - SEG-A,Mechanical
RADIATOR FAN O/F,998729,0,7923.73,BUMPER & TIE MEMBER O/F EXTRA,9,9,0,ENGINE COOLING,RADIATOR FAN O/F,SEG-P4,9350,RADIATOR FAN O/F - SEG-P4,Mechanical
RADIATOR FAN O/F,998729,0,1042.37,BUMPER & TIE MEMBER O/F EXTRA,9,9,0,ENGINE COOLING,RADIATOR FAN O/F,SEG-E,1230,RADIATOR FAN O/F - SEG-E,Mechanical
RADIATOR FAN O/F,998729,0,1042.37,BUMPER & TIE MEMBER O/F EXTRA,9,9,0,ENGINE COOLING,RADIATOR FAN O/F,SEG-C,1230,RADIATOR FAN O/F - SEG-C,Mechanical
RADIATOR FAN O/F,998729,0,1042.37,BUMPER & TIE MEMBER O/F EXTRA,9,9,0,ENGINE COOLING,RADIATOR FAN O/F,SEG-B,1230,RADIATOR FAN O/F - SEG-B,Mechanical
RADIATOR FAN O/F,998729,0,1466.1,BUMPER & TIE MEMBER O/F EXTRA,9,9,0,ENGINE COOLING,RADIATOR FAN O/F,SEG-F,1730,RADIATOR FAN O/F - SEG-F,Mechanical
RADIATOR FAN O/F,998729,0,3652.54,BUMPER & TIE MEMBER O/F EXTRA,9,9,0,ENGINE COOLING,RADIATOR FAN O/F,SEG-P1,4310,RADIATOR FAN O/F - SEG-P1,Mechanical
RADIATOR FAN O/F,998729,0,6703.39,BUMPER & TIE MEMBER O/F EXTRA,9,9,0,ENGINE COOLING,RADIATOR FAN O/F,SEG-P3,7910,RADIATOR FAN O/F - SEG-P3,Mechanical
RADIATOR FAN O/F,998729,0,1042.37,BUMPER & TIE MEMBER O/F EXTRA,9,9,0,ENGINE COOLING,RADIATOR FAN O/F,SEG-D,1230,RADIATOR FAN O/F - SEG-D,Mechanical
RADIATOR FAN O/F,998729,0,4872.88,BUMPER & TIE MEMBER O/F EXTRA,9,9,0,ENGINE COOLING,RADIATOR FAN O/F,SEG-P2,5750,RADIATOR FAN O/F - SEG-P2,Mechanical
RADIATOR FAN REPAIR,998729,0,14372.88,,9,9,0,ENGINE COOLING,RADIATOR FAN,SEG-P2,16960,RADIATOR FAN REPAIR - SEG-P2,Mechanical
RADIATOR FAN WIRING,998729,0,508.48,,9,9,0,ELECTRICAL,WIRING REPAIR,SEG-B,600,RADIATOR FAN WIRING - SEG-B,Mechanical
RADIATOR HOSE O/F,998729,0,76.27,,9,9,0,ENGINE COOLING,HOSE PIPE,SEG-B,90,RADIATOR HOSE O/F - SEG-B,Mechanical
RADIATOR HOSE O/F INTAKE,998729,0,372.88,,9,9,0,ENGINE COOLING,HOSE PIPE O/F,SEG-E,440,RADIATOR HOSE O/F INTAKE - SEG-E,Mechanical
RADIATOR HOSE O/F INTAKE,998729,0,1466.1,,9,9,0,ENGINE COOLING,HOSE PIPE O/F,SEG-P4,1730,RADIATOR HOSE O/F INTAKE - SEG-P4,Mechanical
RADIATOR HOSE O/F INTAKE,998729,0,305.09,,9,9,0,ENGINE COOLING,HOSE PIPE O/F,SEG-A,360,RADIATOR HOSE O/F INTAKE - SEG-A,Mechanical
RADIATOR HOSE O/F INTAKE,998729,0,491.53,,9,9,0,ENGINE COOLING,HOSE PIPE O/F,SEG-B,580,RADIATOR HOSE O/F INTAKE - SEG-B,Mechanical
RADIATOR HOSE O/F INTAKE,998729,0,491.53,,9,9,0,ENGINE COOLING,HOSE PIPE O/F,SEG-C,580,RADIATOR HOSE O/F INTAKE - SEG-C,Mechanical
RADIATOR HOSE O/F INTAKE,998729,0,728.81,,9,9,0,ENGINE COOLING,HOSE PIPE O/F,SEG-D,860,RADIATOR HOSE O/F INTAKE - SEG-D,Mechanical
RADIATOR HOSE O/F INTAKE,998729,0,618.64,,9,9,0,ENGINE COOLING,HOSE PIPE O/F,SEG-F,730,RADIATOR HOSE O/F INTAKE - SEG-F,Mechanical
RADIATOR HOSE O/F INTAKE,998729,0,1152.54,,9,9,0,ENGINE COOLING,HOSE PIPE O/F,SEG-P1,1360,RADIATOR HOSE O/F INTAKE - SEG-P1,Mechanical
RADIATOR HOSE O/F INTAKE,998729,0,1152.54,,9,9,0,ENGINE COOLING,HOSE PIPE O/F,SEG-P2,1360,RADIATOR HOSE O/F INTAKE - SEG-P2,Mechanical
RADIATOR HOSE O/F INTAKE,998729,0,1466.1,,9,9,0,ENGINE COOLING,HOSE PIPE O/F,SEG-P3,1730,RADIATOR HOSE O/F INTAKE - SEG-P3,Mechanical
RADIATOR HOSE O/F OUTLET,998729,0,177.97,,9,9,0,ENGINE COOLING,HOSE PIPE O/F,SEG-A,210,RADIATOR HOSE O/F OUTLET - SEG-A,Mechanical
RADIATOR HOSE O/F OUTLET,998729,0,305.09,,9,9,0,ENGINE COOLING,HOSE PIPE O/F,SEG-B,360,RADIATOR HOSE O/F OUTLET - SEG-B,Mechanical
RADIATOR HOSE O/F OUTLET,998729,0,305.09,,9,9,0,ENGINE COOLING,HOSE PIPE O/F,SEG-C,360,RADIATOR HOSE O/F OUTLET - SEG-C,Mechanical
RADIATOR HOSE O/F OUTLET,998729,0,618.64,,9,9,0,ENGINE COOLING,HOSE PIPE O/F,SEG-D,730,RADIATOR HOSE O/F OUTLET - SEG-D,Mechanical
RADIATOR HOSE O/F OUTLET,998729,0,728.81,,9,9,0,ENGINE COOLING,HOSE PIPE O/F,SEG-F,860,RADIATOR HOSE O/F OUTLET - SEG-F,Mechanical
RADIATOR HOSE O/F OUTLET,998729,0,974.58,,9,9,0,ENGINE COOLING,HOSE PIPE O/F,SEG-P1,1150,RADIATOR HOSE O/F OUTLET - SEG-P1,Mechanical
RADIATOR HOSE O/F OUTLET,998729,0,974.58,,9,9,0,ENGINE COOLING,HOSE PIPE O/F,SEG-P2,1150,RADIATOR HOSE O/F OUTLET - SEG-P2,Mechanical
RADIATOR HOSE O/F OUTLET,998729,0,1220.34,,9,9,0,ENGINE COOLING,HOSE PIPE O/F,SEG-P3,1440,RADIATOR HOSE O/F OUTLET - SEG-P3,Mechanical
RADIATOR HOSE O/F OUTLET,998729,0,372.88,,9,9,0,ENGINE COOLING,HOSE PIPE O/F,SEG-E,440,RADIATOR HOSE O/F OUTLET - SEG-E,Mechanical
RADIATOR HOSE O/F OUTLET,998729,0,1220.34,,9,9,0,ENGINE COOLING,HOSE PIPE O/F,SEG-P4,1440,RADIATOR HOSE O/F OUTLET - SEG-P4,Mechanical
RADIATOR NOZZLE O/F,998729,1,372.88,,9,9,0,ENGINE COOLING,HOSE PIPE O/F,,440,RADIATOR NOZZLE O/F - ,Mechanical
RADIATOR O/F,998729,0,796.61,,9,9,0,ENGINE COOLING,RADIATOR O/F,SEG-D,940,RADIATOR O/F - SEG-D,Mechanical
RADIATOR PIPE O/F,998729,1,1460,,9,9,0,ENGINE COOLING,RADIATOR HOSE,SEG-P1,1722.8,RADIATOR PIPE O/F - SEG-P1,Mechanical
RADIATOR REPAIR,998729,0,1830.51,,9,9,0,ENGINE COOLING,RADIATOR,SEG-D,2160,RADIATOR REPAIR - SEG-D,Mechanical
RADIATOR SERVICE,998729,0,974.58,RADIATOR O/F EXTRA,9,9,0,ENGINE COOLING,RADIATOR SERVICE,SEG-B,1150,RADIATOR SERVICE - SEG-B,Mechanical
RADIATOR SERVICE,998729,0,974.58,RADIATOR O/F EXTRA,9,9,0,ENGINE COOLING,RADIATOR SERVICE,SEG-A,1150,RADIATOR SERVICE - SEG-A,Mechanical
RADIATOR SERVICE,998729,0,1220.34,RADIATOR O/F EXTRA,9,9,0,ENGINE COOLING,RADIATOR SERVICE,SEG-C,1440,RADIATOR SERVICE - SEG-C,Mechanical
RADIATOR SERVICE,998729,0,1466.1,RADIATOR O/F EXTRA,9,9,0,ENGINE COOLING,RADIATOR SERVICE,SEG-D,1730,RADIATOR SERVICE - SEG-D,Mechanical
RADIATOR SERVICE,998729,0,1466.1,RADIATOR O/F EXTRA,9,9,0,ENGINE COOLING,RADIATOR SERVICE,SEG-E,1730,RADIATOR SERVICE - SEG-E,Mechanical
RADIATOR SERVICE,998729,0,1830.51,RADIATOR O/F EXTRA,9,9,0,ENGINE COOLING,RADIATOR SERVICE,SEG-F,2160,RADIATOR SERVICE - SEG-F,Mechanical
RADIATOR SERVICE,998729,0,2440.68,RADIATOR O/F EXTRA,9,9,0,ENGINE COOLING,RADIATOR SERVICE,SEG-P1,2880,RADIATOR SERVICE - SEG-P1,Mechanical
RADIATOR SERVICE,998729,0,3050.85,RADIATOR O/F EXTRA,9,9,0,ENGINE COOLING,RADIATOR SERVICE,SEG-P2,3600,RADIATOR SERVICE - SEG-P2,Mechanical
RADIATOR SERVICE,998729,0,3652.54,RADIATOR O/F EXTRA,9,9,0,ENGINE COOLING,RADIATOR SERVICE,SEG-P3,4310,RADIATOR SERVICE - SEG-P3,Mechanical
RADIATOR SERVICE,998729,0,4271.19,RADIATOR O/F EXTRA,9,9,0,ENGINE COOLING,RADIATOR SERVICE,SEG-P4,5040,RADIATOR SERVICE - SEG-P4,Mechanical
RADIATOR SUPPORT PANEL LOWER REPAIR,998729,1,720.34,,9,9,0,BODY PARTS,SUPPORT PANEL REPAIR,SEG-B,850,RADIATOR SUPPORT PANEL LOWER REPAIR - SEG-B,Bodyshop
RADIATOR SUPPORT PANEL O/F,998729,1,491.53,,9,9,0,BODY PARTS,SUPPORT PANEL O/F,SEG-B,580,RADIATOR SUPPORT PANEL O/F - SEG-B,Bodyshop
RADIUM STICKER STICKING,998729,1,364.41,,9,9,0,ACCESSORIES,STICKER WORK,COMMON,430,RADIUM STICKER STICKING - COMMON,Accessories
RADIUM WORK,998729,1,177.97,,9,9,0,ACCESSORIES,STICKER WORK,COMMON,210,RADIUM WORK - COMMON,Accessories
RAIN SENSOR CODING,998729,1,720.34,,9,9,0,SCANNING SERVICE,CODING,SEG-P3,850,RAIN SENSOR CODING - SEG-P3,Bodyshop
RAIN SENSOR O/F,998729,1,720.34,,9,9,0,BODY PARTS,WINDSHIELD GLASS,SEG-P3,850,RAIN SENSOR O/F - SEG-P3,Bodyshop
REFLECTOR FITTING (LED) RR BOTH,998729,0,3050.85,,9,9,0,BODY PARTS,BUMPER REFLECTOR,COMMON,3600,REFLECTOR FITTING (LED) RR BOTH - COMMON,Bodyshop
REFRIGERATOR BOX REPAIR,998729,1,4313.56,,9,9,0,BODY PARTS,SEAT O/F,,5090,REFRIGERATOR BOX REPAIR - ,Bodyshop
RELAY O/F,998729,1,305.09,,9,9,0,ELECTRICAL,WIRING REPAIR,,360,RELAY O/F - ,Mechanical
REMOTE CELL O/F,998729,1,127.12,,9,9,0,ELECTRICAL,REMOTE CELL,COMMON,150,REMOTE CELL O/F - COMMON,Mechanical
REMOTE COVER FITTING,998729,1,1220.34,,9,9,0,ACCESSORIES,REMOTE COVER,,1440,REMOTE COVER FITTING - ,Accessories
REMOTE MODULE REPAIR,998729,1,1516.95,,9,9,0,ELECTRICAL,REMOTE REPAIR,SEG-C,1790,REMOTE MODULE REPAIR - SEG-C,Mechanical
REMOTE PROGRAMMING W/MATERIAL,998729,1,2618.64,,9,9,0,ELECTRICAL,WIRING REPAIR,SEG-B,3090,REMOTE PROGRAMMING W/MATERIAL - SEG-B,Mechanical
REMOTE REPAIR,998729,1,1898.31,,9,9,0,ELECTRICAL,REMOTE REPAIR,SEG-C,2240.01,REMOTE REPAIR - SEG-C,Mechanical
REMOTE SERVICE,998729,1,644.07,,9,9,0,ELECTRICAL,WIRING REPAIR,SEG-B,760,REMOTE SERVICE - SEG-B,Mechanical
REMOTE WIRING,998729,1,1008.48,,9,9,0,ELECTRICAL,REMOTE REPAIR,COMMON,1190,REMOTE WIRING - COMMON,Mechanical
REVERSE HORN O/F,998729,0,432.2,,9,9,0,ELECTRICAL,HORN,SEG-SUV,510,REVERSE HORN O/F - SEG-SUV,Mechanical
REVERSE SWITCH O/F,998729,0,364.41,,9,9,0,ELECTRICAL,REVERSE LIGHT SWITCH,SEG-B,430,REVERSE SWITCH O/F - SEG-B,Mechanical
REXIN TULIP FITTING,998729,1,3059.32,,9,9,0,ACCESSORIES,ACCESSORIES FITTING,COMMON,3610,REXIN TULIP FITTING - COMMON,Accessories
REXINE VELCRO REPAIR,998729,1,5500,,9,9,0,UPHOLSTERY,MATTING FITTING,,6490,REXINE VELCRO REPAIR - ,Value Addition
ROD O/F RR,998729,0,2194.92,,9,9,0,SUSPENSION,BALANCE ROD O/F,,2590,ROD O/F RR - ,Mechanical
ROOF ANTENA REPAIR,998729,1,2872.88,,9,9,0,ELECTRICAL,ANTENA FITTING,SEG-P2,3390,ROOF ANTENA REPAIR - SEG-P2,Mechanical
ROOF CLEANING,998729,1,1466.1,,9,9,0,CAR CARE,COWL CLEAN,SEG-P1,1730,ROOF CLEANING - SEG-P1,Value Addition
ROOF DRAINAGE LINE SERVICE,998729,1,2872.88,,9,9,0,UPHOLSTERY,ROOF PADDING,SEG-SUV,3390,ROOF DRAINAGE LINE SERVICE - SEG-SUV,Mechanical
ROOF FUNCTION CENTRE O/F,998729,0,1500,,9,9,0,ELECTRICAL,COMBINATION SWITCH O/F,,1770,ROOF FUNCTION CENTRE O/F - ,Mechanical
ROOF GARNISH O/F,998729,1,1600,,9,9,0,BODY PARTS,BONET GARNISH,SEG-P3,1888,ROOF GARNISH O/F - SEG-P3,Bodyshop
ROOF GLASS O/F,998729,1,1440.68,,9,9,0,BODY PARTS,ROOF LINING,SEG-P1,1700,ROOF GLASS O/F - SEG-P1,Bodyshop
ROOF KIT O/F,998729,0,3593.22,,9,9,0,BODY PARTS,ROOF,SEG-C,4240,ROOF KIT O/F - SEG-C,Bodyshop
ROOF LIGHT FITTING,998729,1,152.54,,9,9,0,ELECTRICAL,BULB O/F,,180,ROOF LIGHT FITTING - ,Mechanical
ROOF LIGHT REPAIR,998729,1,5067.8,,9,9,0,ELECTRICAL,MIRROR LIGHT,,5980,ROOF LIGHT REPAIR - ,Bodyshop
ROOF LINING O/F,998729,1,9347.46,,9,9,0,BODY PARTS,ROOF LINING,COMMON,11030,ROOF LINING O/F - COMMON,Bodyshop
ROOF LINING O/F,998729,1,1220.34,,9,9,0,BODY PARTS,ROOF LINING,SEG-SUV,1440,ROOF LINING O/F - SEG-SUV,Bodyshop
ROOF LINING O/F & DRAINAGE LINE SERVICE,998729,1,2440.68,,9,9,0,UPHOLSTERY,ROOF PADDING,SEG-P2,2880,ROOF LINING O/F & DRAINAGE LINE SERVICE - SEG-P2,Mechanical
ROOF LINING PADDING,998729,1,15813.56,,9,9,0,UPHOLSTERY,ROOF PADDING,SEG-B,18660,ROOF LINING PADDING - SEG-B,Mechanical
ROOF LINING PADDING,998729,1,18330.51,,9,9,0,UPHOLSTERY,ROOF PADDING,SEG-P3,21630,ROOF LINING PADDING - SEG-P3,Mechanical
ROOF MIRROR O/F,998729,1,200,,9,9,0,BODY PARTS,ROOF MIRROR,,236,ROOF MIRROR O/F - ,Bodyshop
ROOF O/F,998729,1,2161.02,,9,9,0,BODY PARTS,ROOF,SEG-P1,2550,ROOF O/F - SEG-P1,Bodyshop
ROOF O/F & DRAINAGE LINE SERVICE,998729,1,1805.09,,9,9,0,UPHOLSTERY,ROOF PADDING,SEG-P1,2130,ROOF O/F & DRAINAGE LINE SERVICE - SEG-P1,Mechanical
ROOF O/F & DRAINAGE LINE SERVICE,998729,1,8627.12,,9,9,0,UPHOLSTERY,ROOF PADDING,SEG-C,10180,ROOF O/F & DRAINAGE LINE SERVICE - SEG-C,Mechanical
ROOF PANEL PAINTING,998729,1,10067.8,,9,9,0,PAINTING SERVICE,ROOF PANEL PAINT,SEG-P1,11880,ROOF PANEL PAINTING - SEG-P1,Bodyshop
ROOF PANEL PAINTING,998729,1,0,,9,9,0,PAINTING SERVICE,ROOF PANEL PAINT,SEG-C,0,ROOF PANEL PAINTING - SEG-C,Bodyshop
ROOF PANEL PAINTING,998729,1,0,,9,9,0,PAINTING SERVICE,ROOF PANEL PAINT,SEG-D,0,ROOF PANEL PAINTING - SEG-D,Bodyshop
ROOF PANEL REPAIR,998729,1,7194.92,,9,9,0,BODY PARTS,ROOF TOP REPAIR,,8490,ROOF PANEL REPAIR - ,Bodyshop
ROOF PANEL REPAIR,998729,1,9347.46,,9,9,0,BODY PARTS,ROOF TOP REPAIR,SEG-SUV,11030,ROOF PANEL REPAIR - SEG-SUV,Bodyshop
ROOF PANEL REPAIR,998729,1,796.61,,9,9,0,BODY PARTS,ROOF TOP REPAIR,SEG-B,940,ROOF PANEL REPAIR - SEG-B,Bodyshop
ROOF RAIL O/F RR LH,998729,1,508.48,,9,9,0,BODY PARTS,ROOF RAIL,SEG-C,600,ROOF RAIL O/F RR LH - SEG-C,Bodyshop
ROOF RAIL O/F RR RH,998729,1,644.07,,9,9,0,BODY PARTS,ROOF RAIL,SEG-C,760,ROOF RAIL O/F RR RH - SEG-C,Bodyshop
ROOF RAIL PAINTING LH,998729,1,2161.02,,9,9,0,PAINTING SERVICE,ROOF PANEL PAINT,SEG-D,2550,ROOF RAIL PAINTING LH - SEG-D,Bodyshop
ROOF RAIL PAINTING LH,998729,1,2161.02,,9,9,0,PAINTING SERVICE,ROOF PANEL PAINT,SEG-SUV,2550,ROOF RAIL PAINTING LH - SEG-SUV,Bodyshop
ROOF RAIL PAINTING RH,998729,1,2161.02,,9,9,0,PAINTING SERVICE,ROOF PANEL PAINT,SEG-SUV,2550,ROOF RAIL PAINTING RH - SEG-SUV,Bodyshop
ROOF RAIL PAINTING RH,998729,1,2161.02,,9,9,0,PAINTING SERVICE,ROOF PANEL PAINT,SEG-D,2550,ROOF RAIL PAINTING RH - SEG-D,Bodyshop
ROOF REPAIR,998729,1,1220.34,,9,9,0,BODY PARTS,ROOF TOP REPAIR,SEG-D,1440,ROOF REPAIR - SEG-D,Bodyshop
ROOF ROLLER SUN BLIND O/F,998729,0,10966.1,,9,9,0,BODY PARTS,ROOF,SEG-P1,12940,ROOF ROLLER SUN BLIND O/F - SEG-P1,Bodyshop
ROOF SHADE O/F,998729,0,1830.51,,9,9,0,BODY PARTS,ROOF LINING,SEG-P1,2160,ROOF SHADE O/F - SEG-P1,Bodyshop
ROOF TOP O/F,998729,1,4177.97,,9,9,0,BODY PARTS,ROOF TOP REPAIR,COMMON,4930,ROOF TOP O/F - COMMON,Bodyshop
ROOF TOP PADDING,998729,1,18889.83,,9,9,0,UPHOLSTERY,ROOF PADDING,SEG-P2,22290,ROOF TOP PADDING - SEG-P2,Mechanical
ROOF TOP PADDING,998729,1,7101.7,,9,9,0,UPHOLSTERY,ROOF PADDING,SEG-SUV,8380,ROOF TOP PADDING - SEG-SUV,Mechanical
ROOF TOP PADDING,998729,1,15813.56,,9,9,0,UPHOLSTERY,ROOF PADDING,SEG-D,18660,ROOF TOP PADDING - SEG-D,Mechanical
ROOF WIRING REPAIR,998729,0,4567.8,,9,9,0,BODY PARTS,ROOF,SEG-P2,5390,ROOF WIRING REPAIR - SEG-P2,Bodyshop
ROW AIR LINE O/F,998729,0,720.34,,9,9,0,ENGINE,AIR CLEANER HOSE,SEG-P1,850,ROW AIR LINE O/F - SEG-P1,Mechanical
RUNNING BORDER & MOULDING PAINTING LH,998729,1,11508.48,,9,9,0,PAINTING SERVICE,MOULDING PAINT,SEG-P2,13580,RUNNING BORDER & MOULDING PAINTING LH - SEG-P2,Bodyshop
RUNNING BORDER CLADDING O/F LH,998729,1,313.56,,9,9,0,BODY PARTS,RUNING BORDER O/F,SEG-F,370,RUNNING BORDER CLADDING O/F LH - SEG-F,Bodyshop
RUNNING BORDER CLADDING O/F RH,998729,1,313.56,,9,9,0,BODY PARTS,RUNING BORDER O/F,SEG-F,370,RUNNING BORDER CLADDING O/F RH - SEG-F,Bodyshop
RUNNING BORDER CLADDING REPAIR LH,998729,1,440.68,,9,9,0,BODY PARTS,RUNING BORDER O/F,SEG-P1,520,RUNNING BORDER CLADDING REPAIR LH - SEG-P1,Bodyshop
RUNNING BORDER CLADDING REPAIR RH,998729,1,440.68,,9,9,0,BODY PARTS,RUNING BORDER O/F,SEG-P1,520,RUNNING BORDER CLADDING REPAIR RH - SEG-P1,Bodyshop
RUNNING BORDER COVER FITTING,998729,1,576.27,,9,9,0,BODY PARTS,RUNING BORDER COVER,,680,RUNNING BORDER COVER FITTING - ,Bodyshop
RUNNING BORDER GUARD SIDE STEP O/F LH,998729,1,2500,,9,9,NULL,ACCESSORIES,DOOR STEP,SEG-P3,2950,RUNNING BORDER GUARD SIDE STEP O/F LH - SEG-P3,Accessories
RUNNING BORDER GUARD SIDE STEP O/F RH,998729,1,2500,,9,9,0,ACCESSORIES,DOOR STEP,SEG-P3,2950,RUNNING BORDER GUARD SIDE STEP O/F RH - SEG-P3,Accessories
RUNNING BORDER INNER REPAIR,998729,1,2161.02,,9,9,0,BODY PARTS,RUNING BORDER REPAIR,SEG-P1,2550,RUNNING BORDER INNER REPAIR - SEG-P1,Bodyshop
RUNNING BORDER MOULDING O/F LH,998729,1,432.2,,9,9,0,BODY PARTS,MOULDING O/F,SEG-P3,510,RUNNING BORDER MOULDING O/F LH - SEG-P3,Bodyshop
RUNNING BORDER MOULDING O/F RH,998729,1,720.34,,9,9,0,BODY PARTS,MOULDING O/F,SEG-P3,850,RUNNING BORDER MOULDING O/F RH - SEG-P3,Bodyshop
RUNNING BORDER MOULDING PAINTING,998729,1,1728.81,,9,9,0,PAINTING SERVICE,RUNING BORDER PAINT,SEG-P1,2040,RUNNING BORDER MOULDING PAINTING - SEG-P1,Bodyshop
RUNNING BORDER MOULDING REPAIR,998729,1,720.34,,9,9,0,BODY PARTS,MOULDING O/F,SEG-D,850,RUNNING BORDER MOULDING REPAIR - SEG-D,Bodyshop
RUNNING BORDER O/F LH,998729,1,1000,,9,9,0,BODY PARTS,RUNING BORDER,,1180,RUNNING BORDER O/F LH - ,Bodyshop
RUNNING BORDER O/F RH,998729,1,1000,,9,9,0,BODY PARTS,RUNING BORDER,,1180,RUNNING BORDER O/F RH - ,Bodyshop
RUNNING BORDER PAINTING LH,998729,1,3593.22,,9,9,0,PAINTING SERVICE,RUNING BORDER PAINT,SEG-B,4240,RUNNING BORDER PAINTING LH - SEG-B,Bodyshop
RUNNING BORDER PAINTING LH,998729,1,1889.83,,9,9,0,PAINTING SERVICE,RUNING BORDER PAINT,SEG-C,2230,RUNNING BORDER PAINTING LH - SEG-C,Bodyshop
RUNNING BORDER PAINTING LH,998729,1,3169.49,,9,9,0,PAINTING SERVICE,RUNING BORDER PAINT,SEG-SUV,3740,RUNNING BORDER PAINTING LH - SEG-SUV,Bodyshop
RUNNING BORDER PAINTING LH,998729,1,2923.73,,9,9,0,PAINTING SERVICE,RUNING BORDER PAINT,SEG-P1,3450,RUNNING BORDER PAINTING LH - SEG-P1,Bodyshop
RUNNING BORDER PAINTING LH,998729,1,7923.73,,9,9,0,PAINTING SERVICE,RUNING BORDER PAINT,SEG-P3,9350,RUNNING BORDER PAINTING LH - SEG-P3,Bodyshop
RUNNING BORDER PAINTING RH,998729,1,7923.73,,9,9,0,PAINTING SERVICE,RUNING BORDER PAINT,SEG-P3,9350,RUNNING BORDER PAINTING RH - SEG-P3,Bodyshop
RUNNING BORDER PAINTING RH,998729,1,0,,9,9,0,PAINTING SERVICE,RUNING BORDER PAINT,SEG-C,0,RUNNING BORDER PAINTING RH - SEG-C,Bodyshop
RUNNING BORDER PAINTING RH,998729,1,0,,9,9,0,PAINTING SERVICE,RUNING BORDER PAINT,SEG-SUV,0,RUNNING BORDER PAINTING RH - SEG-SUV,Bodyshop
RUNNING BORDER PAINTING RH,998729,1,2161.02,,9,9,0,PAINTING SERVICE,RUNING BORDER PAINT,SEG-B,2550,RUNNING BORDER PAINTING RH - SEG-B,Bodyshop
RUNNING BORDER PAINTING RH,998729,1,4313.56,,9,9,0,PAINTING SERVICE,RUNING BORDER PAINT,SEG-P1,5090,RUNNING BORDER PAINTING RH - SEG-P1,Bodyshop
RUNNING BORDER REPAIR LH,998729,1,720.34,,9,9,0,BODY PARTS,RUNING BORDER REPAIR,SEG-P2,850,RUNNING BORDER REPAIR LH - SEG-P2,Bodyshop
RUNNING BORDER REPAIR LH,998729,1,364.41,,9,9,0,BODY PARTS,RUNING BORDER REPAIR,SEG-B,430,RUNNING BORDER REPAIR LH - SEG-B,Bodyshop
RUNNING BORDER REPAIR LH,998729,1,2872.88,,9,9,0,BODY PARTS,RUNING BORDER REPAIR,SEG-P3,3390,RUNNING BORDER REPAIR LH - SEG-P3,Bodyshop
RUNNING BORDER REPAIR LH,998729,1,720.34,,9,9,0,BODY PARTS,RUNING BORDER REPAIR,SEG-D,850,RUNNING BORDER REPAIR LH - SEG-D,Bodyshop
RUNNING BORDER REPAIR LH,998729,1,720.34,,9,9,0,BODY PARTS,RUNING BORDER REPAIR,SEG-P1,850,RUNNING BORDER REPAIR LH - SEG-P1,Bodyshop
RUNNING BORDER REPAIR RH,998729,1,1440.68,,9,9,0,BODY PARTS,RUNING BORDER REPAIR,SEG-D,1700,RUNNING BORDER REPAIR RH - SEG-D,Bodyshop
RUNNING BORDER REPAIR RH,998729,1,1440.68,,9,9,0,BODY PARTS,RUNING BORDER REPAIR,SEG-P1,1700,RUNNING BORDER REPAIR RH - SEG-P1,Bodyshop
RUNNING BORDER REPAIR RH,998729,1,2872.88,,9,9,0,BODY PARTS,RUNING BORDER REPAIR,SEG-P3,3390,RUNNING BORDER REPAIR RH - SEG-P3,Bodyshop
RUNNING BORDER REPAIR RH,998729,1,932.2,,9,9,0,BODY PARTS,RUNING BORDER REPAIR,SEG-B,1100,RUNNING BORDER REPAIR RH - SEG-B,Bodyshop
RUNNING BORDER REPAIR RH,998729,1,644.07,,9,9,0,BODY PARTS,RUNING BORDER REPAIR,SEG-C,760,RUNNING BORDER REPAIR RH - SEG-C,Bodyshop
RUNNING BORDER REPAIR RH,998729,1,2161.02,,9,9,0,BODY PARTS,RUNING BORDER REPAIR,SEG-P2,2550,RUNNING BORDER REPAIR RH - SEG-P2,Bodyshop
RUNNING BORDER RPAIR LH ,998729,1,508.48,,9,9,0,BODY PARTS,RUNING BORDER,SEG-D,600,RUNNING BORDER RPAIR LH  - SEG-D,Bodyshop
SAM PROGRAMING RR,998729,1,4000,,9,9,0,SCANNING SERVICE,CODING,,4720,SAM PROGRAMING RR - ,Mechanical
SCANNING CHARGE,998729,0,720.34,,9,9,0,SCANNING SERVICE,DIAGNOSTICS,SEG-D,850,SCANNING CHARGE - SEG-D,Mechanical
SCANNING CHARGE,998729,0,1440.68,,9,9,0,SCANNING SERVICE,DIAGNOSTICS,SEG-P2,1700,SCANNING CHARGE - SEG-P2,Mechanical
SCANNING CHARGE,998729,0,432.2,,9,9,0,SCANNING SERVICE,DIAGNOSTICS,SEG-A,510,SCANNING CHARGE - SEG-A,Mechanical
SCANNING CHARGE,998729,0,432.2,,9,9,0,SCANNING SERVICE,DIAGNOSTICS,SEG-B,510,SCANNING CHARGE - SEG-B,Mechanical
SCANNING CHARGE,998729,0,720.34,,9,9,0,SCANNING SERVICE,DIAGNOSTICS,SEG-C,850,SCANNING CHARGE - SEG-C,Mechanical
SCANNING CHARGE,998729,0,1008.48,,9,9,0,SCANNING SERVICE,DIAGNOSTICS,SEG-SUV,1190,SCANNING CHARGE - SEG-SUV,Mechanical
SCANNING CHARGE,998729,0,1440.68,,9,9,0,SCANNING SERVICE,DIAGNOSTICS,SEG-P1,1700,SCANNING CHARGE - SEG-P1,Mechanical
SCANNING CHARGE,998729,0,1440.68,,9,9,0,SCANNING SERVICE,DIAGNOSTICS,SEG-P3,1700,SCANNING CHARGE - SEG-P3,Mechanical
SEAL CALIBRATION,998729,1,3754.24,,9,9,0,SCANNING SERVICE,CALIBRATION,COMMON,4430,SEAL CALIBRATION - COMMON,Mechanical
SEAT & TRIM O/F,998729,1,1940.68,,9,9,0,BODY PARTS,SEAT O/F,SEG-D,2290,SEAT & TRIM O/F - SEG-D,Bodyshop
SEAT ADJUSTER SWITCH O/F,998729,1,1355.93,,9,9,0,ELECTRICAL,POWER WINDOW SWITCH,,1600,SEAT ADJUSTER SWITCH O/F - ,Mechanical
SEAT ARM REST FITTING,998729,1,2228.81,,9,9,0,UPHOLSTERY,ARM REST PADDING,SEG-SUV,2630,SEAT ARM REST FITTING - SEG-SUV,Accessories
SEAT BELT LOCK REPAIR,998729,1,4533.9,,9,9,0,BODY PARTS,SEAT BELT O/F,,5350,SEAT BELT LOCK REPAIR - ,Bodyshop
SEAT BELT O/F,998729,0,211.86,,9,9,0,BODY PARTS,SEAT BELT O/F,SEG-D,250,SEAT BELT O/F - SEG-D,Bodyshop
SEAT BELT REPAIR,998729,1,2500,,9,9,0,BODY PARTS,SEAT BELT,,2950,SEAT BELT REPAIR - ,Bodyshop
SEAT BRACKET REPAIR RR,998729,0,2000,,9,9,0,BODY PARTS,SEAT O/F,,2360,SEAT BRACKET REPAIR RR - ,Bodyshop
SEAT CARPET O/F & FLOOR CLEANING,998729,1,0,,9,9,0,UPHOLSTERY,FLOOR CLEANING,SEG-P2,0,SEAT CARPET O/F & FLOOR CLEANING - SEG-P2,Mechanical
SEAT CARPET O/F & FLOOR O/F,998729,1,7906.78,,9,9,0,UPHOLSTERY,SEAT COVER O/F,SEG-P2,9330,SEAT CARPET O/F & FLOOR O/F - SEG-P2,Mechanical
SEAT CONTROL MODULE O/F,998729,0,14372.88,,9,9,0,BODY PARTS,SEAT O/F,SEG-P3,16960,SEAT CONTROL MODULE O/F - SEG-P3,Bodyshop
SEAT CONTROL MODULE REPAIR,998729,1,29110.17,,9,9,0,ELECTRICAL,HEAD LIGHT MODULE,,34350,SEAT CONTROL MODULE REPAIR - ,Mechanical
SEAT COVER / PADDING,998729,1,35940.68,,9,9,0,UPHOLSTERY,SEAT COVER PADDING,SEG-F,42410,SEAT COVER / PADDING - SEG-F,Mechanical
SEAT COVER AND DOOR TRIM PADDING,998729,1,29966.1,,9,9,0,ACCESSORIES,SEAT COVER,SEG-D,35360,SEAT COVER AND DOOR TRIM PADDING - SEG-D,Accessories
SEAT COVER FITTING,998729,1,838.98,,9,9,0,UPHOLSTERY,SEAT COVER O/F,SEG-B,990,SEAT COVER FITTING - SEG-B,Mechanical
SEAT COVER O/F,998729,0,1830.51,,9,9,0,UPHOLSTERY,SEAT COVER O/F,SEG-C,2160,SEAT COVER O/F - SEG-C,Mechanical
SEAT COVER PADDING,998729,1,43127.12,,9,9,0,UPHOLSTERY,SEAT COVER PADDING,SEG-P1,50890,SEAT COVER PADDING - SEG-P1,Mechanical
SEAT COVER PADDING ALL,998729,1,11025.42,,9,9,0,UPHOLSTERY,SEAT COVER PADDING,SEG-D,13010,SEAT COVER PADDING ALL - SEG-D,Mechanical
SEAT COVER PADDING ALL,998729,0,6915.25,,9,9,0,UPHOLSTERY,SEAT COVER PADDING,SEG-A,8160,SEAT COVER PADDING ALL - SEG-A,Mechanical
SEAT COVER PADDING FR BOTH,998729,1,25881.36,,9,9,0,UPHOLSTERY,SEAT COVER PADDING,SEG-SUV,30540,SEAT COVER PADDING FR BOTH - SEG-SUV,Mechanical
SEAT COVER PADDING FR RH,998729,1,20847.46,,9,9,0,UPHOLSTERY,SEAT COVER PADDING,SEG-D,24600,SEAT COVER PADDING FR RH - SEG-D,Accessories
SEAT COVER PADDING RH,998729,1,2016.95,,9,9,0,UPHOLSTERY,SEAT COVER PADDING,SEG-P3,2380,SEAT COVER PADDING RH - SEG-P3,Mechanical
SEAT COVER PADDING RR BOTH,998729,1,5533.9,,9,9,0,UPHOLSTERY,SEAT COVER PADDING,SEG-C,6530,SEAT COVER PADDING RR BOTH - SEG-C,Mechanical
SEAT COVER POCKET FITTING FR,998729,1,2330.51,,9,9,0,ACCESSORIES,SEAT TRAY FITTING,,2750,SEAT COVER POCKET FITTING FR - ,Accessories
SEAT COVER REMOVING,998729,0,720.34,,9,9,0,UPHOLSTERY,SEAT COVER O/F,SEG-C,850,SEAT COVER REMOVING - SEG-C,Mechanical
SEAT COVER REPAIR,998729,1,11508.48,,9,9,0,UPHOLSTERY,SEAT COVER PADDING,SEG-P3,13580,SEAT COVER REPAIR - SEG-P3,Mechanical
SEAT COVER TOWEL FITTING,998729,0,1440.68,,9,9,0,UPHOLSTERY,SEAT COVER O/F,SEG-SUV,1700,SEAT COVER TOWEL FITTING - SEG-SUV,Mechanical
SEAT CUSTOMIZATION AND DOOR TRIM PADDING,998729,1,15050,,9,9,0,ACCESSORIES,SEAT CUSTOMIZATION,,17759,SEAT CUSTOMIZATION AND DOOR TRIM PADDING - ,Accessories
SEAT FITTING,998729,1,720.34,,9,9,0,BODY PARTS,SEAT O/F,COMMON,850,SEAT FITTING - COMMON,Bodyshop
SEAT HANDLE O/F,998729,1,800,,9,9,0,BODY PARTS,SEAT O/F,,944,SEAT HANDLE O/F - ,Bodyshop
SEAT MAGAZINE HOLDER REPAIR,998729,1,2500,,9,9,0,BODY PARTS,SEAT O/F,,2950,SEAT MAGAZINE HOLDER REPAIR - ,Bodyshop
SEAT MECHANISM INSTALLATION,998729,1,2372.88,,9,9,0,BODY PARTS,SEAT O/F,SEG-F,2800,SEAT MECHANISM INSTALLATION - SEG-F,Bodyshop
SEAT MECHANISM SERVICE,998729,1,5754.24,,9,9,0,UPHOLSTERY,SEAT COVER PADDING,SEG-F,6790,SEAT MECHANISM SERVICE - SEG-F,Mechanical
SEAT MODIFIED,998729,1,4220.34,,9,9,0,BODY PARTS,SEAT REPAIR,URBANIA,4980,SEAT MODIFIED - URBANIA,Bodyshop
SEAT O/F ALL,998729,0,0,,9,9,0,BODY PARTS,SEAT O/F,SEG-F,0,SEAT O/F ALL - SEG-F,Bodyshop
SEAT O/F FR LH,998729,0,1042.37,,9,9,0,BODY PARTS,SEAT O/F,SEG-P2,1230,SEAT O/F FR LH - SEG-P2,Bodyshop
SEAT O/F FR LH,998729,0,245.76,,9,9,0,BODY PARTS,SEAT O/F,SEG-A,290,SEAT O/F FR LH - SEG-A,Bodyshop
SEAT O/F FR LH,998729,0,423.73,,9,9,0,BODY PARTS,SEAT O/F,SEG-B,500,SEAT O/F FR LH - SEG-B,Bodyshop
SEAT O/F FR LH,998729,0,423.73,,9,9,0,BODY PARTS,SEAT O/F,SEG-C,500,SEAT O/F FR LH - SEG-C,Bodyshop
SEAT O/F FR LH,998729,0,728.81,,9,9,0,BODY PARTS,SEAT O/F,SEG-D,860,SEAT O/F FR LH - SEG-D,Bodyshop
SEAT O/F FR LH,998729,0,423.73,,9,9,0,BODY PARTS,SEAT O/F,SEG-E,500,SEAT O/F FR LH - SEG-E,Bodyshop
SEAT O/F FR LH,998729,0,728.81,,9,9,0,BODY PARTS,SEAT O/F,SEG-F,860,SEAT O/F FR LH - SEG-F,Bodyshop
SEAT O/F FR LH,998729,0,915.25,,9,9,0,BODY PARTS,SEAT O/F,SEG-P1,1080,SEAT O/F FR LH - SEG-P1,Bodyshop
SEAT O/F FR LH,998729,0,1152.54,,9,9,0,BODY PARTS,SEAT O/F,SEG-P3,1360,SEAT O/F FR LH - SEG-P3,Bodyshop
SEAT O/F FR LH,998729,0,1279.66,,9,9,0,BODY PARTS,SEAT O/F,SEG-P4,1510,SEAT O/F FR LH - SEG-P4,Bodyshop
SEAT O/F FR RH,998729,0,245.76,,9,9,0,BODY PARTS,SEAT O/F,SEG-A,290,SEAT O/F FR RH - SEG-A,Bodyshop
SEAT O/F FR RH,998729,0,423.73,,9,9,0,BODY PARTS,SEAT O/F,SEG-B,500,SEAT O/F FR RH - SEG-B,Bodyshop
SEAT O/F FR RH,998729,0,423.73,,9,9,0,BODY PARTS,SEAT O/F,SEG-C,500,SEAT O/F FR RH - SEG-C,Bodyshop
SEAT O/F FR RH,998729,0,728.81,,9,9,0,BODY PARTS,SEAT O/F,SEG-D,860,SEAT O/F FR RH - SEG-D,Bodyshop
SEAT O/F FR RH,998729,0,423.73,,9,9,0,BODY PARTS,SEAT O/F,SEG-E,500,SEAT O/F FR RH - SEG-E,Bodyshop
SEAT O/F FR RH,998729,0,728.81,,9,9,0,BODY PARTS,SEAT O/F,SEG-F,860,SEAT O/F FR RH - SEG-F,Bodyshop
SEAT O/F FR RH,998729,0,915.25,,9,9,0,BODY PARTS,SEAT O/F,SEG-P1,1080,SEAT O/F FR RH - SEG-P1,Bodyshop
SEAT O/F FR RH,998729,0,1152.54,,9,9,0,BODY PARTS,SEAT O/F,SEG-P3,1360,SEAT O/F FR RH - SEG-P3,Bodyshop
SEAT O/F FR RH,998729,0,1279.66,,9,9,0,BODY PARTS,SEAT O/F,SEG-P4,1510,SEAT O/F FR RH - SEG-P4,Bodyshop
SEAT O/F FR RH,998729,0,1042.37,,9,9,0,BODY PARTS,SEAT O/F,SEG-P2,1230,SEAT O/F FR RH - SEG-P2,Bodyshop
SEAT O/F RR,998729,1,3881.36,,9,9,0,BODY PARTS,SEAT O/F,,4580,SEAT O/F RR - ,Bodyshop
SEAT O/F RR LH,998729,0,423.73,,9,9,0,BODY PARTS,SEAT O/F,SEG-C,500,SEAT O/F RR LH - SEG-C,Bodyshop
SEAT O/F RR LH,998729,0,245.76,,9,9,0,BODY PARTS,SEAT O/F,SEG-A,290,SEAT O/F RR LH - SEG-A,Bodyshop
SEAT O/F RR LH,998729,0,423.73,,9,9,0,BODY PARTS,SEAT O/F,SEG-B,500,SEAT O/F RR LH - SEG-B,Bodyshop
SEAT O/F RR LH,998729,0,728.81,,9,9,0,BODY PARTS,SEAT O/F,SEG-D,860,SEAT O/F RR LH - SEG-D,Bodyshop
SEAT O/F RR LH,998729,0,423.73,,9,9,0,BODY PARTS,SEAT O/F,SEG-E,500,SEAT O/F RR LH - SEG-E,Bodyshop
SEAT O/F RR LH,998729,0,728.81,,9,9,0,BODY PARTS,SEAT O/F,SEG-F,860,SEAT O/F RR LH - SEG-F,Bodyshop
SEAT O/F RR LH,998729,0,915.25,,9,9,0,BODY PARTS,SEAT O/F,SEG-P1,1080,SEAT O/F RR LH - SEG-P1,Bodyshop
SEAT O/F RR LH,998729,0,1042.37,,9,9,0,BODY PARTS,SEAT O/F,SEG-P2,1230,SEAT O/F RR LH - SEG-P2,Bodyshop
SEAT O/F RR LH,998729,0,1152.54,,9,9,0,BODY PARTS,SEAT O/F,SEG-P3,1360,SEAT O/F RR LH - SEG-P3,Bodyshop
SEAT O/F RR LH,998729,0,1279.66,,9,9,0,BODY PARTS,SEAT O/F,SEG-P4,1510,SEAT O/F RR LH - SEG-P4,Bodyshop
SEAT O/F RR RH,998729,0,245.76,,9,9,0,BODY PARTS,SEAT O/F,SEG-A,290,SEAT O/F RR RH - SEG-A,Bodyshop
SEAT O/F RR RH,998729,0,423.73,,9,9,0,BODY PARTS,SEAT O/F,SEG-B,500,SEAT O/F RR RH - SEG-B,Bodyshop
SEAT O/F RR RH,998729,0,423.73,,9,9,0,BODY PARTS,SEAT O/F,SEG-C,500,SEAT O/F RR RH - SEG-C,Bodyshop
SEAT O/F RR RH,998729,0,728.81,,9,9,0,BODY PARTS,SEAT O/F,SEG-D,860,SEAT O/F RR RH - SEG-D,Bodyshop
SEAT O/F RR RH,998729,0,423.73,,9,9,0,BODY PARTS,SEAT O/F,SEG-E,500,SEAT O/F RR RH - SEG-E,Bodyshop
SEAT O/F RR RH,998729,0,728.81,,9,9,0,BODY PARTS,SEAT O/F,SEG-F,860,SEAT O/F RR RH - SEG-F,Bodyshop
SEAT O/F RR RH,998729,0,915.25,,9,9,0,BODY PARTS,SEAT O/F,SEG-P1,1080,SEAT O/F RR RH - SEG-P1,Bodyshop
SEAT O/F RR RH,998729,0,1042.37,,9,9,0,BODY PARTS,SEAT O/F,SEG-P2,1230,SEAT O/F RR RH - SEG-P2,Bodyshop
SEAT O/F RR RH,998729,0,1152.54,,9,9,0,BODY PARTS,SEAT O/F,SEG-P3,1360,SEAT O/F RR RH - SEG-P3,Bodyshop
SEAT O/F RR RH,998729,0,1279.66,,9,9,0,BODY PARTS,SEAT O/F,SEG-P4,1510,SEAT O/F RR RH - SEG-P4,Bodyshop
SEAT POCK FRAME FITTING,998729,1,1398.31,,9,9,0,BODY PARTS,SEAT O/F,COMMON,1650,SEAT POCK FRAME FITTING - COMMON,Bodyshop
SEAT REOVE / REINSTALLATION,998729,1,86254.24,,9,9,0,BODY PARTS,SEAT O/F,COMMON,101780,SEAT REOVE / REINSTALLATION - COMMON,Bodyshop
SEAT REPAIR,998729,0,720.34,,9,9,0,BODY PARTS,SEAT O/F,SEG-SUV,850,SEAT REPAIR - SEG-SUV,Bodyshop
SEAT REPAIR FR LH,998729,1,6000,,9,9,0,BODY PARTS,SEAT REPAIR,SEG-P2,7080,SEAT REPAIR FR LH - SEG-P2,Bodyshop
SEAT REPAIR FR RH,998729,1,6000,,9,9,0,BODY PARTS,SEAT REPAIR,SEG-P2,7080,SEAT REPAIR FR RH - SEG-P2,Bodyshop
SEAT SWITCH O/F RR,998729,0,800,,9,9,0,ELECTRICAL,POWER WINDOW SWITCH O/F,,944,SEAT SWITCH O/F RR - ,Mechanical
SEAT TRAY FITTING,998729,1,2000,,9,9,0,ACCESSORIES,SEAT TRAY FITTING,,2360,SEAT TRAY FITTING - ,Accessories
SEAT TRIM PANEL COVER O/F,998729,1,372.88,,9,9,0,BODY PARTS,SEAT O/F,,440,SEAT TRIM PANEL COVER O/F - ,Bodyshop
SEATS FABRICATION,998729,1,2161.02,,9,9,0,BODY PARTS,SEAT O/F,SEG-D,2550,SEATS FABRICATION - SEG-D,Bodyshop
SELECTOR MECHANISM O/F,998729,0,4271.19,,9,9,0,TRANSMISSION,GEAR SHIFTING CABLE,,5040,SELECTOR MECHANISM O/F - ,Mechanical
SERVICE CAMP CHARGE,998729,1,5754.24,,9,9,0,GENERAL SERVICE,SERVICE CHARGE,COMMON,6790,SERVICE CAMP CHARGE - COMMON,Mechanical
SERVICE CHARGE,998729,1,67.8,,9,9,0,GENERAL SERVICE,SERVICE CHARGE,COMMON,80,SERVICE CHARGE - COMMON,Mechanical
SERVICEABLE DOOR RR RH,998729,1,10966.1,,9,9,0,BODY PARTS,DOOR,SEG-F,12940,SERVICEABLE DOOR RR RH - SEG-F,Bodyshop
SERVICIABLE TAIL GATE,998729,1,16449.15,,9,9,0,BODY PARTS,TAILGATE,SEG-F,19410,SERVICIABLE TAIL GATE - SEG-F,Bodyshop
SERVO MOTOR O/F,998729,0,7906.78,,9,9,0,ENGINE,SERVO MOTOR,SEG-P3,9330,SERVO MOTOR O/F - SEG-P3,Mechanical
SHADING VINYLE,998729,1,76.27,,9,9,0,ACCESSORIES,GLASS FILM,COMMON,90,SHADING VINYLE - COMMON,Accessories
SHOCK ABSORBER REPLACE RR B/S,998729,0,491.53,,9,9,0,SUSPENSION,SHOCK AB,I20,580,SHOCK ABSORBER REPLACE RR B/S - I20,Mechanical
SHOCKABSORBER O/F RR BH,998729,0,491.53,,9,9,0,SUSPENSION,SHOCKER O/F,SEG-A,580,SHOCKABSORBER O/F RR BH - SEG-A,Mechanical
SHOCKABSORBER O/F RR BH,998729,0,974.58,,9,9,0,SUSPENSION,SHOCKER O/F,SEG-B,1150,SHOCKABSORBER O/F RR BH - SEG-B,Mechanical
SHOCKABSORBER O/F RR BH,998729,0,1220.34,,9,9,0,SUSPENSION,SHOCKER O/F,SEG-C,1440,SHOCKABSORBER O/F RR BH - SEG-C,Mechanical
SHOCKABSORBER O/F RR BH,998729,0,1949.15,,9,9,0,SUSPENSION,SHOCKER O/F,SEG-D,2300,SHOCKABSORBER O/F RR BH - SEG-D,Mechanical
SHOCKABSORBER O/F RR BH,998729,0,1466.1,,9,9,0,SUSPENSION,SHOCKER O/F,SEG-E,1730,SHOCKABSORBER O/F RR BH - SEG-E,Mechanical
SHOCKABSORBER O/F RR BH,998729,0,7313.56,,9,9,0,SUSPENSION,SHOCKER O/F,SEG-P4,8630,SHOCKABSORBER O/F RR BH - SEG-P4,Mechanical
SHOCKABSORBER O/F RR BH,998729,0,4025.42,,9,9,0,SUSPENSION,SHOCKER O/F,SEG-P1,4750,SHOCKABSORBER O/F RR BH - SEG-P1,Mechanical
SHOCKABSORBER O/F RR BH,998729,0,4872.88,,9,9,0,SUSPENSION,SHOCKER O/F,SEG-P2,5750,SHOCKABSORBER O/F RR BH - SEG-P2,Mechanical
SHOCKABSORBER O/F RR BH,998729,0,6093.22,,9,9,0,SUSPENSION,SHOCKER O/F,SEG-P3,7190,SHOCKABSORBER O/F RR BH - SEG-P3,Mechanical
SHOCKABSORBER O/F RR LH,998729,0,245.76,,9,9,0,SUSPENSION,SHOCKER O/F,SEG-A,290,SHOCKABSORBER O/F RR LH - SEG-A,Mechanical
SHOCKABSORBER O/F RR LH,998729,0,491.53,,9,9,0,SUSPENSION,SHOCKER O/F,SEG-B,580,SHOCKABSORBER O/F RR LH - SEG-B,Mechanical
SHOCKABSORBER O/F RR LH,998729,0,618.64,,9,9,0,SUSPENSION,SHOCKER O/F,SEG-C,730,SHOCKABSORBER O/F RR LH - SEG-C,Mechanical
SHOCKABSORBER O/F RR LH,998729,0,974.58,,9,9,0,SUSPENSION,SHOCKER O/F,SEG-D,1150,SHOCKABSORBER O/F RR LH - SEG-D,Mechanical
SHOCKABSORBER O/F RR LH,998729,0,1279.66,,9,9,0,SUSPENSION,SHOCKER O/F,SEG-F,1510,SHOCKABSORBER O/F RR LH - SEG-F,Mechanical
SHOCKABSORBER O/F RR LH,998729,0,2016.95,,9,9,0,SUSPENSION,SHOCKER O/F,SEG-P1,2380,SHOCKABSORBER O/F RR LH - SEG-P1,Mechanical
SHOCKABSORBER O/F RR LH,998729,0,2440.68,,9,9,0,SUSPENSION,SHOCKER O/F,SEG-P2,2880,SHOCKABSORBER O/F RR LH - SEG-P2,Mechanical
SHOCKABSORBER O/F RR LH,998729,0,3050.85,,9,9,0,SUSPENSION,SHOCKER O/F,SEG-P3,3600,SHOCKABSORBER O/F RR LH - SEG-P3,Mechanical
SHOCKABSORBER O/F RR LH,998729,0,728.81,,9,9,0,SUSPENSION,SHOCKER O/F,SEG-E,860,SHOCKABSORBER O/F RR LH - SEG-E,Mechanical
SHOCKABSORBER O/F RR LH,998729,0,3652.54,,9,9,0,SUSPENSION,SHOCKER O/F,SEG-P4,4310,SHOCKABSORBER O/F RR LH - SEG-P4,Mechanical
SHOCKABSORBER O/F RR LH/RH,998729,0,2567.8,,9,9,0,SUSPENSION,ARM REST PADDING,SEG-F,3030,SHOCKABSORBER O/F RR LH/RH - SEG-F,Mechanical
SHOCKABSORBER O/F RR RH,998729,0,728.81,,9,9,0,SUSPENSION,SHOCKER O/F,SEG-E,860,SHOCKABSORBER O/F RR RH - SEG-E,Mechanical
SHOCKABSORBER O/F RR RH,998729,0,3652.54,,9,9,0,SUSPENSION,SHOCKER O/F,SEG-P4,4310,SHOCKABSORBER O/F RR RH - SEG-P4,Mechanical
SHOCKABSORBER O/F RR RH,998729,0,245.76,,9,9,0,SUSPENSION,SHOCKER O/F,SEG-A,290,SHOCKABSORBER O/F RR RH - SEG-A,Mechanical
SHOCKABSORBER O/F RR RH,998729,0,491.53,,9,9,0,SUSPENSION,SHOCKER O/F,SEG-B,580,SHOCKABSORBER O/F RR RH - SEG-B,Mechanical
SHOCKABSORBER O/F RR RH,998729,0,618.64,,9,9,0,SUSPENSION,SHOCKER O/F,SEG-C,730,SHOCKABSORBER O/F RR RH - SEG-C,Mechanical
SHOCKABSORBER O/F RR RH,998729,0,974.58,,9,9,0,SUSPENSION,SHOCKER O/F,SEG-D,1150,SHOCKABSORBER O/F RR RH - SEG-D,Mechanical
SHOCKABSORBER O/F RR RH,998729,0,1279.66,,9,9,0,SUSPENSION,SHOCKER O/F,SEG-F,1510,SHOCKABSORBER O/F RR RH - SEG-F,Mechanical
SHOCKABSORBER O/F RR RH,998729,0,2016.95,,9,9,0,SUSPENSION,SHOCKER O/F,SEG-P1,2380,SHOCKABSORBER O/F RR RH - SEG-P1,Mechanical
SHOCKABSORBER O/F RR RH,998729,0,2440.68,,9,9,0,SUSPENSION,SHOCKER O/F,SEG-P2,2880,SHOCKABSORBER O/F RR RH - SEG-P2,Mechanical
SHOCKABSORBER O/F RR RH,998729,0,3050.85,,9,9,0,SUSPENSION,SHOCKER O/F,SEG-P3,3600,SHOCKABSORBER O/F RR RH - SEG-P3,Mechanical
SHOCKER BALLOON O/F RR LH,998729,0,4872.88,,9,9,0,SUSPENSION,SHOCKER BALLOON O/F,SEG-P2,5750,SHOCKER BALLOON O/F RR LH - SEG-P2,Mechanical
SHOCKER BALLOON O/F RR LH,998729,0,7313.56,,9,9,0,SUSPENSION,SHOCKER BALLOON O/F,SEG-P4,8630,SHOCKER BALLOON O/F RR LH - SEG-P4,Mechanical
SHOCKER BALLOON O/F RR LH,998729,0,6093.22,,9,9,0,SUSPENSION,SHOCKER BALLOON O/F,SEG-P3,7190,SHOCKER BALLOON O/F RR LH - SEG-P3,Mechanical
SHOCKER BALLOON O/F RR RH,998729,0,7313.56,,9,9,0,SUSPENSION,SHOCKER BALLOON O/F,SEG-P4,8630,SHOCKER BALLOON O/F RR RH - SEG-P4,Mechanical
SHOCKER BALLOON O/F RR RH,998729,0,6093.22,,9,9,0,SUSPENSION,SHOCKER BALLOON O/F,SEG-P3,7190,SHOCKER BALLOON O/F RR RH - SEG-P3,Mechanical
SHOCKER BALLOON O/F RR RH,998729,0,4872.88,,9,9,0,SUSPENSION,SHOCKER BALLOON O/F,SEG-P2,5750,SHOCKER BALLOON O/F RR RH - SEG-P2,Mechanical
SHOW GRILL MOULDING PAINTING,998729,1,3127.12,,9,9,0,PAINTING SERVICE,SHOW GRILLE PAINT,,3690,SHOW GRILL MOULDING PAINTING - ,Bodyshop
SHOW GRILL O/F,998729,1,364.41,,9,9,0,BODY PARTS,SHOW GRILL O/F,SEG-B,430,SHOW GRILL O/F - SEG-B,Bodyshop
SHOW GRILL O/F FR,998729,1,720.34,,9,9,0,BODY PARTS,SHOW GRILL O/F,SEG-P2,850,SHOW GRILL O/F FR - SEG-P2,Bodyshop
SHOW GRILL O/F FR,998729,1,1440.68,,9,9,0,BODY PARTS,SHOW GRILL O/F,SEG-D,1700,SHOW GRILL O/F FR - SEG-D,Bodyshop
SHOW GRILL O/F FR,998729,1,1728.81,,9,9,0,BODY PARTS,SHOW GRILL O/F,SEG-P1,2040,SHOW GRILL O/F FR - SEG-P1,Bodyshop
SHOW GRILL O/F FR,998729,1,932.2,,9,9,0,BODY PARTS,SHOW GRILL O/F,SEG-P3,1100,SHOW GRILL O/F FR - SEG-P3,Bodyshop
SHOW GRILL PAINTING,998729,1,2161.02,,9,9,0,PAINTING SERVICE,SHOW GRILLE PAINT,SEG-P2,2550,SHOW GRILL PAINTING - SEG-P2,Bodyshop
SHOW GRILL PAINTING,998729,1,0,,9,9,0,PAINTING SERVICE,SHOW GRILLE PAINT,SEG-C,0,SHOW GRILL PAINTING - SEG-C,Bodyshop
SHOW GRILL PAINTING,998729,1,0,,9,9,0,PAINTING SERVICE,SHOW GRILLE PAINT,SEG-D,0,SHOW GRILL PAINTING - SEG-D,Bodyshop
SHOW GRILL PAINTING,998729,1,0,,9,9,0,PAINTING SERVICE,SHOW GRILLE PAINT,SEG-B,0,SHOW GRILL PAINTING - SEG-B,Bodyshop
SHOW GRILL PAINTING,998729,1,1805.09,,9,9,0,PAINTING SERVICE,SHOW GRILLE PAINT,SEG-SUV,2130,SHOW GRILL PAINTING - SEG-SUV,Bodyshop
SHOW GRILL PAINTING,998729,1,2872.88,,9,9,0,PAINTING SERVICE,SHOW GRILLE PAINT,SEG-P2,3390,SHOW GRILL PAINTING - SEG-P2,Bodyshop
SHOW GRILL PAINTING,998729,1,2872.88,,9,9,0,PAINTING SERVICE,BUMPER GUARD PAINT,SEG-P3,3390,SHOW GRILL PAINTING - SEG-P3,Bodyshop
SHOW GRILL PAINTING,998729,1,2872.88,,9,9,0,PAINTING SERVICE,SHOW GRILLE PAINT,SEG-P1,3390,SHOW GRILL PAINTING - SEG-P1,Bodyshop
SHOW GRILL REPAIR & PAINT,998729,1,2300,,9,9,0,PAINTING SERVICE,FENDER PAINT,SEG-A,2714,SHOW GRILL REPAIR & PAINT - SEG-A,Bodyshop
SIDE BODY INNER PANEL PAINTING LH ,998729,1,0,,9,9,0,PAINTING SERVICE,DOOR PAINT,SEG-P2,0,SIDE BODY INNER PANEL PAINTING LH  - SEG-P2,Bodyshop
SIDE BODY INNER PANEL PAINTING RH,998729,1,0,,9,9,0,PAINTING SERVICE,DOOR PAINT,SEG-P2,0,SIDE BODY INNER PANEL PAINTING RH - SEG-P2,Bodyshop
SIDE BODY PANEL PAINTING LH,998729,1,0,,9,9,0,PAINTING SERVICE,BODY PANEL PAINT,SEG-B,0,SIDE BODY PANEL PAINTING LH - SEG-B,Bodyshop
SIDE BODY PANEL PAINTING LH,998729,1,0,,9,9,0,PAINTING SERVICE,BODY PANEL PAINT,SEG-D,0,SIDE BODY PANEL PAINTING LH - SEG-D,Bodyshop
SIDE BODY PANEL PAINTING RH,998729,1,0,,9,9,0,PAINTING SERVICE,BODY PANEL PAINT,SEG-D,0,SIDE BODY PANEL PAINTING RH - SEG-D,Bodyshop
SIDE BODY PANEL PAINTING RH,998729,1,0,,9,9,0,PAINTING SERVICE,BODY PANEL PAINT,SEG-B,0,SIDE BODY PANEL PAINTING RH - SEG-B,Bodyshop
SIDE BODY PANEL REPAIR LH,998729,1,720.34,,9,9,0,BODY PARTS,QTR PANEL,SEG-B,850,SIDE BODY PANEL REPAIR LH - SEG-B,Bodyshop
SIDE BODY PANEL REPAIR RH,998729,1,720.34,,9,9,0,BODY PARTS,QTR PANEL,SEG-B,850,SIDE BODY PANEL REPAIR RH - SEG-B,Bodyshop
SIDE SILL GUARD O/F LH,998729,1,1466.1,,9,9,0,BODY PARTS,RUNING BORDER O/F,SEG-SUV,1730,SIDE SILL GUARD O/F LH - SEG-SUV,Bodyshop
SIDE SILL GUARD O/F RH,998729,1,288.14,,9,9,0,BODY PARTS,,SEG-P1,340,SIDE SILL GUARD O/F RH - SEG-P1,Bodyshop
SIDE SILL O/F LH,998729,1,1152.54,,9,9,0,BODY PARTS,RUNING BORDER O/F,SEG-B,1360,SIDE SILL O/F LH - SEG-B,Bodyshop
SIDE SILL PANEL COVER O/F LH,998729,1,1152.54,,9,9,0,BODY PARTS,RUNING BORDER O/F,SEG-P2,1360,SIDE SILL PANEL COVER O/F LH - SEG-P2,Bodyshop
SIDE SILL PANEL MOULDING O/F LH,998729,1,432.2,,9,9,0,BODY PARTS,MOULDING O/F,SEG-P3,510,SIDE SILL PANEL MOULDING O/F LH - SEG-P3,Bodyshop
SIDE SILL PANEL MOULDING O/F RH,998729,1,432.2,,9,9,0,BODY PARTS,MOULDING O/F,SEG-P3,510,SIDE SILL PANEL MOULDING O/F RH - SEG-P3,Bodyshop
SIDE SILL PANEL O/F LH,998729,1,796.61,,9,9,0,BODY PARTS,RUNING BORDER O/F,SEG-SUV,940,SIDE SILL PANEL O/F LH - SEG-SUV,Bodyshop
SIDE SILL PANEL O/F LH,998729,1,720.34,,9,9,0,BODY PARTS,RUNING BORDER O/F,SEG-P2,850,SIDE SILL PANEL O/F LH - SEG-P2,Bodyshop
SIDE SILL PANEL O/F RH,998729,1,720.34,,9,9,0,BODY PARTS,RUNING BORDER O/F,SEG-P2,850,SIDE SILL PANEL O/F RH - SEG-P2,Bodyshop
SIDE SILL PANEL O/F RH,998729,0,796.61,,9,9,0,BODY PARTS,RUNING BORDER O/F,SEG-SUV,940,SIDE SILL PANEL O/F RH - SEG-SUV,Bodyshop
SIDE SILL PANEL PAINTING LH,998729,1,0,,9,9,0,PAINTING SERVICE,RUNING BORDER PAINT,SEG-C,0,SIDE SILL PANEL PAINTING LH - SEG-C,Bodyshop
SIDE SILL PANEL PAINTING LH,998729,1,0,,9,9,0,PAINTING SERVICE,RUNING BORDER PAINT,SEG-P1,0,SIDE SILL PANEL PAINTING LH - SEG-P1,Bodyshop
SIDE SILL PANEL PAINTING LH,998729,1,0,,9,9,0,PAINTING SERVICE,RUNING BORDER PAINT,SEG-P3,0,SIDE SILL PANEL PAINTING LH - SEG-P3,Bodyshop
SIDE SILL PANEL PAINTING LH,998729,1,3881.36,,9,9,0,PAINTING SERVICE,RUNING BORDER PAINT,SEG-P2,4580,SIDE SILL PANEL PAINTING LH - SEG-P2,Bodyshop
SIDE SILL PANEL PAINTING LH,998729,1,2872.88,,9,9,0,PAINTING SERVICE,RUNING BORDER PAINT,SEG-B,3390,SIDE SILL PANEL PAINTING LH - SEG-B,Bodyshop
SIDE SILL PANEL PAINTING LH,998729,1,0,,9,9,0,PAINTING SERVICE,RUNING BORDER PAINT,SEG-D,0,SIDE SILL PANEL PAINTING LH - SEG-D,Bodyshop
SIDE SILL PANEL PAINTING RH,998729,1,3881.36,,9,9,0,PAINTING SERVICE,RUNING BORDER PAINT,SEG-P2,4580,SIDE SILL PANEL PAINTING RH - SEG-P2,Bodyshop
SIDE SILL PANEL PAINTING RH,998729,1,0,,9,9,0,PAINTING SERVICE,RUNING BORDER PAINT,SEG-P3,0,SIDE SILL PANEL PAINTING RH - SEG-P3,Bodyshop
SIDE SILL PANEL PAINTING RH,998729,1,2872.88,,9,9,0,PAINTING SERVICE,RUNING BORDER PAINT,SEG-C,3390,SIDE SILL PANEL PAINTING RH - SEG-C,Bodyshop
SIDE SILL PANEL PAINTING RH,998729,1,0,,9,9,0,PAINTING SERVICE,RUNING BORDER PAINT,SEG-P1,0,SIDE SILL PANEL PAINTING RH - SEG-P1,Bodyshop
SIDE SILL PANEL PAINTING RH,998729,1,2161.02,,9,9,0,PAINTING SERVICE,RUNING BORDER PAINT,SEG-A,2550,SIDE SILL PANEL PAINTING RH - SEG-A,Bodyshop
SIDE SILL PANEL PAINTING RH,998729,1,0,,9,9,0,PAINTING SERVICE,RUNING BORDER PAINT,SEG-B,0,SIDE SILL PANEL PAINTING RH - SEG-B,Bodyshop
SIDE SILL PANEL REPAIR LH,998729,1,796.61,,9,9,0,BODY PARTS,RUNING BORDER REPAIR,SEG-D,940,SIDE SILL PANEL REPAIR LH - SEG-D,Bodyshop
SIDE SILL PANEL REPAIR LH ,998729,1,796.61,,9,9,0,BODY PARTS,RUNING BORDER REPAIR,SEG-C,940,SIDE SILL PANEL REPAIR LH  - SEG-C,Bodyshop
SIDE SILL PANEL REPAIR LH,998729,1,1728.81,,9,9,0,BODY PARTS,RUNING BORDER REPAIR,SEG-P2,2040,SIDE SILL PANEL REPAIR LH - SEG-P2,Bodyshop
SIDE SILL PANEL REPAIR LH,998729,1,720.34,,9,9,0,BODY PARTS,RUNING BORDER REPAIR,SEG-B,850,SIDE SILL PANEL REPAIR LH - SEG-B,Bodyshop
SIDE SILL PANEL REPAIR LH,998729,1,720.34,,9,9,0,BODY PARTS,RUNING BORDER REPAIR,BMW-3SRS,850,SIDE SILL PANEL REPAIR LH - BMW-3SRS,Bodyshop
SIDE SILL PANEL REPAIR RH,998729,1,1728.81,,9,9,0,BODY PARTS,RUNING BORDER REPAIR,SEG-P2,2040,SIDE SILL PANEL REPAIR RH - SEG-P2,Bodyshop
SIDE SILL PANEL REPAIR RH,998729,1,796.61,,9,9,0,BODY PARTS,RUNING BORDER REPAIR,SEG-C,940,SIDE SILL PANEL REPAIR RH - SEG-C,Bodyshop
SIDE SILL PANEL REPAIR RH,998729,1,720.34,,9,9,0,BODY PARTS,RUNING BORDER REPAIR,SEG-B,850,SIDE SILL PANEL REPAIR RH - SEG-B,Bodyshop
SIDE SILL PANEL REPAIR RH,998729,1,796.61,,9,9,0,BODY PARTS,RUNING BORDER REPAIR,SEG-D,940,SIDE SILL PANEL REPAIR RH - SEG-D,Bodyshop
SIDE SILL SKIRT O/F RH,998729,1,152.54,,9,9,0,BODY PARTS,SKIRT PANEL O/F,SEG-SUV,180,SIDE SILL SKIRT O/F RH - SEG-SUV,Bodyshop
SIDE STEP COVER FITTING,998729,0,550.85,,9,9,0,ACCESSORIES,FOOT REST FITTING,,650,SIDE STEP COVER FITTING - ,Accessories
SIDE STEP GARNISH FITTING,998729,1,680,,9,9,0,ACCESSORIES,FOOT REST FITTING,,802.4,SIDE STEP GARNISH FITTING - ,Accessories
SILENCER BOLT O/F,998729,1,423.73,,9,9,0,ENGINE,SILENCER PKG,,500,SILENCER BOLT O/F - ,Mechanical
SILENCER COATING,998729,1,2500,,9,9,0,CAR CARE,SILENCER COATING,SEG-A,2950,SILENCER COATING - SEG-A,Value Addition
SILENCER GASKET O/F,998729,1,150,,9,9,0,ENGINE,SILENCER O/F,,177,SILENCER GASKET O/F - ,Mechanical
SILENCER MUFFLER PAINTING,998729,1,2872.88,,9,9,0,PAINTING SERVICE,SPOILER PAINT,,3390,SILENCER MUFFLER PAINTING - ,Bodyshop
SILENCER O/F,998729,0,728.81,,9,9,0,ENGINE,SILENCER O/F,SEG-A,860,SILENCER O/F - SEG-A,Mechanical
SILENCER O/F,998729,0,728.81,,9,9,0,ENGINE,SILENCER O/F,SEG-C,860,SILENCER O/F - SEG-C,Mechanical
SILENCER O/F,998729,0,1466.1,,9,9,0,ENGINE,SILENCER O/F,SEG-D,1730,SILENCER O/F - SEG-D,Mechanical
SILENCER O/F,998729,0,1042.37,,9,9,0,ENGINE,SILENCER O/F,SEG-E,1230,SILENCER O/F - SEG-E,Mechanical
SILENCER O/F,998729,0,1466.1,,9,9,0,ENGINE,SILENCER O/F,SEG-F,1730,SILENCER O/F - SEG-F,Mechanical
SILENCER O/F,998729,0,2194.92,,9,9,0,ENGINE,SILENCER O/F,SEG-P1,2590,SILENCER O/F - SEG-P1,Mechanical
SILENCER O/F,998729,0,2567.8,,9,9,0,ENGINE,SILENCER O/F,SEG-P2,3030,SILENCER O/F - SEG-P2,Mechanical
SILENCER O/F,998729,0,6703.39,,9,9,0,ENGINE,SILENCER O/F,SEG-P4,7910,SILENCER O/F - SEG-P4,Mechanical
SILENCER O/F,998729,0,728.81,,9,9,0,ENGINE,SILENCER O/F,SEG-B,860,SILENCER O/F - SEG-B,Mechanical
SILENCER O/F ,998729,0,4271.19,,9,9,0,ENGINE,SILENCER O/F,SEG-P3,5040,SILENCER O/F  - SEG-P3,Mechanical
SILENCER REPAIR,998729,0,432.2,,9,9,0,ENGINE,SILENCER,SEG-B,510,SILENCER REPAIR - SEG-B,Mechanical
SILENCER RING O/F RR,998729,0,618.64,,9,9,0,ENGINE,SILENCER RUBBER,SEG-D,730,SILENCER RING O/F RR - SEG-D,Mechanical
SILENCER TAIL PIPE O/F,998729,0,0,,9,9,0,ENGINE,EXHAUST GAS LINE,SEG-SUV,0,SILENCER TAIL PIPE O/F - SEG-SUV,Mechanical
SILENCER WELDING,998729,1,644.07,,9,9,0,ENGINE,SILENCER WELDING,SEG-C,760,SILENCER WELDING - SEG-C,Mechanical
SILENCER WELDING,998729,1,796.61,,9,9,0,ENGINE,SILENCER WELDING,SEG-B,940,SILENCER WELDING - SEG-B,Mechanical
SIREN STAND FITTING (SS),998729,1,7618.64,,9,9,0,ACCESSORIES,SIREN STAND,,8990,SIREN STAND FITTING (SS) - ,Accessories
SKIRT FITTING,998729,1,3754.24,,9,9,0,BODY PARTS,SKIRT PANEL O/F,,4430,SKIRT FITTING - ,Bodyshop
SKIRT PANEL INNER O/F,998729,1,3593.22,,9,9,0,BODY PARTS,,SEG-C,4240,SKIRT PANEL INNER O/F - SEG-C,Bodyshop
SKIRT PANEL O/F RR,998729,1,1152.54,,9,9,0,BODY PARTS,SKIRT PANEL O/F,SEG-D,1360,SKIRT PANEL O/F RR - SEG-D,Bodyshop
SKIRT PANEL PAINTING RR,998729,1,1440.68,,9,9,0,PAINTING SERVICE,SKIRT PANEL PAINT,SEG-D,1700,SKIRT PANEL PAINTING RR - SEG-D,Bodyshop
SKIRT PANEL REPAIR,998729,1,796.61,,9,9,0,BODY PARTS,SKIRT PANEL REPAIR,SEG-C,940,SKIRT PANEL REPAIR - SEG-C,Bodyshop
SKIRT PANEL REPAIR ,998729,1,1364.41,,9,9,0,BODY PARTS,SKIRT PANEL REPAIR,SEG-B,1610,SKIRT PANEL REPAIR  - SEG-B,Bodyshop
SKIRT PANEL REPAIR,998729,1,1152.54,,9,9,0,BODY PARTS,SKIRT PANEL REPAIR,SEG-D,1360,SKIRT PANEL REPAIR - SEG-D,Bodyshop
SKIRT PANEL REPAIR,998729,1,1296.61,,9,9,0,BODY PARTS,SKIRT PANEL REPAIR,SEG-A,1530,SKIRT PANEL REPAIR - SEG-A,Bodyshop
SKIRT PANEL REPAIR,998729,1,5033.9,,9,9,0,BODY PARTS,SKIRT PANEL REPAIR,SEG-P2,5940,SKIRT PANEL REPAIR - SEG-P2,Bodyshop
SKIRT PANEL UPPER REPAIR ,998729,1,3593.22,,9,9,0,BODY PARTS,,SEG-C,4240,SKIRT PANEL UPPER REPAIR  - SEG-C,Bodyshop
SLIDING ROOF MECHANICS REPAIR,998729,1,12932.2,,9,9,0,BODY PARTS,BONET LOCK PANEL REPAIR,SEG-P1,15260,SLIDING ROOF MECHANICS REPAIR - SEG-P1,Bodyshop
SONAX CERAMIC COATING,998729,1,29898.31,,9,9,0,CAR CARE,CERAMIC COATING,"SUV, PREMIUM",35280,"SONAX CERAMIC COATING - SUV, PREMIUM",Value Addition
SONAX CERAMIC COATING,998729,1,23000,,9,9,0,CAR CARE,CERAMIC COATING,SEDAN,27140,SONAX CERAMIC COATING - SEDAN,Value Addition
SONAX CERAMIC COATING,998729,1,27601.69,,9,9,0,CAR CARE,CERAMIC COATING,MPV,32570,SONAX CERAMIC COATING - MPV,Value Addition
SONAX CERAMIC COATING,998729,1,20703.39,,9,9,0,CAR CARE,CERAMIC COATING,HATCHBACK,24430,SONAX CERAMIC COATING - HATCHBACK,Value Addition
SONAX CERAMIC COATING CC EVO,998729,1,25296.61,,9,9,0,CAR CARE,CERAMIC COATING,SEDAN,29850,SONAX CERAMIC COATING CC EVO - SEDAN,Value Addition
SONAX CERAMIC COATING CC EVO,998729,1,32203.39,,9,9,0,CAR CARE,CERAMIC COATING,"SUV, PREMIUM",38000,"SONAX CERAMIC COATING CC EVO - SUV, PREMIUM",Value Addition
SONAX CERAMIC COATING CC EVO,998729,1,23000,,9,9,0,CAR CARE,CERAMIC COATING,HATCHBACK,27140,SONAX CERAMIC COATING CC EVO - HATCHBACK,Value Addition
SONAX CERAMIC COATING CC EVO,998729,1,29898.31,,9,9,0,CAR CARE,CERAMIC COATING,MPV,35280,SONAX CERAMIC COATING CC EVO - MPV,Value Addition
SONAX POLYMER COATING,998729,1,11694.92,,9,9,0,CAR CARE,POLYMER COATING,SEG-P3,13800,SONAX POLYMER COATING - SEG-P3,Value Addition
SONAX POLYMER COATING,998729,1,6822.03,,9,9,0,CAR CARE,POLYMER COATING,SEG-A-B-C,8050,SONAX POLYMER COATING - SEG-A-B-C,Value Addition
SONAX POLYMER COATING,998729,1,9745.76,,9,9,0,CAR CARE,POLYMER COATING,SEG-P1-P2,11500,SONAX POLYMER COATING - SEG-P1-P2,Value Addition
SONAX POLYMER COATING,998729,1,7796.61,,9,9,0,CAR CARE,POLYMER COATING,SEG-D-E,9200,SONAX POLYMER COATING - SEG-D-E,Value Addition
SONAX POLYMER COATING,998729,1,8771.19,,9,9,0,CAR CARE,POLYMER COATING,SEG-F,10350,SONAX POLYMER COATING - SEG-F,Value Addition
SONAX POLYMER COATING,998729,1,11694.92,,9,9,0,CAR CARE,POLYMER COATING,SEG-P4,13800,SONAX POLYMER COATING - SEG-P4,Value Addition
SOOT FILTER SERVICE,998729,0,3593.22,,9,9,0,FILTERATION,AIR FILTER,SEG-P2,4240,SOOT FILTER SERVICE - SEG-P2,Mechanical
SPARE WHEEL BRACKET REPAIR,998729,1,1296.61,,9,9,0,BODY PARTS,BUMPER BRACKET,SEG-F,1530,SPARE WHEEL BRACKET REPAIR - SEG-F,Bodyshop
SPARE WHEEL CLAMP O/F,998729,1,550.85,,9,9,0,WHEELS & TYRES,TYRE O/F,,650,SPARE WHEEL CLAMP O/F - ,Tyre
SPARE WHEEL COVER PAINTING,998729,1,5754.24,,9,9,0,PAINTING SERVICE,ALLOY WHEEL PAINT,SEG-F,6790,SPARE WHEEL COVER PAINTING - SEG-F,Bodyshop
SPARE WHEEL LIGHT O/F,998729,1,372.88,,9,9,0,ELECTRICAL,FOG LIGHT,,440,SPARE WHEEL LIGHT O/F - ,Bodyshop
SPARK PLUG SET O/F,998729,0,618.64,,9,9,0,IGNITION,IGNITION PLUG O/F,SEG-E,730,SPARK PLUG SET O/F - SEG-E,Mechanical
SPARK PLUG SET O/F,998729,0,2440.68,,9,9,0,IGNITION,IGNITION PLUG O/F,SEG-P4,2880,SPARK PLUG SET O/F - SEG-P4,Mechanical
SPARK PLUG SET O/F,998729,0,372.88,,9,9,0,IGNITION,IGNITION PLUG O/F,SEG-A,440,SPARK PLUG SET O/F - SEG-A,Mechanical
SPARK PLUG SET O/F,998729,0,491.53,,9,9,0,IGNITION,IGNITION PLUG O/F,SEG-B,580,SPARK PLUG SET O/F - SEG-B,Mechanical
SPARK PLUG SET O/F,998729,0,618.64,,9,9,0,IGNITION,IGNITION PLUG O/F,SEG-C,730,SPARK PLUG SET O/F - SEG-C,Mechanical
SPARK PLUG SET O/F,998729,0,728.81,,9,9,0,IGNITION,IGNITION PLUG O/F,SEG-D,860,SPARK PLUG SET O/F - SEG-D,Mechanical
SPARK PLUG SET O/F,998729,0,728.81,,9,9,0,IGNITION,IGNITION PLUG O/F,SEG-F,860,SPARK PLUG SET O/F - SEG-F,Mechanical
SPARK PLUG SET O/F,998729,0,1466.1,,9,9,0,IGNITION,IGNITION PLUG O/F,SEG-P1,1730,SPARK PLUG SET O/F - SEG-P1,Mechanical
SPARK PLUG SET O/F,998729,0,1830.51,,9,9,0,IGNITION,IGNITION PLUG O/F,SEG-P2,2160,SPARK PLUG SET O/F - SEG-P2,Mechanical
SPARK PLUG SET O/F,998729,0,1830.51,,9,9,0,IGNITION,IGNITION PLUG O/F,SEG-P3,2160,SPARK PLUG SET O/F - SEG-P3,Mechanical
SPARK PLUG SET SERVICE,998729,0,423.73,,9,9,0,IGNITION,IGNITION PLUG O/F,SEG-A,500,SPARK PLUG SET SERVICE - SEG-A,Mechanical
SPARK PLUG SET SERVICE,998729,0,550.85,,9,9,0,IGNITION,IGNITION PLUG O/F,SEG-B,650,SPARK PLUG SET SERVICE - SEG-B,Mechanical
SPARK PLUG SET SERVICE,998729,0,669.49,,9,9,0,IGNITION,IGNITION PLUG O/F,SEG-C,790,SPARK PLUG SET SERVICE - SEG-C,Mechanical
SPARK PLUG SET SERVICE,998729,0,796.61,,9,9,0,IGNITION,IGNITION PLUG O/F,SEG-D,940,SPARK PLUG SET SERVICE - SEG-D,Mechanical
SPARK PLUG SET SERVICE,998729,0,796.61,,9,9,0,IGNITION,IGNITION PLUG O/F,SEG-F,940,SPARK PLUG SET SERVICE - SEG-F,Mechanical
SPARK PLUG SET SERVICE,998729,0,1593.22,,9,9,0,IGNITION,IGNITION PLUG O/F,SEG-P1,1880,SPARK PLUG SET SERVICE - SEG-P1,Mechanical
SPARK PLUG SET SERVICE,998729,0,1949.15,,9,9,0,IGNITION,IGNITION PLUG O/F,SEG-P2,2300,SPARK PLUG SET SERVICE - SEG-P2,Mechanical
SPARK PLUG SET SERVICE,998729,0,1949.15,,9,9,0,IGNITION,IGNITION PLUG O/F,SEG-P3,2300,SPARK PLUG SET SERVICE - SEG-P3,Mechanical
SPARK PLUG SET SERVICE,998729,0,669.49,,9,9,0,IGNITION,IGNITION COIL O/F,SEG-E,790,SPARK PLUG SET SERVICE - SEG-E,Mechanical
SPARK PLUG SET SERVICE,998729,0,2567.8,,9,9,0,IGNITION,IGNITION COIL O/F,SEG-P4,3030,SPARK PLUG SET SERVICE - SEG-P4,Mechanical
SPEAKER BOX FITTING,998729,1,1271.19,,9,9,0,ACCESSORIES,SPEAKER FITTING,,1500,SPEAKER BOX FITTING - ,Accessories
SPEAKER BOX WORK,998729,1,9347.46,,9,9,0,ACCESSORIES,SPEAKER,,11030,SPEAKER BOX WORK - ,Accessories
SPEAKER FITTING,998729,0,855.93,,9,9,0,ELECTRICAL,SPEAKER FITTING,SEG-B,1010,SPEAKER FITTING - SEG-B,Mechanical
SPEAKER OF,998729,0,1347.46,,9,9,0,ELECTRICAL,SPEAKER FITTING,COMMON,1590,SPEAKER OF - COMMON,Mechanical
SPEAKER REPAIR,998729,1,1516.95,,9,9,0,ELECTRICAL,SPEAKER REPAIR,SEG-D,1790,SPEAKER REPAIR - SEG-D,Mechanical
SPEAKER REPAIR,998729,1,2991.53,,9,9,0,ELECTRICAL,SPEAKER REPAIR,SEG-P2,3530,SPEAKER REPAIR - SEG-P2,Mechanical
SPEAKER RING FITTING,998729,0,364.41,,9,9,0,ELECTRICAL,WIRING REPAIR,SEG-B,430,SPEAKER RING FITTING - SEG-B,Mechanical
SPEAKER TRAY PADDING,998729,1,4313.56,,9,9,0,UPHOLSTERY,DOOR TRIM PADDING,,5090,SPEAKER TRAY PADDING - ,Mechanical
SPEAKER WIRING,998729,1,720.34,,9,9,0,ELECTRICAL,WIRING REPAIR,,850,SPEAKER WIRING - ,Mechanical
SPEAKER WOODEN FRAME FITTING,998729,1,1516.95,,9,9,0,ELECTRICAL,SPEAKER FITTING,COMMON,1790,SPEAKER WOODEN FRAME FITTING - COMMON,Mechanical
SPEEDO TONNER RING O/F,998729,1,940.68,,9,9,0,TRANSMISSION,GEAR LEVER O/F,,1110,SPEEDO TONNER RING O/F - ,Mechanical
SPEEDOMETER SENSOR O/F,998729,0,1000,,9,9,0,TRANSMISSION,GEAR KNOB,SEG-B,1180,SPEEDOMETER SENSOR O/F - SEG-B,Mechanical
SPLASH GUARD O/F LH,998729,1,703.39,,9,9,0,BODY PARTS,BUMPER GUARD,SEG-P3,830,SPLASH GUARD O/F LH - SEG-P3,Bodyshop
SPOILER LIGHT O/F,998729,1,372.88,,9,9,0,ELECTRICAL,FOG LIGHT,,440,SPOILER LIGHT O/F - ,Bodyshop
SPOILER O/F,998729,1,364.41,,9,9,0,BODY PARTS,SPOILER O/F,SEG-SUV,430,SPOILER O/F - SEG-SUV,Bodyshop
SPOILER O/F,998729,1,720.34,,9,9,0,BODY PARTS,SPOILER O/F,SEG-P1,850,SPOILER O/F - SEG-P1,Bodyshop
SPOILER O/F ,998729,1,508.48,,9,9,0,BODY PARTS,SPOILER O/F,SEG-D,600,SPOILER O/F  - SEG-D,Bodyshop
SPOILER PAINTING,998729,1,1440.68,,9,9,0,PAINTING SERVICE,SPOILER PAINT,SEG-P1,1700,SPOILER PAINTING - SEG-P1,Bodyshop
SPOILER PAINTING,998729,1,0,,9,9,0,PAINTING SERVICE,SPOILER PAINT,SEG-C,0,SPOILER PAINTING - SEG-C,Bodyshop
SPOILER PAINTING,998729,1,3593.22,,9,9,0,PAINTING SERVICE,SPOILER PAINT,SEG-P2,4240,SPOILER PAINTING - SEG-P2,Bodyshop
SS PIPE WORK,998729,1,686.44,,9,9,0,BODY PARTS,ROOF RAIL,,810,SS PIPE WORK - ,Bodyshop
STAB. LINK O/F FR BH,998729,0,372.88,,9,9,0,SUSPENSION,STABILIZER LINK O/F,SEG-A,440,STAB. LINK O/F FR BH - SEG-A,Mechanical
STAB. LINK O/F FR BH,998729,0,618.64,,9,9,0,SUSPENSION,STABILIZER LINK O/F,SEG-B,730,STAB. LINK O/F FR BH - SEG-B,Mechanical
STAB. LINK O/F FR BH,998729,0,618.64,,9,9,0,SUSPENSION,STABILIZER LINK O/F,SEG-C,730,STAB. LINK O/F FR BH - SEG-C,Mechanical
STAB. LINK O/F FR BH,998729,0,855.93,,9,9,0,SUSPENSION,STABILIZER LINK O/F,SEG-F,1010,STAB. LINK O/F FR BH - SEG-F,Mechanical
STAB. LINK O/F FR BH,998729,0,1949.15,,9,9,0,SUSPENSION,STABILIZER LINK O/F,SEG-P1,2300,STAB. LINK O/F FR BH - SEG-P1,Mechanical
STAB. LINK O/F FR BH,998729,0,2440.68,,9,9,0,SUSPENSION,STABILIZER LINK O/F,SEG-P2,2880,STAB. LINK O/F FR BH - SEG-P2,Mechanical
STAB. LINK O/F FR BH,998729,0,2923.73,,9,9,0,SUSPENSION,STABILIZER LINK O/F,SEG-P3,3450,STAB. LINK O/F FR BH - SEG-P3,Mechanical
STAB. LINK O/F FR BH,998729,0,618.64,,9,9,0,SUSPENSION,STABILIZER LINK O/F,SEG-E,730,STAB. LINK O/F FR BH - SEG-E,Mechanical
STAB. LINK O/F FR BH,998729,0,3652.54,,9,9,0,SUSPENSION,STABILIZER LINK O/F,SEG-P4,4310,STAB. LINK O/F FR BH - SEG-P4,Mechanical
STAB. LINK O/F FR BH,998729,0,855.93,,9,9,0,SUSPENSION,STABILIZER LINK,SEG-D,1010,STAB. LINK O/F FR BH - SEG-D,Mechanical
STAB. LINK O/F FR LH,998729,0,305.09,,9,9,0,SUSPENSION,STABILIZER LINK O/F,SEG-E,360,STAB. LINK O/F FR LH - SEG-E,Mechanical
STAB. LINK O/F FR LH,998729,0,1830.51,,9,9,0,SUSPENSION,STABILIZER LINK O/F,SEG-P4,2160,STAB. LINK O/F FR LH - SEG-P4,Mechanical
STAB. LINK O/F FR LH,998729,0,177.97,,9,9,0,SUSPENSION,STABILIZER LINK O/F,SEG-A,210,STAB. LINK O/F FR LH - SEG-A,Mechanical
STAB. LINK O/F FR LH,998729,0,305.09,,9,9,0,SUSPENSION,STABILIZER LINK O/F,SEG-B,360,STAB. LINK O/F FR LH - SEG-B,Mechanical
STAB. LINK O/F FR LH,998729,0,305.09,,9,9,0,SUSPENSION,STABILIZER LINK O/F,SEG-C,360,STAB. LINK O/F FR LH - SEG-C,Mechanical
STAB. LINK O/F FR LH,998729,0,423.73,,9,9,0,SUSPENSION,STABILIZER LINK O/F,SEG-D,500,STAB. LINK O/F FR LH - SEG-D,Mechanical
STAB. LINK O/F FR LH,998729,0,423.73,,9,9,0,SUSPENSION,STABILIZER LINK O/F,SEG-F,500,STAB. LINK O/F FR LH - SEG-F,Mechanical
STAB. LINK O/F FR LH,998729,0,974.58,,9,9,0,SUSPENSION,STABILIZER LINK O/F,SEG-P1,1150,STAB. LINK O/F FR LH - SEG-P1,Mechanical
STAB. LINK O/F FR LH,998729,0,1220.34,,9,9,0,SUSPENSION,STABILIZER LINK O/F,SEG-P2,1440,STAB. LINK O/F FR LH - SEG-P2,Mechanical
STAB. LINK O/F FR LH,998729,0,1466.1,,9,9,0,SUSPENSION,STABILIZER LINK O/F,SEG-P3,1730,STAB. LINK O/F FR LH - SEG-P3,Mechanical
STAB. LINK O/F FR RH,998729,0,177.97,,9,9,0,SUSPENSION,STABILIZER LINK O/F,SEG-A,210,STAB. LINK O/F FR RH - SEG-A,Mechanical
STAB. LINK O/F FR RH,998729,0,305.09,,9,9,0,SUSPENSION,STABILIZER LINK O/F,SEG-B,360,STAB. LINK O/F FR RH - SEG-B,Mechanical
STAB. LINK O/F FR RH,998729,0,305.09,,9,9,0,SUSPENSION,STABILIZER LINK O/F,SEG-C,360,STAB. LINK O/F FR RH - SEG-C,Mechanical
STAB. LINK O/F FR RH,998729,0,423.73,,9,9,0,SUSPENSION,STABILIZER LINK O/F,SEG-D,500,STAB. LINK O/F FR RH - SEG-D,Mechanical
STAB. LINK O/F FR RH,998729,0,423.73,,9,9,0,SUSPENSION,STABILIZER LINK O/F,SEG-F,500,STAB. LINK O/F FR RH - SEG-F,Mechanical
STAB. LINK O/F FR RH,998729,0,974.58,,9,9,0,SUSPENSION,STABILIZER LINK O/F,SEG-P1,1150,STAB. LINK O/F FR RH - SEG-P1,Mechanical
STAB. LINK O/F FR RH,998729,0,1220.34,,9,9,0,SUSPENSION,STABILIZER LINK O/F,SEG-P2,1440,STAB. LINK O/F FR RH - SEG-P2,Mechanical
STAB. LINK O/F FR RH,998729,0,1466.1,,9,9,0,SUSPENSION,STABILIZER LINK O/F,SEG-P3,1730,STAB. LINK O/F FR RH - SEG-P3,Mechanical
STAB. LINK O/F FR RH,998729,0,305.09,,9,9,0,SUSPENSION,STABILIZER LINK O/F,SEG-E,360,STAB. LINK O/F FR RH - SEG-E,Mechanical
STAB. LINK O/F FR RH,998729,0,1830.51,,9,9,0,SUSPENSION,STABILIZER LINK O/F,SEG-P4,2160,STAB. LINK O/F FR RH - SEG-P4,Mechanical
STAB. LINK O/F RR BH,998729,0,1949.15,,9,9,0,SUSPENSION,STABILIZER LINK O/F,SEG-P1,2300,STAB. LINK O/F RR BH - SEG-P1,Mechanical
STAB. LINK O/F RR BH,998729,0,855.93,,9,9,0,SUSPENSION,STABILIZER LINK O/F,SEG-F,1010,STAB. LINK O/F RR BH - SEG-F,Mechanical
STAB. LINK O/F RR BH,998729,0,2440.68,,9,9,0,SUSPENSION,STABILIZER LINK O/F,SEG-P2,2880,STAB. LINK O/F RR BH - SEG-P2,Mechanical
STAB. LINK O/F RR BH,998729,0,2923.73,,9,9,0,SUSPENSION,STABILIZER LINK O/F,SEG-P3,3450,STAB. LINK O/F RR BH - SEG-P3,Mechanical
STAB. LINK O/F RR BH,998729,0,3652.54,,9,9,0,SUSPENSION,STABILIZER LINK O/F,SEG-P4,4310,STAB. LINK O/F RR BH - SEG-P4,Mechanical
STAB. LINK O/F RR LH,998729,0,974.58,,9,9,0,SUSPENSION,STABILIZER LINK O/F,SEG-P1,1150,STAB. LINK O/F RR LH - SEG-P1,Mechanical
STAB. LINK O/F RR LH,998729,0,423.73,,9,9,0,SUSPENSION,STABILIZER LINK O/F,SEG-F,500,STAB. LINK O/F RR LH - SEG-F,Mechanical
STAB. LINK O/F RR LH,998729,0,1220.34,,9,9,0,SUSPENSION,STABILIZER LINK O/F,SEG-P2,1440,STAB. LINK O/F RR LH - SEG-P2,Mechanical
STAB. LINK O/F RR LH,998729,0,1466.1,,9,9,0,SUSPENSION,STABILIZER LINK O/F,SEG-P3,1730,STAB. LINK O/F RR LH - SEG-P3,Mechanical
STAB. LINK O/F RR LH,998729,0,1830.51,,9,9,0,SUSPENSION,STABILIZER LINK O/F,SEG-P4,2160,STAB. LINK O/F RR LH - SEG-P4,Mechanical
STAB. LINK O/F RR RH,998729,0,1830.51,,9,9,0,SUSPENSION,STABILIZER LINK O/F,SEG-P4,2160,STAB. LINK O/F RR RH - SEG-P4,Mechanical
STAB. LINK O/F RR RH,998729,0,423.73,,9,9,0,SUSPENSION,STABILIZER LINK O/F,SEG-F,500,STAB. LINK O/F RR RH - SEG-F,Mechanical
STAB. LINK O/F RR RH,998729,0,974.58,,9,9,0,SUSPENSION,STABILIZER LINK O/F,SEG-P1,1150,STAB. LINK O/F RR RH - SEG-P1,Mechanical
STAB. LINK O/F RR RH,998729,0,1220.34,,9,9,0,SUSPENSION,STABILIZER LINK O/F,SEG-P2,1440,STAB. LINK O/F RR RH - SEG-P2,Mechanical
STAB. LINK O/F RR RH2,998729,0,1466.1,,9,9,0,SUSPENSION,STABILIZER LINK O/F,SEG-P3,1730,STAB. LINK O/F RR RH2 - SEG-P3,Mechanical
STABILIZER LINK O/F FR BH,998729,0,0,,9,9,0,SUSPENSION,STABILIZER LINK O/F,SEG-C,0,STABILIZER LINK O/F FR BH - SEG-C,Mechanical
STABILIZER LINK O/F FR BH,998729,0,0,,9,9,0,SUSPENSION,STABILIZER LINK O/F,SEG-D,0,STABILIZER LINK O/F FR BH - SEG-D,Mechanical
STABILIZER LINK O/F FR BH,998729,0,0,,9,9,0,SUSPENSION,STABILIZER LINK O/F,XUV500,0,STABILIZER LINK O/F FR BH - XUV500,Mechanical
STABILIZER LINK O/F FR BH,998729,0,0,,9,9,0,SUSPENSION,STABILIZER LINK O/F,SEG-P3,0,STABILIZER LINK O/F FR BH - SEG-P3,Mechanical
STABILIZER LINK O/F RR BH,998729,0,644.07,,9,9,0,SUSPENSION,STABILIZER LINK,SEG-D,760,STABILIZER LINK O/F RR BH - SEG-D,Mechanical
STABILIZER LINK REPLACE FR,998729,0,576.27,,9,9,0,SUSPENSION,STABILIZER LINK O/F,MCB-C-CLASS,680,STABILIZER LINK REPLACE FR - MCB-C-CLASS,Mechanical
START STOP SWITCH REPAIR,998729,1,1059.32,,9,9,0,ELECTRICAL,COMBINATION SWITCH O/F,,1250,START STOP SWITCH REPAIR - ,Bodyshop
START SWITCH O/F,998729,0,432.2,,9,9,0,ELECTRICAL,BRAKE LIGHT SWITCH,SEG-D,510,START SWITCH O/F - SEG-D,Mechanical
STARTER ASSY O/F,998729,0,728.81,,9,9,0,ELECTRICAL,STARTER O/F,SEG-A,860,STARTER ASSY O/F - SEG-A,Mechanical
STARTER ASSY O/F,998729,0,974.58,,9,9,0,ELECTRICAL,STARTER O/F,SEG-B,1150,STARTER ASSY O/F - SEG-B,Mechanical
STARTER ASSY O/F,998729,0,974.58,,9,9,0,ELECTRICAL,STARTER O/F,SEG-C,1150,STARTER ASSY O/F - SEG-C,Mechanical
STARTER ASSY O/F,998729,0,1525.42,,9,9,0,ELECTRICAL,STARTER O/F,SEG-D,1800,STARTER ASSY O/F - SEG-D,Mechanical
STARTER ASSY O/F,998729,0,1559.32,,9,9,0,ELECTRICAL,STARTER O/F,SEG-F,1840,STARTER ASSY O/F - SEG-F,Mechanical
STARTER ASSY O/F,998729,0,2161.02,,9,9,0,ELECTRICAL,STARTER O/F,SEG-P1,2550,STARTER ASSY O/F - SEG-P1,Mechanical
STARTER ASSY O/F,998729,0,2872.88,,9,9,0,ELECTRICAL,STARTER O/F,SEG-P2,3390,STARTER ASSY O/F - SEG-P2,Mechanical
STARTER ASSY O/F,998729,0,4313.56,,9,9,0,ELECTRICAL,STARTER O/F,SEG-P3,5090,STARTER ASSY O/F - SEG-P3,Mechanical
STARTER ASSY O/F,998729,0,974.58,,9,9,0,ELECTRICAL,STARTER O/F,SEG-E,1150,STARTER ASSY O/F - SEG-E,Mechanical
STARTER ASSY O/F,998729,0,5542.37,,9,9,0,ELECTRICAL,STARTER O/F,SEG-P4,6540,STARTER ASSY O/F - SEG-P4,Mechanical
STARTER CARBON SOLDERING,998729,0,2423.73,,9,9,0,ELECTRICAL,STARTER SERVICE,SEG-P1,2860,STARTER CARBON SOLDERING - SEG-P1,Mechanical
STARTER OVERHAUL,998729,0,1830.51,,9,9,0,ELECTRICAL,STARTER SERVICE,SEG-E,2160,STARTER OVERHAUL - SEG-E,Mechanical
STARTER OVERHAUL,998729,0,6093.22,,9,9,0,ELECTRICAL,STARTER SERVICE,SEG-P4,7190,STARTER OVERHAUL - SEG-P4,Mechanical
STARTER OVERHAUL,998729,0,1220.34,,9,9,0,ELECTRICAL,STARTER SERVICE,SEG-A,1440,STARTER OVERHAUL - SEG-A,Mechanical
STARTER OVERHAUL,998729,0,1466.1,,9,9,0,ELECTRICAL,STARTER SERVICE,SEG-B,1730,STARTER OVERHAUL - SEG-B,Mechanical
STARTER OVERHAUL,998729,0,1466.1,,9,9,0,ELECTRICAL,STARTER SERVICE,SEG-C,1730,STARTER OVERHAUL - SEG-C,Mechanical
STARTER OVERHAUL,998729,0,1830.51,,9,9,0,ELECTRICAL,STARTER SERVICE,SEG-D,2160,STARTER OVERHAUL - SEG-D,Mechanical
STARTER OVERHAUL,998729,0,1830.51,,9,9,0,ELECTRICAL,STARTER SERVICE,SEG-F,2160,STARTER OVERHAUL - SEG-F,Mechanical
STARTER OVERHAUL,998729,0,3050.85,,9,9,0,ELECTRICAL,STARTER SERVICE,SEG-P1,3600,STARTER OVERHAUL - SEG-P1,Mechanical
STARTER OVERHAUL,998729,0,3050.85,,9,9,0,ELECTRICAL,STARTER SERVICE,SEG-P2,3600,STARTER OVERHAUL - SEG-P2,Mechanical
STARTER OVERHAUL,998729,0,3652.54,,9,9,0,ELECTRICAL,STARTER SERVICE,SEG-P3,4310,STARTER OVERHAUL - SEG-P3,Mechanical
STARTER REPAIR,998729,0,4313.56,,9,9,0,ELECTRICAL,STARTER,SEG-P1,5090,STARTER REPAIR - SEG-P1,Mechanical
STARTER REPAIR,998729,0,1364.41,,9,9,0,ELECTRICAL,STARTER,SEG-B,1610,STARTER REPAIR - SEG-B,Mechanical
STARTER REPAIR,998729,0,6474.58,,9,9,0,ELECTRICAL,STARTER,SEG-P3,7640,STARTER REPAIR - SEG-P3,Mechanical
STARTER REPAIR & SERVICE,998729,0,2254.24,,9,9,0,ELECTRICAL,STARTER SERVICE,SEG-C,2660,STARTER REPAIR & SERVICE - SEG-C,Mechanical
STARTER SERVICE ,998729,0,2254.24,,9,9,0,ELECTRICAL,STARTER SERVICE,SEG-P1,2660,STARTER SERVICE  - SEG-P1,Mechanical
STEERING ADAPTATION,998729,0,1440.68,,9,9,0,SCANNING SERVICE,ADAPTATION,SEG-P1,1700,STEERING ADAPTATION - SEG-P1,Mechanical
STEERING ANGLE SENSOR O/F,998729,0,1500,,9,9,0,ELECTRICAL,PARKING SENSOR,,1770,STEERING ANGLE SENSOR O/F - ,Mechanical
STEERING BOLT O/F,998729,1,254.24,,9,9,0,STEERING SYSTEM,STEERING BUSHIG KIT,,300,STEERING BOLT O/F - ,Mechanical
STEERING BOOT O/F,998729,1,728.81,,9,9,0,STEERING SYSTEM,STEERING RACK O/F,SEG-D,860,STEERING BOOT O/F - SEG-D,Mechanical
STEERING BOOT SERVICE,998729,1,627.12,,9,9,0,STEERING SYSTEM,STEERING BOOT,SEG-F,740,STEERING BOOT SERVICE - SEG-F,Mechanical
STEERING BUSH O/F,998729,0,720.34,,9,9,0,SUSPENSION,B.R. BUSH,SEG-SUV,850,STEERING BUSH O/F - SEG-SUV,Mechanical
STEERING BUTTON PAINTING,998729,1,720.34,,9,9,0,PAINTING SERVICE,TRIM PAINT,SEG-SUV,850,STEERING BUTTON PAINTING - SEG-SUV,Bodyshop
STEERING CALIBRATION ,998729,0,6093.22,,9,9,0,SCANNING SERVICE,CALIBRATION,SEG-P3,7190,STEERING CALIBRATION  - SEG-P3,Mechanical
STEERING CALIBRATION,998729,0,423.73,,9,9,0,SCANNING SERVICE,CALIBRATION,SEG-A,500,STEERING CALIBRATION - SEG-A,Mechanical
STEERING CALIBRATION,998729,0,728.81,,9,9,0,SCANNING SERVICE,CALIBRATION,SEG-B,860,STEERING CALIBRATION - SEG-B,Mechanical
STEERING CALIBRATION,998729,0,728.81,,9,9,0,SCANNING SERVICE,CALIBRATION,SEG-C,860,STEERING CALIBRATION - SEG-C,Mechanical
STEERING CALIBRATION,998729,0,1440.68,,9,9,0,SCANNING SERVICE,CALIBRATION,SEG-D,1700,STEERING CALIBRATION - SEG-D,Mechanical
STEERING CALIBRATION,998729,0,1440.68,,9,9,0,SCANNING SERVICE,CALIBRATION,SEG-E,1700,STEERING CALIBRATION - SEG-E,Mechanical
STEERING CALIBRATION,998729,0,1440.68,,9,9,0,SCANNING SERVICE,CALIBRATION,SEG-F,1700,STEERING CALIBRATION - SEG-F,Mechanical
STEERING CALIBRATION,998729,0,3652.54,,9,9,0,SCANNING SERVICE,CALIBRATION,SEG-P1,4310,STEERING CALIBRATION - SEG-P1,Mechanical
STEERING CALIBRATION,998729,0,4872.88,,9,9,0,SCANNING SERVICE,CALIBRATION,SEG-P2,5750,STEERING CALIBRATION - SEG-P2,Mechanical
STEERING CALIBRATION,998729,0,7313.56,,9,9,0,SCANNING SERVICE,CALIBRATION,SEG-P4,8630,STEERING CALIBRATION - SEG-P4,Mechanical
STEERING COLUMN O/F,998729,0,669.49,,9,9,0,STEERING SYSTEM,STEERING COLUMN O/F,SEG-A,790,STEERING COLUMN O/F - SEG-A,Mechanical
STEERING COLUMN O/F,998729,0,1830.51,,9,9,0,STEERING SYSTEM,STEERING COLUMN O/F,SEG-C,2160,STEERING COLUMN O/F - SEG-C,Mechanical
STEERING COLUMN O/F,998729,0,5754.24,,9,9,0,STEERING SYSTEM,STEERING COLUMN O/F,SEG-P1,6790,STEERING COLUMN O/F - SEG-P1,Mechanical
STEERING COLUMN O/F,998729,0,1830.51,,9,9,0,STEERING SYSTEM,STEERING COLUMN O/F,SEG-B,2160,STEERING COLUMN O/F - SEG-B,Mechanical
STEERING COLUMN REPAIR,998729,1,4152.54,,9,9,0,STEERING SYSTEM,STEERING COLUMN O/F,,4900,STEERING COLUMN REPAIR - ,Mechanical
STEERING CONTROL SWITCH ADOPTATION,998729,1,22296.61,,9,9,0,ELECTRICAL,POWER WINDOW SWITCH O/F,SEG-P3,26310,STEERING CONTROL SWITCH ADOPTATION - SEG-P3,Mechanical
STEERING CONTROL SWITCH REMOVE/REFIT,998729,0,18033.9,,9,9,0,ELECTRICAL,POWER WINDOW SWITCH O/F,SEG-P3,21280,STEERING CONTROL SWITCH REMOVE/REFIT - SEG-P3,Mechanical
STEERING COVER LEATHER WORK,998729,1,1644.07,,9,9,0,UPHOLSTERY,STEERING WHEEL PADDING,SEG-B,1940,STEERING COVER LEATHER WORK - SEG-B,Mechanical
STEERING COVER O/F,998729,1,796.61,,9,9,0,UPHOLSTERY,STEERING WHEEL PADDING,SEG-D,940,STEERING COVER O/F - SEG-D,Mechanical
STEERING COVER PADDING,998729,0,372.88,,9,9,0,UPHOLSTERY,STEERING WHEEL PADDING,COMMON,440,STEERING COVER PADDING - COMMON,Mechanical
STEERING LOCK REPAIR,998729,0,38813.56,,9,9,0,STEERING SYSTEM,STEERING COLUMN,SEG-P2,45800,STEERING LOCK REPAIR - SEG-P2,Mechanical
STEERING LOGO REPAIR,998729,1,1450,,9,9,0,BODY PARTS,EMBLEM,,1711,STEERING LOGO REPAIR - ,Bodyshop
STEERING MODULE CODING,998729,0,3593.22,,9,9,0,SCANNING SERVICE,CODING,COMMON,4240,STEERING MODULE CODING - COMMON,Mechanical
STEERING MODULE O/F,998729,0,711.86,,9,9,0,STEERING SYSTEM,EPS MOTOR,SEG-B,840,STEERING MODULE O/F - SEG-B,Mechanical
STEERING MODULE REPAIR,998729,1,57500,,9,9,0,STEERING SYSTEM,EPS MOTOR,SEG-P2,67850,STEERING MODULE REPAIR - SEG-P2,Mechanical
STEERING OVERHAUL,998729,0,932.2,,9,9,0,STEERING SYSTEM,STEERING O/H,SEG-A,1100,STEERING OVERHAUL - SEG-A,Mechanical
STEERING OVERHAUL,998729,0,1296.61,,9,9,0,STEERING SYSTEM,STEERING O/H,SEG-B,1530,STEERING OVERHAUL - SEG-B,Mechanical
STEERING OVERHAUL,998729,0,1440.68,,9,9,0,STEERING SYSTEM,STEERING O/H,SEG-C,1700,STEERING OVERHAUL - SEG-C,Mechanical
STEERING OVERHAUL,998729,0,1728.81,,9,9,0,STEERING SYSTEM,STEERING O/H,SEG-D,2040,STEERING OVERHAUL - SEG-D,Mechanical
STEERING OVERHAUL,998729,0,2161.02,,9,9,0,STEERING SYSTEM,STEERING O/H,SEG-SUV,2550,STEERING OVERHAUL - SEG-SUV,Mechanical
STEERING OVERHAUL,998729,0,0,,9,9,0,STEERING SYSTEM,STEERING O/H,SEG-P1,0,STEERING OVERHAUL - SEG-P1,Mechanical
STEERING OVERHAUL,998729,0,0,,9,9,0,STEERING SYSTEM,STEERING O/H,SEG-P2,0,STEERING OVERHAUL - SEG-P2,Mechanical
STEERING OVERHAUL,998729,0,0,,9,9,0,STEERING SYSTEM,STEERING O/H,SEG-P3,0,STEERING OVERHAUL - SEG-P3,Mechanical
STEERING RACK O/F,998729,0,1347.46,,9,9,0,STEERING SYSTEM,STEERING RACK O/F,SEG-A,1590,STEERING RACK O/F - SEG-A,Mechanical
STEERING RACK O/F,998729,0,2194.92,,9,9,0,STEERING SYSTEM,STEERING RACK O/F,SEG-B,2590,STEERING RACK O/F - SEG-B,Mechanical
STEERING RACK O/F,998729,0,5000,,9,9,0,STEERING SYSTEM,STEERING RACK O/F,SEG-D,5900,STEERING RACK O/F - SEG-D,Mechanical
STEERING RACK O/F,998729,0,5491.53,,9,9,0,STEERING SYSTEM,STEERING RACK O/F,SEG-F,6480,STEERING RACK O/F - SEG-F,Mechanical
STEERING RACK O/F,998729,0,5754.24,,9,9,0,STEERING SYSTEM,STEERING RACK O/F,SEG-P1,6790,STEERING RACK O/F - SEG-P1,Mechanical
STEERING RACK O/F,998729,0,6703.39,,9,9,0,STEERING SYSTEM,STEERING RACK O/F,SEG-P2,7910,STEERING RACK O/F - SEG-P2,Mechanical
STEERING RACK O/F,998729,0,8525.42,,9,9,0,STEERING SYSTEM,STEERING RACK O/F,SEG-P3,10060,STEERING RACK O/F - SEG-P3,Mechanical
STEERING RACK O/F,998729,0,2194.92,,9,9,0,STEERING SYSTEM,STEERING RACK O/F,SEG-C,2590,STEERING RACK O/F - SEG-C,Mechanical
STEERING RACK O/F,998729,0,3593.22,,9,9,0,STEERING SYSTEM,STEERING RACK O/F,SEG-E,4240,STEERING RACK O/F - SEG-E,Mechanical
STEERING RACK O/F,998729,0,12186.44,,9,9,0,STEERING SYSTEM,STEERING RACK O/F,SEG-P4,14380,STEERING RACK O/F - SEG-P4,Mechanical
STEERING REPAIR,998714,0,5754.24,,9,9,0,STEERING SYSTEM,STEERING REPAIR,SEG-P1,6790,STEERING REPAIR - SEG-P1,Mechanical
STEERING REPAIR KIT O/F,998729,0,1440.68,,9,9,0,STEERING SYSTEM,STEERING RACK O/F,SEG-P2,1700,STEERING REPAIR KIT O/F - SEG-P2,Mechanical
STEERING ROLLER BUTTON REPAIR,998729,1,2175,,9,9,0,ELECTRICAL,COMBINATION SWITCH O/F,,2566.5,STEERING ROLLER BUTTON REPAIR - ,Mechanical
STEERING SERVICE,998714,1,4855.93,,9,9,0,STEERING SYSTEM,STEERING O/H,SEG-P2,5730,STEERING SERVICE - SEG-P2,Mechanical
STEERING TIE ROD REPLACE FR,998729,0,1440.68,,9,9,0,STEERING SYSTEM,TIE ROD END O/F,MCB-C-CLASS,1700,STEERING TIE ROD REPLACE FR - MCB-C-CLASS,Mechanical
STEERING WHEEL O/F,998729,0,932.2,,9,9,0,STEERING SYSTEM,STEERING WHEEL,SEG-P1,1100,STEERING WHEEL O/F - SEG-P1,Mechanical
STEERING WHEEL PADDING,998729,1,2449.15,,9,9,0,UPHOLSTERY,STEERING WHEEL PADDING,SEG-D,2890,STEERING WHEEL PADDING - SEG-D,Mechanical
STEERING WIRING CHECK,998729,0,2228.81,,9,9,0,ELECTRICAL,WIRING REPAIR,,2630,STEERING WIRING CHECK - ,Mechanical
STEERING WIRING REPAIR,998729,0,6703.39,,9,9,0,ELECTRICAL,WIRING REPAIR,SEG-P1,7910,STEERING WIRING REPAIR - SEG-P1,Mechanical
STEREO SYSTEM CALIBRATION,998729,0,10067.8,,9,9,0,ACCESSORIES,MUSIC PLAYER,,11880,STEREO SYSTEM CALIBRATION - ,Accessories
STEREO SYSTEM INSTALLATION,998729,0,5754.24,,9,9,0,ELECTRICAL,MUSIC SYSTEM FITTING,SEG-P1,6790,STEREO SYSTEM INSTALLATION - SEG-P1,Mechanical
STEREO SYSTEM O/F,998729,0,1084.75,,9,9,0,ELECTRICAL,MUSIC SYSTEM FITTING,SEG-C,1280,STEREO SYSTEM O/F - SEG-C,Mechanical
STEREO SYSTEM REPAIR,998729,0,2991.53,,9,9,0,ELECTRICAL,WIRING REPAIR,SEG-D,3530,STEREO SYSTEM REPAIR - SEG-D,Mechanical
STEREO WIRING REMOVING,998729,0,720.34,,9,9,0,ELECTRICAL,WIRING REPAIR,SEG-C,850,STEREO WIRING REMOVING - SEG-C,Mechanical
STICKER O/F ,998729,0,169.49,,9,9,0,ACCESSORIES,STICKER WORK,SEG-B,200,STICKER O/F  - SEG-B,Accessories
STICKER WORK,998729,1,720.34,,9,9,0,BODY PARTS,STICKER WORK,COMMON,850,STICKER WORK - COMMON,Bodyshop
STOPPER BOLT O/F,998729,0,372.88,,9,9,0,SUSPENSION,LOWER ARM BOLT,SEG-F,440,STOPPER BOLT O/F - SEG-F,Mechanical
STRG. BALL JOINT O/F FR BH,998729,0,728.81,,9,9,0,STEERING SYSTEM,STEERING BALL JOINT,SEG-A,860,STRG. BALL JOINT O/F FR BH - SEG-A,Mechanical
STRG. BALL JOINT O/F FR BH,998729,0,855.93,,9,9,0,STEERING SYSTEM,STEERING BALL JOINT,SEG-B,1010,STRG. BALL JOINT O/F FR BH - SEG-B,Mechanical
STRG. BALL JOINT O/F FR BH,998729,0,855.93,,9,9,0,STEERING SYSTEM,STEERING BALL JOINT,SEG-C,1010,STRG. BALL JOINT O/F FR BH - SEG-C,Mechanical
STRG. BALL JOINT O/F FR BH,998729,0,1466.1,,9,9,0,STEERING SYSTEM,STEERING BALL JOINT,SEG-D,1730,STRG. BALL JOINT O/F FR BH - SEG-D,Mechanical
STRG. BALL JOINT O/F FR BH,998729,0,1466.1,,9,9,0,STEERING SYSTEM,STEERING BALL JOINT,SEG-F,1730,STRG. BALL JOINT O/F FR BH - SEG-F,Mechanical
STRG. BALL JOINT O/F FR BH,998729,0,2194.92,,9,9,0,STEERING SYSTEM,STEERING BALL JOINT,SEG-P1,2590,STRG. BALL JOINT O/F FR BH - SEG-P1,Mechanical
STRG. BALL JOINT O/F FR BH,998729,0,2923.73,,9,9,0,STEERING SYSTEM,STEERING BALL JOINT,SEG-P2,3450,STRG. BALL JOINT O/F FR BH - SEG-P2,Mechanical
STRG. BALL JOINT O/F FR BH,998729,0,3652.54,,9,9,0,STEERING SYSTEM,STEERING BALL JOINT,SEG-P3,4310,STRG. BALL JOINT O/F FR BH - SEG-P3,Mechanical
STRG. BALL JOINT O/F FR BH,998729,0,1466.1,,9,9,0,STEERING SYSTEM,STEERING BALL JOINT,SEG-E,1730,STRG. BALL JOINT O/F FR BH - SEG-E,Mechanical
STRG. BALL JOINT O/F FR BH,998729,0,4389.83,,9,9,0,STEERING SYSTEM,STEERING BALL JOINT,SEG-P4,5180,STRG. BALL JOINT O/F FR BH - SEG-P4,Mechanical
STRUT ASSY O/F FR BH,998729,0,6093.22,,9,9,0,SUSPENSION,STRUT O/F,SEG-P1,7190,STRUT ASSY O/F FR BH - SEG-P1,Mechanical
STRUT ASSY O/F FR BH,998729,0,1703.39,,9,9,0,SUSPENSION,STRUT O/F,SEG-E,2010,STRUT ASSY O/F FR BH - SEG-E,Mechanical
STRUT ASSY O/F FR BH,998729,0,1347.46,,9,9,0,SUSPENSION,STRUT O/F,SEG-A,1590,STRUT ASSY O/F FR BH - SEG-A,Mechanical
STRUT ASSY O/F FR BH,998729,0,1347.46,,9,9,0,SUSPENSION,STRUT O/F,SEG-B,1590,STRUT ASSY O/F FR BH - SEG-B,Mechanical
STRUT ASSY O/F FR BH,998729,0,1703.39,,9,9,0,SUSPENSION,STRUT O/F,SEG-C,2010,STRUT ASSY O/F FR BH - SEG-C,Mechanical
STRUT ASSY O/F FR BH,998729,0,2322.03,,9,9,0,SUSPENSION,STRUT O/F,SEG-D,2740,STRUT ASSY O/F FR BH - SEG-D,Mechanical
STRUT ASSY O/F FR BH,998729,0,3050.85,,9,9,0,SUSPENSION,STRUT O/F,SEG-F,3600,STRUT ASSY O/F FR BH - SEG-F,Mechanical
STRUT ASSY O/F FR BH,998729,0,7313.56,,9,9,0,SUSPENSION,STRUT O/F,SEG-P2,8630,STRUT ASSY O/F FR BH - SEG-P2,Mechanical
STRUT ASSY O/F FR BH,998729,0,12186.44,,9,9,0,SUSPENSION,STRUT O/F,SEG-P3,14380,STRUT ASSY O/F FR BH - SEG-P3,Mechanical
STRUT ASSY O/F FR BH,998729,0,17059.32,,9,9,0,SUSPENSION,STRUT O/F,SEG-P4,20130,STRUT ASSY O/F FR BH - SEG-P4,Mechanical
STRUT ASSY O/F FR LH,998729,0,669.49,,9,9,0,SUSPENSION,STRUT O/F,SEG-A,790,STRUT ASSY O/F FR LH - SEG-A,Mechanical
STRUT ASSY O/F FR LH,998729,0,669.49,,9,9,0,SUSPENSION,STRUT O/F,SEG-B,790,STRUT ASSY O/F FR LH - SEG-B,Mechanical
STRUT ASSY O/F FR LH,998729,0,855.93,,9,9,0,SUSPENSION,STRUT O/F,SEG-C,1010,STRUT ASSY O/F FR LH - SEG-C,Mechanical
STRUT ASSY O/F FR LH,998729,0,1152.54,,9,9,0,SUSPENSION,STRUT O/F,SEG-D,1360,STRUT ASSY O/F FR LH - SEG-D,Mechanical
STRUT ASSY O/F FR LH,998729,0,1525.42,,9,9,0,SUSPENSION,STRUT O/F,SEG-F,1800,STRUT ASSY O/F FR LH - SEG-F,Mechanical
STRUT ASSY O/F FR LH,998729,0,3050.85,,9,9,0,SUSPENSION,STRUT O/F,SEG-P1,3600,STRUT ASSY O/F FR LH - SEG-P1,Mechanical
STRUT ASSY O/F FR LH,998729,0,3652.54,,9,9,0,SUSPENSION,STRUT O/F,SEG-P2,4310,STRUT ASSY O/F FR LH - SEG-P2,Mechanical
STRUT ASSY O/F FR LH,998729,0,6093.22,,9,9,0,SUSPENSION,STRUT O/F,SEG-P3,7190,STRUT ASSY O/F FR LH - SEG-P3,Mechanical
STRUT ASSY O/F FR LH,998729,0,855.93,,9,9,0,SUSPENSION,STRUT O/F,SEG-E,1010,STRUT ASSY O/F FR LH - SEG-E,Mechanical
STRUT ASSY O/F FR LH,998729,0,8525.42,,9,9,0,SUSPENSION,STRUT O/F,SEG-P4,10060,STRUT ASSY O/F FR LH - SEG-P4,Mechanical
STRUT ASSY O/F FR RH,998729,0,8525.42,,9,9,0,SUSPENSION,STRUT O/F,SEG-P4,10060,STRUT ASSY O/F FR RH - SEG-P4,Mechanical
STRUT ASSY O/F FR RH,998729,0,855.93,,9,9,0,SUSPENSION,STRUT O/F,SEG-E,1010,STRUT ASSY O/F FR RH - SEG-E,Mechanical
STRUT ASSY O/F FR RH,998729,0,669.49,,9,9,0,SUSPENSION,STRUT O/F,SEG-A,790,STRUT ASSY O/F FR RH - SEG-A,Mechanical
STRUT ASSY O/F FR RH,998729,0,669.49,,9,9,0,SUSPENSION,STRUT O/F,SEG-B,790,STRUT ASSY O/F FR RH - SEG-B,Mechanical
STRUT ASSY O/F FR RH,998729,0,855.93,,9,9,0,SUSPENSION,STRUT O/F,SEG-C,1010,STRUT ASSY O/F FR RH - SEG-C,Mechanical
STRUT ASSY O/F FR RH,998729,0,1152.54,,9,9,0,SUSPENSION,STRUT O/F,SEG-D,1360,STRUT ASSY O/F FR RH - SEG-D,Mechanical
STRUT ASSY O/F FR RH,998729,0,1525.42,,9,9,0,SUSPENSION,STRUT O/F,SEG-D,1800,STRUT ASSY O/F FR RH - SEG-D,Mechanical
STRUT ASSY O/F FR RH,998729,0,3050.85,,9,9,0,SUSPENSION,STRUT O/F,SEG-P1,3600,STRUT ASSY O/F FR RH - SEG-P1,Mechanical
STRUT ASSY O/F FR RH,998729,0,3652.54,,9,9,0,SUSPENSION,STRUT O/F,SEG-P2,4310,STRUT ASSY O/F FR RH - SEG-P2,Mechanical
STRUT ASSY O/F FR RH,998729,0,6093.22,,9,9,0,SUSPENSION,STRUT O/F,SEG-P3,7190,STRUT ASSY O/F FR RH - SEG-P3,Mechanical
STRUT ASSY REPAIR FR LH,998729,1,7194.92,,9,9,0,SUSPENSION,STRUT,SEG-P1,8490,STRUT ASSY REPAIR FR LH - SEG-P1,Mechanical
STRUT BEARING O/F FR BH,998729,0,1347.46,,9,9,0,SUSPENSION,STRUT BEARING O/F,SEG-A,1590,STRUT BEARING O/F FR BH - SEG-A,Mechanical
STRUT BEARING O/F FR BH,998729,0,1347.46,,9,9,0,SUSPENSION,STRUT BEARING O/F,SEG-B,1590,STRUT BEARING O/F FR BH - SEG-B,Mechanical
STRUT BEARING O/F FR BH,998729,0,1703.39,,9,9,0,SUSPENSION,STRUT BEARING O/F,SEG-C,2010,STRUT BEARING O/F FR BH - SEG-C,Mechanical
STRUT BEARING O/F FR BH,998729,0,2322.03,,9,9,0,SUSPENSION,STRUT BEARING O/F,SEG-D,2740,STRUT BEARING O/F FR BH - SEG-D,Mechanical
STRUT BEARING O/F FR BH,998729,0,1703.39,,9,9,0,SUSPENSION,STRUT BEARING O/F,SEG-E,2010,STRUT BEARING O/F FR BH - SEG-E,Mechanical
STRUT BEARING O/F FR BH,998729,0,3050.85,,9,9,0,SUSPENSION,STRUT BEARING O/F,SEG-F,3600,STRUT BEARING O/F FR BH - SEG-F,Mechanical
STRUT BEARING O/F FR BH,998729,0,6093.22,,9,9,0,SUSPENSION,STRUT BEARING O/F,SEG-P1,7190,STRUT BEARING O/F FR BH - SEG-P1,Mechanical
STRUT BEARING O/F FR BH,998729,0,7313.56,,9,9,0,SUSPENSION,STRUT BEARING O/F,SEG-P2,8630,STRUT BEARING O/F FR BH - SEG-P2,Mechanical
STRUT BEARING O/F FR BH,998729,0,12186.44,,9,9,0,SUSPENSION,STRUT BEARING O/F,SEG-P3,14380,STRUT BEARING O/F FR BH - SEG-P3,Mechanical
STRUT BEARING O/F FR BH,998729,0,17059.32,,9,9,0,SUSPENSION,STRUT BEARING O/F,SEG-P4,20130,STRUT BEARING O/F FR BH - SEG-P4,Mechanical
STRUT BEARING O/F FR LH,998729,0,669.49,,9,9,0,SUSPENSION,STRUT BEARING O/F,SEG-A,790,STRUT BEARING O/F FR LH - SEG-A,Mechanical
STRUT BEARING O/F FR LH,998729,0,669.49,,9,9,0,SUSPENSION,STRUT BEARING O/F,SEG-B,790,STRUT BEARING O/F FR LH - SEG-B,Mechanical
STRUT BEARING O/F FR LH,998729,0,855.93,,9,9,0,SUSPENSION,STRUT BEARING O/F,SEG-C,1010,STRUT BEARING O/F FR LH - SEG-C,Mechanical
STRUT BEARING O/F FR LH,998729,0,1152.54,,9,9,0,SUSPENSION,STRUT BEARING O/F,SEG-D,1360,STRUT BEARING O/F FR LH - SEG-D,Mechanical
STRUT BEARING O/F FR LH,998729,0,855.93,,9,9,0,SUSPENSION,STRUT BEARING O/F,SEG-E,1010,STRUT BEARING O/F FR LH - SEG-E,Mechanical
STRUT BEARING O/F FR LH,998729,0,1525.42,,9,9,0,SUSPENSION,STRUT BEARING O/F,SEG-F,1800,STRUT BEARING O/F FR LH - SEG-F,Mechanical
STRUT BEARING O/F FR LH,998729,0,3050.85,,9,9,0,SUSPENSION,STRUT BEARING O/F,SEG-P1,3600,STRUT BEARING O/F FR LH - SEG-P1,Mechanical
STRUT BEARING O/F FR LH,998729,0,3652.54,,9,9,0,SUSPENSION,STRUT BEARING O/F,SEG-P2,4310,STRUT BEARING O/F FR LH - SEG-P2,Mechanical
STRUT BEARING O/F FR LH,998729,0,6093.22,,9,9,0,SUSPENSION,STRUT BEARING O/F,SEG-P3,7190,STRUT BEARING O/F FR LH - SEG-P3,Mechanical
STRUT BEARING O/F FR LH,998729,0,8525.42,,9,9,0,SUSPENSION,STRUT BEARING O/F,SEG-P4,10060,STRUT BEARING O/F FR LH - SEG-P4,Mechanical
STRUT BEARING O/F FR RH,998729,0,669.49,,9,9,0,SUSPENSION,STRUT BEARING O/F,SEG-A,790,STRUT BEARING O/F FR RH - SEG-A,Mechanical
STRUT BEARING O/F FR RH,998729,0,669.49,,9,9,0,SUSPENSION,STRUT BEARING O/F,SEG-B,790,STRUT BEARING O/F FR RH - SEG-B,Mechanical
STRUT BEARING O/F FR RH,998729,0,855.93,,9,9,0,SUSPENSION,STRUT BEARING O/F,SEG-C,1010,STRUT BEARING O/F FR RH - SEG-C,Mechanical
STRUT BEARING O/F FR RH,998729,0,1152.54,,9,9,0,SUSPENSION,STRUT BEARING O/F,SEG-D,1360,STRUT BEARING O/F FR RH - SEG-D,Mechanical
STRUT BEARING O/F FR RH,998729,0,855.93,,9,9,0,SUSPENSION,STRUT BEARING O/F,SEG-E,1010,STRUT BEARING O/F FR RH - SEG-E,Mechanical
STRUT BEARING O/F FR RH,998729,0,1525.42,,9,9,0,SUSPENSION,STRUT BEARING O/F,SEG-F,1800,STRUT BEARING O/F FR RH - SEG-F,Mechanical
STRUT BEARING O/F FR RH,998729,0,3050.85,,9,9,0,SUSPENSION,STRUT BEARING O/F,SEG-P1,3600,STRUT BEARING O/F FR RH - SEG-P1,Mechanical
STRUT BEARING O/F FR RH,998729,0,3652.54,,9,9,0,SUSPENSION,STRUT BEARING O/F,SEG-P2,4310,STRUT BEARING O/F FR RH - SEG-P2,Mechanical
STRUT BEARING O/F FR RH,998729,0,6093.22,,9,9,0,SUSPENSION,STRUT BEARING O/F,SEG-P3,7190,STRUT BEARING O/F FR RH - SEG-P3,Mechanical
STRUT BEARING O/F FR RH,998729,0,8525.42,,9,9,0,SUSPENSION,STRUT BEARING O/F,SEG-P4,10060,STRUT BEARING O/F FR RH - SEG-P4,Mechanical
STRUT KIT O/F FR BH,998729,0,1347.46,,9,9,0,SUSPENSION,STRUT KIT O/F,SEG-A,1590,STRUT KIT O/F FR BH - SEG-A,Mechanical
STRUT KIT O/F FR BH,998729,0,1347.46,,9,9,0,SUSPENSION,STRUT KIT O/F,SEG-B,1590,STRUT KIT O/F FR BH - SEG-B,Mechanical
STRUT KIT O/F FR BH,998729,0,1703.39,,9,9,0,SUSPENSION,STRUT KIT O/F,SEG-C,2010,STRUT KIT O/F FR BH - SEG-C,Mechanical
STRUT KIT O/F FR BH,998729,0,2322.03,,9,9,0,SUSPENSION,STRUT KIT O/F,SEG-D,2740,STRUT KIT O/F FR BH - SEG-D,Mechanical
STRUT KIT O/F FR BH,998729,0,1703.39,,9,9,0,SUSPENSION,STRUT KIT O/F,SEG-E,2010,STRUT KIT O/F FR BH - SEG-E,Mechanical
STRUT KIT O/F FR BH,998729,0,3050.85,,9,9,0,SUSPENSION,STRUT KIT O/F,SEG-F,3600,STRUT KIT O/F FR BH - SEG-F,Mechanical
STRUT KIT O/F FR BH,998729,0,6093.22,,9,9,0,SUSPENSION,STRUT KIT O/F,SEG-P1,7190,STRUT KIT O/F FR BH - SEG-P1,Mechanical
STRUT KIT O/F FR BH,998729,0,7313.56,,9,9,0,SUSPENSION,STRUT KIT O/F,SEG-P2,8630,STRUT KIT O/F FR BH - SEG-P2,Mechanical
STRUT KIT O/F FR BH,998729,0,12186.44,,9,9,0,SUSPENSION,STRUT KIT O/F,SEG-P3,14380,STRUT KIT O/F FR BH - SEG-P3,Mechanical
STRUT KIT O/F FR BH,998729,0,17059.32,,9,9,0,SUSPENSION,STRUT KIT O/F,SEG-P4,20130,STRUT KIT O/F FR BH - SEG-P4,Mechanical
STRUT KIT O/F FR LH,998729,0,669.49,,9,9,0,SUSPENSION,STRUT KIT O/F,SEG-A,790,STRUT KIT O/F FR LH - SEG-A,Mechanical
STRUT KIT O/F FR LH,998729,0,669.49,,9,9,0,SUSPENSION,STRUT KIT O/F,SEG-B,790,STRUT KIT O/F FR LH - SEG-B,Mechanical
STRUT KIT O/F FR LH,998729,0,855.93,,9,9,0,SUSPENSION,STRUT KIT O/F,SEG-C,1010,STRUT KIT O/F FR LH - SEG-C,Mechanical
STRUT KIT O/F FR LH,998729,0,1152.54,,9,9,0,SUSPENSION,STRUT KIT O/F,SEG-D,1360,STRUT KIT O/F FR LH - SEG-D,Mechanical
STRUT KIT O/F FR LH,998729,0,855.93,,9,9,0,SUSPENSION,STRUT KIT O/F,SEG-E,1010,STRUT KIT O/F FR LH - SEG-E,Mechanical
STRUT KIT O/F FR LH,998729,0,1525.42,,9,9,0,SUSPENSION,STRUT KIT O/F,SEG-F,1800,STRUT KIT O/F FR LH - SEG-F,Mechanical
STRUT KIT O/F FR LH,998729,0,3050.85,,9,9,0,SUSPENSION,STRUT KIT O/F,SEG-P1,3600,STRUT KIT O/F FR LH - SEG-P1,Mechanical
STRUT KIT O/F FR LH,998729,0,3652.54,,9,9,0,SUSPENSION,STRUT KIT O/F,SEG-P2,4310,STRUT KIT O/F FR LH - SEG-P2,Mechanical
STRUT KIT O/F FR LH,998729,0,6093.22,,9,9,0,SUSPENSION,STRUT KIT O/F,SEG-P3,7190,STRUT KIT O/F FR LH - SEG-P3,Mechanical
STRUT KIT O/F FR LH,998729,0,8525.42,,9,9,0,SUSPENSION,STRUT KIT O/F,SEG-P4,10060,STRUT KIT O/F FR LH - SEG-P4,Mechanical
STRUT KIT O/F FR RH,998729,0,669.49,,9,9,0,SUSPENSION,STRUT KIT O/F,SEG-A,790,STRUT KIT O/F FR RH - SEG-A,Mechanical
STRUT KIT O/F FR RH,998729,0,669.49,,9,9,0,SUSPENSION,STRUT KIT O/F,SEG-B,790,STRUT KIT O/F FR RH - SEG-B,Mechanical
STRUT KIT O/F FR RH,998729,0,855.93,,9,9,0,SUSPENSION,STRUT KIT O/F,SEG-C,1010,STRUT KIT O/F FR RH - SEG-C,Mechanical
STRUT KIT O/F FR RH,998729,0,1152.54,,9,9,0,SUSPENSION,STRUT KIT O/F,SEG-D,1360,STRUT KIT O/F FR RH - SEG-D,Mechanical
STRUT KIT O/F FR RH,998729,0,855.93,,9,9,0,SUSPENSION,STRUT KIT O/F,SEG-E,1010,STRUT KIT O/F FR RH - SEG-E,Mechanical
STRUT KIT O/F FR RH,998729,0,1525.42,,9,9,0,SUSPENSION,STRUT KIT O/F,SEG-F,1800,STRUT KIT O/F FR RH - SEG-F,Mechanical
STRUT KIT O/F FR RH,998729,0,3050.85,,9,9,0,SUSPENSION,STRUT KIT O/F,SEG-P1,3600,STRUT KIT O/F FR RH - SEG-P1,Mechanical
STRUT KIT O/F FR RH,998729,0,3652.54,,9,9,0,SUSPENSION,STRUT KIT O/F,SEG-P2,4310,STRUT KIT O/F FR RH - SEG-P2,Mechanical
STRUT KIT O/F FR RH,998729,0,6093.22,,9,9,0,SUSPENSION,STRUT KIT O/F,SEG-P3,7190,STRUT KIT O/F FR RH - SEG-P3,Mechanical
STRUT KIT O/F FR RH,998729,0,8525.42,,9,9,0,SUSPENSION,STRUT KIT O/F,SEG-P4,10060,STRUT KIT O/F FR RH - SEG-P4,Mechanical
STRUT KIT O/F RR BH,998729,0,1949.15,,9,9,0,SUSPENSION,STRUT KIT O/F,SEG-D,2300,STRUT KIT O/F RR BH - SEG-D,Mechanical
STRUT KIT O/F RR BH,998729,0,1466.1,,9,9,0,SUSPENSION,STRUT KIT O/F,SEG-E,1730,STRUT KIT O/F RR BH - SEG-E,Mechanical
STRUT KIT O/F RR BH,998729,0,2567.8,,9,9,0,SUSPENSION,STRUT KIT O/F,SEG-F,3030,STRUT KIT O/F RR BH - SEG-F,Mechanical
STRUT KIT O/F RR BH,998729,0,4025.42,,9,9,0,SUSPENSION,STRUT KIT O/F,SEG-P1,4750,STRUT KIT O/F RR BH - SEG-P1,Mechanical
STRUT KIT O/F RR BH,998729,0,4872.88,,9,9,0,SUSPENSION,STRUT KIT O/F,SEG-P2,5750,STRUT KIT O/F RR BH - SEG-P2,Mechanical
STRUT KIT O/F RR BH,998729,0,6093.22,,9,9,0,SUSPENSION,STRUT KIT O/F,SEG-P3,7190,STRUT KIT O/F RR BH - SEG-P3,Mechanical
STRUT KIT O/F RR BH,998729,0,7313.56,,9,9,0,SUSPENSION,STRUT KIT O/F,SEG-P4,8630,STRUT KIT O/F RR BH - SEG-P4,Mechanical
STRUT KIT O/F RR LH,998729,0,974.58,,9,9,0,SUSPENSION,STRUT KIT O/F,SEG-D,1150,STRUT KIT O/F RR LH - SEG-D,Mechanical
STRUT KIT O/F RR LH,998729,0,728.81,,9,9,0,SUSPENSION,STRUT KIT O/F,SEG-E,860,STRUT KIT O/F RR LH - SEG-E,Mechanical
STRUT KIT O/F RR LH,998729,0,1279.66,,9,9,0,SUSPENSION,STRUT KIT O/F,SEG-F,1510,STRUT KIT O/F RR LH - SEG-F,Mechanical
STRUT KIT O/F RR LH,998729,0,2016.95,,9,9,0,SUSPENSION,STRUT KIT O/F,SEG-P1,2380,STRUT KIT O/F RR LH - SEG-P1,Mechanical
STRUT KIT O/F RR LH,998729,0,2440.68,,9,9,0,SUSPENSION,STRUT KIT O/F,SEG-P2,2880,STRUT KIT O/F RR LH - SEG-P2,Mechanical
STRUT KIT O/F RR LH,998729,0,3050.85,,9,9,0,SUSPENSION,STRUT KIT O/F,SEG-P3,3600,STRUT KIT O/F RR LH - SEG-P3,Mechanical
STRUT KIT O/F RR LH,998729,0,3652.54,,9,9,0,SUSPENSION,STRUT KIT O/F,SEG-P4,4310,STRUT KIT O/F RR LH - SEG-P4,Mechanical
STRUT KIT O/F RR RH,998729,0,974.58,,9,9,0,SUSPENSION,STRUT KIT O/F,SEG-D,1150,STRUT KIT O/F RR RH - SEG-D,Mechanical
STRUT KIT O/F RR RH,998729,0,728.81,,9,9,0,SUSPENSION,STRUT KIT O/F,SEG-E,860,STRUT KIT O/F RR RH - SEG-E,Mechanical
STRUT KIT O/F RR RH,998729,0,1279.66,,9,9,0,SUSPENSION,STRUT KIT O/F,SEG-F,1510,STRUT KIT O/F RR RH - SEG-F,Mechanical
STRUT KIT O/F RR RH,998729,0,2016.95,,9,9,0,SUSPENSION,STRUT KIT O/F,SEG-P1,2380,STRUT KIT O/F RR RH - SEG-P1,Mechanical
STRUT KIT O/F RR RH,998729,0,2440.68,,9,9,0,SUSPENSION,STRUT KIT O/F,SEG-P2,2880,STRUT KIT O/F RR RH - SEG-P2,Mechanical
STRUT KIT O/F RR RH,998729,0,3050.85,,9,9,0,SUSPENSION,STRUT KIT O/F,SEG-P3,3600,STRUT KIT O/F RR RH - SEG-P3,Mechanical
STRUT KIT O/F RR RH,998729,0,3652.54,,9,9,0,SUSPENSION,STRUT KIT O/F,SEG-P4,4310,STRUT KIT O/F RR RH - SEG-P4,Mechanical
STRUT MOUNT O/F FR BH,998729,0,17059.32,,9,9,0,SUSPENSION,STRUT MOUNT O/F,SEG-P4,20130,STRUT MOUNT O/F FR BH - SEG-P4,Mechanical
STRUT MOUNT O/F FR BH,998729,0,1703.39,,9,9,0,SUSPENSION,STRUT MOUNT O/F,SEG-E,2010,STRUT MOUNT O/F FR BH - SEG-E,Mechanical
STRUT MOUNT O/F FR BH,998729,0,1347.46,,9,9,0,SUSPENSION,STRUT MOUNT O/F,SEG-A,1590,STRUT MOUNT O/F FR BH - SEG-A,Mechanical
STRUT MOUNT O/F FR BH,998729,0,1347.46,,9,9,0,SUSPENSION,STRUT MOUNT O/F,SEG-B,1590,STRUT MOUNT O/F FR BH - SEG-B,Mechanical
STRUT MOUNT O/F FR BH,998729,0,1703.39,,9,9,0,SUSPENSION,STRUT MOUNT O/F,SEG-C,2010,STRUT MOUNT O/F FR BH - SEG-C,Mechanical
STRUT MOUNT O/F FR BH,998729,0,2322.03,,9,9,0,SUSPENSION,STRUT MOUNT O/F,SEG-D,2740,STRUT MOUNT O/F FR BH - SEG-D,Mechanical
STRUT MOUNT O/F FR BH,998729,0,3050.85,,9,9,0,SUSPENSION,STRUT MOUNT O/F,SEG-F,3600,STRUT MOUNT O/F FR BH - SEG-F,Mechanical
STRUT MOUNT O/F FR BH,998729,0,6093.22,,9,9,0,SUSPENSION,STRUT MOUNT O/F,SEG-P1,7190,STRUT MOUNT O/F FR BH - SEG-P1,Mechanical
STRUT MOUNT O/F FR BH,998729,0,7313.56,,9,9,0,SUSPENSION,STRUT MOUNT O/F,SEG-P2,8630,STRUT MOUNT O/F FR BH - SEG-P2,Mechanical
STRUT MOUNT O/F FR BH,998729,0,12186.44,,9,9,0,SUSPENSION,STRUT MOUNT O/F,SEG-P3,14380,STRUT MOUNT O/F FR BH - SEG-P3,Mechanical
STRUT MOUNT O/F FR LH,998729,0,669.49,,9,9,0,SUSPENSION,STRUT MOUNT O/F,SEG-A,790,STRUT MOUNT O/F FR LH - SEG-A,Mechanical
STRUT MOUNT O/F FR LH,998729,0,669.49,,9,9,0,SUSPENSION,STRUT MOUNT O/F,SEG-B,790,STRUT MOUNT O/F FR LH - SEG-B,Mechanical
STRUT MOUNT O/F FR LH,998729,0,855.93,,9,9,0,SUSPENSION,STRUT MOUNT O/F,SEG-C,1010,STRUT MOUNT O/F FR LH - SEG-C,Mechanical
STRUT MOUNT O/F FR LH,998729,0,1152.54,,9,9,0,SUSPENSION,STRUT MOUNT O/F,SEG-D,1360,STRUT MOUNT O/F FR LH - SEG-D,Mechanical
STRUT MOUNT O/F FR LH,998729,0,1525.42,,9,9,0,SUSPENSION,STRUT MOUNT O/F,SEG-F,1800,STRUT MOUNT O/F FR LH - SEG-F,Mechanical
STRUT MOUNT O/F FR LH,998729,0,3050.85,,9,9,0,SUSPENSION,STRUT MOUNT O/F,SEG-P1,3600,STRUT MOUNT O/F FR LH - SEG-P1,Mechanical
STRUT MOUNT O/F FR LH,998729,0,3652.54,,9,9,0,SUSPENSION,STRUT MOUNT O/F,SEG-P2,4310,STRUT MOUNT O/F FR LH - SEG-P2,Mechanical
STRUT MOUNT O/F FR LH,998729,0,6093.22,,9,9,0,SUSPENSION,STRUT MOUNT O/F,SEG-P3,7190,STRUT MOUNT O/F FR LH - SEG-P3,Mechanical
STRUT MOUNT O/F FR LH,998729,0,855.93,,9,9,0,SUSPENSION,STRUT MOUNT O/F,SEG-E,1010,STRUT MOUNT O/F FR LH - SEG-E,Mechanical
STRUT MOUNT O/F FR LH,998729,0,8525.42,,9,9,0,SUSPENSION,STRUT MOUNT O/F,SEG-P4,10060,STRUT MOUNT O/F FR LH - SEG-P4,Mechanical
STRUT MOUNT O/F FR RH,998729,0,855.93,,9,9,0,SUSPENSION,STRUT MOUNT O/F,SEG-E,1010,STRUT MOUNT O/F FR RH - SEG-E,Mechanical
STRUT MOUNT O/F FR RH,998729,0,8525.42,,9,9,0,SUSPENSION,STRUT MOUNT O/F,SEG-P4,10060,STRUT MOUNT O/F FR RH - SEG-P4,Mechanical
STRUT MOUNT O/F FR RH,998729,0,669.49,,9,9,0,SUSPENSION,STRUT MOUNT O/F,SEG-A,790,STRUT MOUNT O/F FR RH - SEG-A,Mechanical
STRUT MOUNT O/F FR RH,998729,0,669.49,,9,9,0,SUSPENSION,STRUT MOUNT O/F,SEG-B,790,STRUT MOUNT O/F FR RH - SEG-B,Mechanical
STRUT MOUNT O/F FR RH,998729,0,855.93,,9,9,0,SUSPENSION,STRUT MOUNT O/F,SEG-C,1010,STRUT MOUNT O/F FR RH - SEG-C,Mechanical
STRUT MOUNT O/F FR RH,998729,0,1152.54,,9,9,0,SUSPENSION,STRUT MOUNT O/F,SEG-D,1360,STRUT MOUNT O/F FR RH - SEG-D,Mechanical
STRUT MOUNT O/F FR RH,998729,0,1525.42,,9,9,0,SUSPENSION,STRUT MOUNT O/F,SEG-F,1800,STRUT MOUNT O/F FR RH - SEG-F,Mechanical
STRUT MOUNT O/F FR RH,998729,0,3050.85,,9,9,0,SUSPENSION,STRUT MOUNT O/F,SEG-P1,3600,STRUT MOUNT O/F FR RH - SEG-P1,Mechanical
STRUT MOUNT O/F FR RH,998729,0,3652.54,,9,9,0,SUSPENSION,STRUT MOUNT O/F,SEG-P2,4310,STRUT MOUNT O/F FR RH - SEG-P2,Mechanical
STRUT MOUNT O/F FR RH,998729,0,6093.22,,9,9,0,SUSPENSION,STRUT MOUNT O/F,SEG-P3,7190,STRUT MOUNT O/F FR RH - SEG-P3,Mechanical
STRUT MOUNT O/F RR BH,998729,0,1466.1,,9,9,0,SUSPENSION,STRUT MOUNT O/F,SEG-E,1730,STRUT MOUNT O/F RR BH - SEG-E,Mechanical
STRUT MOUNT O/F RR BH,998729,0,2567.8,,9,9,0,SUSPENSION,STRUT MOUNT O/F,SEG-F,3030,STRUT MOUNT O/F RR BH - SEG-F,Mechanical
STRUT MOUNT O/F RR BH,998729,0,4025.42,,9,9,0,SUSPENSION,STRUT MOUNT O/F,SEG-P1,4750,STRUT MOUNT O/F RR BH - SEG-P1,Mechanical
STRUT MOUNT O/F RR BH,998729,0,4872.88,,9,9,0,SUSPENSION,STRUT MOUNT O/F,SEG-P2,5750,STRUT MOUNT O/F RR BH - SEG-P2,Mechanical
STRUT MOUNT O/F RR BH,998729,0,6093.22,,9,9,0,SUSPENSION,STRUT MOUNT O/F,SEG-P3,7190,STRUT MOUNT O/F RR BH - SEG-P3,Mechanical
STRUT MOUNT O/F RR BH,998729,0,7313.56,,9,9,0,SUSPENSION,STRUT MOUNT O/F,SEG-P4,8630,STRUT MOUNT O/F RR BH - SEG-P4,Mechanical
STRUT MOUNT O/F RR BH,998729,0,1949.15,,9,9,0,SUSPENSION,STRUT MOUNT O/F,SEG-D,2300,STRUT MOUNT O/F RR BH - SEG-D,Mechanical
SUB MIRROR PLATE O/F LH,998729,0,211.86,,9,9,0,BODY PARTS,SUB MIRROR PLATE,COMMON,250,SUB MIRROR PLATE O/F LH - COMMON,Bodyshop
SUB MIRROR PLATE O/F RH,998729,0,211.86,,9,9,0,BODY PARTS,SUB MIRROR PLATE,COMMON,250,SUB MIRROR PLATE O/F RH - COMMON,Bodyshop
SUN ROOF CALIBRATION,998729,0,1872.88,,9,9,0,SCANNING SERVICE,CALIBRATION,SEG-F,2210,SUN ROOF CALIBRATION - SEG-F,Mechanical
SUN ROOF HYDRAULIC CYLINDER O/F,998729,1,5754.24,,9,9,0,UPHOLSTERY,ROOF PADDING,SEG-P3,6790,SUN ROOF HYDRAULIC CYLINDER O/F - SEG-P3,Mechanical
SUN ROOF MOTOR O/F,998729,1,8627.12,,9,9,0,ELECTRICAL,WIRING REPAIR,SEG-P1,10180,SUN ROOF MOTOR O/F - SEG-P1,Mechanical
SUN ROOF MOTOR REPAIR,998729,1,16822.03,,9,9,0,ELECTRICAL,WIRING REPAIR,SEG-P3,19850,SUN ROOF MOTOR REPAIR - SEG-P3,Mechanical
SUN ROOF O/F & REPAIR,998729,1,10067.8,,9,9,0,UPHOLSTERY,ROOF PADDING,SEG-P2,11880,SUN ROOF O/F & REPAIR - SEG-P2,Bodyshop
SUN ROOF PADDING,998729,1,7483.05,,9,9,0,UPHOLSTERY,ROOF PADDING,SEG-P2,8830,SUN ROOF PADDING - SEG-P2,Mechanical
SUN ROOF PADDING,998729,1,19618.64,,9,9,0,UPHOLSTERY,ROOF PADDING,SEG-D,23150,SUN ROOF PADDING - SEG-D,Mechanical
SUN ROOF REPAIR,998729,1,12152.54,,9,9,0,UPHOLSTERY,ROOF PADDING,SEG-P1,14340,SUN ROOF REPAIR - SEG-P1,Mechanical
SUN ROOF SERVICE,998729,1,1872.88,,9,9,0,BODY PARTS,ROOF LINING,,2210,SUN ROOF SERVICE - ,Bodyshop
SUN VISOR SET REPAIR,998729,1,2661.02,,9,9,0,ACCESSORIES,SUN VISOR,SEG-F,3140,SUN VISOR SET REPAIR - SEG-F,Accessories
SUPER WASH,998729,1,1610.17,,9,9,0,CAR CARE,WASHING & CLEANING,COMMON,1900,SUPER WASH - COMMON,Value Addition
SUPPORT ARM O/F RR,998729,0,1400,,9,9,0,SUSPENSION,SUSP. ARM O/F,,1652,SUPPORT ARM O/F RR - ,Mechanical
SUSP ARM GREASSING FR,998729,0,245.76,,9,9,0,SUSPENSION,LOWER ARM,SEG-C,290,SUSP ARM GREASSING FR - SEG-C,Mechanical
SUSP ARM O/F FR BH,998729,0,2872.88,,9,9,0,SUSPENSION,LOWER ARM,SEG-P1,3390,SUSP ARM O/F FR BH - SEG-P1,Mechanical
SUSP ARM O/F FR BH,998729,0,2016.95,,9,9,0,SUSPENSION,LOWER ARM,SEG-SUV,2380,SUSP ARM O/F FR BH - SEG-SUV,Mechanical
SUSP ARM O/F FR BH,998729,0,5754.24,,9,9,0,SUSPENSION,LOWER ARM,SEG-P3,6790,SUSP ARM O/F FR BH - SEG-P3,Mechanical
SUSP ARM O/F FR BH,998729,0,932.2,,9,9,0,SUSPENSION,SUSP. ARM O/F,SEG-C,1100,SUSP ARM O/F FR BH - SEG-C,Mechanical
SUSP CROSSMEMBER O/F FR,998729,0,2161.02,,9,9,0,SUSPENSION,SUSPENSION CROSS O/F,SEG-B,2550,SUSP CROSSMEMBER O/F FR - SEG-B,Mechanical
SUSP CROSSMEMBER O/F FR,998729,0,2161.02,,9,9,0,SUSPENSION,SUSPENSION CROSS O/F,SEG-C,2550,SUSP CROSSMEMBER O/F FR - SEG-C,Mechanical
SUSP. ARM O/F FR BH,998729,0,1347.46,,9,9,0,SUSPENSION,SUSP. ARM O/F,SEG-A,1590,SUSP. ARM O/F FR BH - SEG-A,Mechanical
SUSP. ARM O/F FR BH,998729,0,1949.15,,9,9,0,SUSPENSION,SUSP. ARM O/F,SEG-B,2300,SUSP. ARM O/F FR BH - SEG-B,Mechanical
SUSP. ARM O/F FR BH,998729,0,1949.15,,9,9,0,SUSPENSION,SUSP. ARM O/F,SEG-C,2300,SUSP. ARM O/F FR BH - SEG-C,Mechanical
SUSP. ARM O/F FR BH,998729,0,2322.03,,9,9,0,SUSPENSION,SUSP. ARM O/F,SEG-D,2740,SUSP. ARM O/F FR BH - SEG-D,Mechanical
SUSP. ARM O/F FR BH,998729,0,2567.8,,9,9,0,SUSPENSION,SUSP. ARM O/F,SEG-F,3030,SUSP. ARM O/F FR BH - SEG-F,Mechanical
SUSP. ARM O/F FR BH,998729,0,2076.27,,9,9,0,SUSPENSION,SUSP. ARM O/F,SEG-E,2450,SUSP. ARM O/F FR BH - SEG-E,Mechanical
SUSP. ARM O/F FR BH UPR/LWR,998729,0,8525.42,,9,9,0,SUSPENSION,SUSP. ARM O/F,SEG-P4,10060,SUSP. ARM O/F FR BH UPR/LWR - SEG-P4,Mechanical
SUSP. ARM O/F FR BH UPR/LWR,998729,0,4754.24,,9,9,0,SUSPENSION,SUSP. ARM O/F,SEG-F,5610,SUSP. ARM O/F FR BH UPR/LWR - SEG-F,Mechanical
SUSP. ARM O/F FR BH UPR/LWR,998729,0,8042.37,,9,9,0,SUSPENSION,SUSP. ARM O/F,SEG-P1,9490,SUSP. ARM O/F FR BH UPR/LWR - SEG-P1,Mechanical
SUSP. ARM O/F FR BH UPR/LWR,998729,0,9016.95,,9,9,0,SUSPENSION,SUSP. ARM O/F,SEG-P2,10640,SUSP. ARM O/F FR BH UPR/LWR - SEG-P2,Mechanical
SUSP. ARM O/F FR BH UPR/LWR,998729,0,12915.25,,9,9,0,SUSPENSION,SUSP. ARM O/F,SEG-P3,15240,SUSP. ARM O/F FR BH UPR/LWR - SEG-P3,Mechanical
SUSP. ARM O/F FR LH,998729,0,669.49,,9,9,0,SUSPENSION,SUSP. ARM O/F,SEG-A,790,SUSP. ARM O/F FR LH - SEG-A,Mechanical
SUSP. ARM O/F FR LH,998729,0,974.58,,9,9,0,SUSPENSION,SUSP. ARM O/F,SEG-B,1150,SUSP. ARM O/F FR LH - SEG-B,Mechanical
SUSP. ARM O/F FR LH,998729,0,974.58,,9,9,0,SUSPENSION,SUSP. ARM O/F,SEG-C,1150,SUSP. ARM O/F FR LH - SEG-C,Mechanical
SUSP. ARM O/F FR LH,998729,0,1152.54,,9,9,0,SUSPENSION,SUSP. ARM O/F,SEG-D,1360,SUSP. ARM O/F FR LH - SEG-D,Mechanical
SUSP. ARM O/F FR LH,998729,0,1279.66,,9,9,0,SUSPENSION,SUSP. ARM O/F,SEG-F,1510,SUSP. ARM O/F FR LH - SEG-F,Mechanical
SUSP. ARM O/F FR LH,998729,0,1042.37,,9,9,0,SUSPENSION,SUSP. ARM O/F,SEG-E,1230,SUSP. ARM O/F FR LH - SEG-E,Mechanical
SUSP. ARM O/F FR LH LWR,998729,0,1279.66,,9,9,0,SUSPENSION,SUSP. ARM O/F,SEG-F,1510,SUSP. ARM O/F FR LH LWR - SEG-F,Mechanical
SUSP. ARM O/F FR LH LWR,998729,0,2194.92,,9,9,0,SUSPENSION,SUSP. ARM O/F,SEG-P1,2590,SUSP. ARM O/F FR LH LWR - SEG-P1,Mechanical
SUSP. ARM O/F FR LH LWR,998729,0,2440.68,,9,9,0,SUSPENSION,SUSP. ARM O/F,SEG-P2,2880,SUSP. ARM O/F FR LH LWR - SEG-P2,Mechanical
SUSP. ARM O/F FR LH LWR,998729,0,3652.54,,9,9,0,SUSPENSION,SUSP. ARM O/F,SEG-P3,4310,SUSP. ARM O/F FR LH LWR - SEG-P3,Mechanical
SUSP. ARM O/F FR LH LWR,998729,0,4872.88,,9,9,0,SUSPENSION,SUSP. ARM O/F,SEG-P4,5750,SUSP. ARM O/F FR LH LWR - SEG-P4,Mechanical
SUSP. ARM O/F FR LH UPR,998729,0,1101.7,,9,9,0,SUSPENSION,SUSP. ARM O/F,SEG-F,1300,SUSP. ARM O/F FR LH UPR - SEG-F,Mechanical
SUSP. ARM O/F FR LH UPR,998729,0,2805.09,,9,9,0,SUSPENSION,SUSP. ARM O/F,SEG-P3,3310,SUSP. ARM O/F FR LH UPR - SEG-P3,Mechanical
SUSP. ARM O/F FR LH UPR,998729,0,3652.54,,9,9,0,SUSPENSION,SUSP. ARM O/F,SEG-P4,4310,SUSP. ARM O/F FR LH UPR - SEG-P4,Mechanical
SUSP. ARM O/F FR LH UPR,998729,0,1830.51,,9,9,0,SUSPENSION,SUSP. ARM O/F,SEG-P1,2160,SUSP. ARM O/F FR LH UPR - SEG-P1,Mechanical
SUSP. ARM O/F FR LH UPR,998729,0,2076.27,,9,9,0,SUSPENSION,SUSP. ARM O/F,SEG-P2,2450,SUSP. ARM O/F FR LH UPR - SEG-P2,Mechanical
SUSP. ARM O/F FR LH UPR/LWR,998729,0,4025.42,,9,9,0,SUSPENSION,SUSP. ARM O/F,SEG-P1,4750,SUSP. ARM O/F FR LH UPR/LWR - SEG-P1,Mechanical
SUSP. ARM O/F FR LH UPR/LWR,998729,0,4516.95,,9,9,0,SUSPENSION,SUSP. ARM O/F,SEG-P2,5330,SUSP. ARM O/F FR LH UPR/LWR - SEG-P2,Mechanical
SUSP. ARM O/F FR LH UPR/LWR,998729,0,6466.1,,9,9,0,SUSPENSION,SUSP. ARM O/F,SEG-P3,7630,SUSP. ARM O/F FR LH UPR/LWR - SEG-P3,Mechanical
SUSP. ARM O/F FR LH UPR/LWR,998729,0,2372.88,,9,9,0,SUSPENSION,SUSP. ARM O/F,SEG-F,2800,SUSP. ARM O/F FR LH UPR/LWR - SEG-F,Mechanical
SUSP. ARM O/F FR LH UPR/LWR,998729,0,8525.42,,9,9,0,SUSPENSION,SUSP. ARM O/F,SEG-P4,10060,SUSP. ARM O/F FR LH UPR/LWR - SEG-P4,Mechanical
SUSP. ARM O/F FR RH,998729,0,669.49,,9,9,0,SUSPENSION,SUSP. ARM O/F,SEG-A,790,SUSP. ARM O/F FR RH - SEG-A,Mechanical
SUSP. ARM O/F FR RH,998729,0,974.58,,9,9,0,SUSPENSION,SUSP. ARM O/F,SEG-B,1150,SUSP. ARM O/F FR RH - SEG-B,Mechanical
SUSP. ARM O/F FR RH,998729,0,974.58,,9,9,0,SUSPENSION,SUSP. ARM O/F,SEG-C,1150,SUSP. ARM O/F FR RH - SEG-C,Mechanical
SUSP. ARM O/F FR RH,998729,0,1152.54,,9,9,0,SUSPENSION,SUSP. ARM O/F,SEG-D,1360,SUSP. ARM O/F FR RH - SEG-D,Mechanical
SUSP. ARM O/F FR RH,998729,0,1279.66,,9,9,0,SUSPENSION,SUSP. ARM O/F,SEG-F,1510,SUSP. ARM O/F FR RH - SEG-F,Mechanical
SUSP. ARM O/F FR RH,998729,0,1042.37,,9,9,0,SUSPENSION,SUSP. ARM O/F,SEG-E,1230,SUSP. ARM O/F FR RH - SEG-E,Mechanical
SUSP. ARM O/F FR RH LWR,998729,0,2440.68,,9,9,0,SUSPENSION,SUSP. ARM O/F,SEG-P2,2880,SUSP. ARM O/F FR RH LWR - SEG-P2,Mechanical
SUSP. ARM O/F FR RH LWR,998729,0,1279.66,,9,9,0,SUSPENSION,SUSP. ARM O/F,SEG-F,1510,SUSP. ARM O/F FR RH LWR - SEG-F,Mechanical
SUSP. ARM O/F FR RH LWR,998729,0,2194.92,,9,9,0,SUSPENSION,SUSP. ARM O/F,SEG-P1,2590,SUSP. ARM O/F FR RH LWR - SEG-P1,Mechanical
SUSP. ARM O/F FR RH LWR,998729,0,3652.54,,9,9,0,SUSPENSION,SUSP. ARM O/F,SEG-P3,4310,SUSP. ARM O/F FR RH LWR - SEG-P3,Mechanical
SUSP. ARM O/F FR RH LWR,998729,0,4872.88,,9,9,0,SUSPENSION,SUSP. ARM O/F,SEG-P4,5750,SUSP. ARM O/F FR RH LWR - SEG-P4,Mechanical
SUSP. ARM O/F FR RH UPR,998729,0,1101.7,,9,9,0,SUSPENSION,SUSP. ARM O/F,SEG-F,1300,SUSP. ARM O/F FR RH UPR - SEG-F,Mechanical
SUSP. ARM O/F FR RH UPR,998729,0,1830.51,,9,9,0,SUSPENSION,SUSP. ARM O/F,SEG-P1,2160,SUSP. ARM O/F FR RH UPR - SEG-P1,Mechanical
SUSP. ARM O/F FR RH UPR,998729,0,2076.27,,9,9,0,SUSPENSION,SUSP. ARM O/F,SEG-P2,2450,SUSP. ARM O/F FR RH UPR - SEG-P2,Mechanical
SUSP. ARM O/F FR RH UPR,998729,0,2805.09,,9,9,0,SUSPENSION,SUSP. ARM O/F,SEG-P3,3310,SUSP. ARM O/F FR RH UPR - SEG-P3,Mechanical
SUSP. ARM O/F FR RH UPR,998729,0,3652.54,,9,9,0,SUSPENSION,SUSP. ARM O/F,SEG-P4,4310,SUSP. ARM O/F FR RH UPR - SEG-P4,Mechanical
SUSP. ARM O/F FR RH UPR/LWR,998729,0,2372.88,,9,9,0,SUSPENSION,SUSP. ARM O/F,SEG-F,2800,SUSP. ARM O/F FR RH UPR/LWR - SEG-F,Mechanical
SUSP. ARM O/F FR RH UPR/LWR,998729,0,8525.42,,9,9,0,SUSPENSION,SUSP. ARM O/F,SEG-P4,10060,SUSP. ARM O/F FR RH UPR/LWR - SEG-P4,Mechanical
SUSP. ARM O/F FR RH UPR/LWR,998729,0,4025.42,,9,9,0,SUSPENSION,SUSP. ARM O/F,SEG-P1,4750,SUSP. ARM O/F FR RH UPR/LWR - SEG-P1,Mechanical
SUSP. ARM O/F FR RH UPR/LWR,998729,0,4516.95,,9,9,0,SUSPENSION,SUSP. ARM O/F,SEG-P2,5330,SUSP. ARM O/F FR RH UPR/LWR - SEG-P2,Mechanical
SUSP. ARM O/F FR RH UPR/LWR,998729,0,6466.1,,9,9,0,SUSPENSION,SUSP. ARM O/F,SEG-P3,7630,SUSP. ARM O/F FR RH UPR/LWR - SEG-P3,Mechanical
SUSP. ARM O/F RR BH,998729,0,2923.73,,9,9,0,SUSPENSION,SUSP. ARM O/F,SEG-F,3450,SUSP. ARM O/F RR BH - SEG-F,Mechanical
SUSP. ARM O/F RR BH UPR/LWR,998729,0,13398.31,,9,9,0,SUSPENSION,SUSP. ARM O/F,SEG-P1,15810,SUSP. ARM O/F RR BH UPR/LWR - SEG-P1,Mechanical
SUSP. ARM O/F RR BH UPR/LWR,998729,0,15838.98,,9,9,0,SUSPENSION,SUSP. ARM O/F,SEG-P2,18690,SUSP. ARM O/F RR BH UPR/LWR - SEG-P2,Mechanical
SUSP. ARM O/F RR BH UPR/LWR,998729,0,18271.19,,9,9,0,SUSPENSION,SUSP. ARM O/F,SEG-P3,21560,SUSP. ARM O/F RR BH UPR/LWR - SEG-P3,Mechanical
SUSP. ARM O/F RR BH UPR/LWR,998729,0,20711.86,,9,9,0,SUSPENSION,SUSP. ARM O/F,SEG-P4,24440,SUSP. ARM O/F RR BH UPR/LWR - SEG-P4,Mechanical
SUSP. ARM O/F RR LH,998729,0,1466.1,,9,9,0,SUSPENSION,SUSP. ARM O/F,SEG-F,1730,SUSP. ARM O/F RR LH - SEG-F,Mechanical
SUSP. ARM O/F RR LH LWR,998729,0,3652.54,,9,9,0,SUSPENSION,SUSP. ARM O/F,SEG-P1,4310,SUSP. ARM O/F RR LH LWR - SEG-P1,Mechanical
SUSP. ARM O/F RR LH LWR,998729,0,4271.19,,9,9,0,SUSPENSION,SUSP. ARM O/F,SEG-P2,5040,SUSP. ARM O/F RR LH LWR - SEG-P2,Mechanical
SUSP. ARM O/F RR LH LWR,998729,0,4872.88,,9,9,0,SUSPENSION,SUSP. ARM O/F,SEG-P3,5750,SUSP. ARM O/F RR LH LWR - SEG-P3,Mechanical
SUSP. ARM O/F RR LH LWR,998729,0,5491.53,,9,9,0,SUSPENSION,SUSP. ARM O/F,SEG-P4,6480,SUSP. ARM O/F RR LH LWR - SEG-P4,Mechanical
SUSP. ARM O/F RR LH UPR,998729,0,3050.85,,9,9,0,SUSPENSION,SUSP. ARM O/F,SEG-P1,3600,SUSP. ARM O/F RR LH UPR - SEG-P1,Mechanical
SUSP. ARM O/F RR LH UPR,998729,0,3652.54,,9,9,0,SUSPENSION,SUSP. ARM O/F,SEG-P2,4310,SUSP. ARM O/F RR LH UPR - SEG-P2,Mechanical
SUSP. ARM O/F RR LH UPR,998729,0,4271.19,,9,9,0,SUSPENSION,SUSP. ARM O/F,SEG-P3,5040,SUSP. ARM O/F RR LH UPR - SEG-P3,Mechanical
SUSP. ARM O/F RR LH UPR,998729,0,4872.88,,9,9,0,SUSPENSION,SUSP. ARM O/F,SEG-P4,5750,SUSP. ARM O/F RR LH UPR - SEG-P4,Mechanical
SUSP. ARM O/F RR RH,998729,0,1466.1,,9,9,0,SUSPENSION,SUSP. ARM O/F,SEG-F,1730,SUSP. ARM O/F RR RH - SEG-F,Mechanical
SUSP. ARM O/F RR RH LWR,998729,0,4872.88,,9,9,0,SUSPENSION,SUSP. ARM O/F,SEG-P3,5750,SUSP. ARM O/F RR RH LWR - SEG-P3,Mechanical
SUSP. ARM O/F RR RH LWR,998729,0,5491.53,,9,9,0,SUSPENSION,SUSP. ARM O/F,SEG-P4,6480,SUSP. ARM O/F RR RH LWR - SEG-P4,Mechanical
SUSP. ARM O/F RR RH LWR,998729,0,4271.19,,9,9,0,SUSPENSION,SUSP. ARM O/F,SEG-P2,5040,SUSP. ARM O/F RR RH LWR - SEG-P2,Mechanical
SUSP. ARM O/F RR RH LWR,998729,0,3652.54,,9,9,0,SUSPENSION,SUSP. ARM O/F,SEG-P1,4310,SUSP. ARM O/F RR RH LWR - SEG-P1,Mechanical
SUSP. ARM O/F RR RH UPR,998729,0,3050.85,,9,9,0,SUSPENSION,SUSP. ARM O/F,SEG-P1,3600,SUSP. ARM O/F RR RH UPR - SEG-P1,Mechanical
SUSP. ARM O/F RR RH UPR,998729,0,3652.54,,9,9,0,SUSPENSION,SUSP. ARM O/F,SEG-P2,4310,SUSP. ARM O/F RR RH UPR - SEG-P2,Mechanical
SUSP. ARM O/F RR RH UPR,998729,0,4271.19,,9,9,0,SUSPENSION,SUSP. ARM O/F,SEG-P3,5040,SUSP. ARM O/F RR RH UPR - SEG-P3,Mechanical
SUSP. ARM O/F RR RH UPR,998729,0,4872.88,,9,9,0,SUSPENSION,SUSP. ARM O/F,SEG-P4,5750,SUSP. ARM O/F RR RH UPR - SEG-P4,Mechanical
SUSP. BALL JOINT O/F FR BH,998729,0,2194.92,,9,9,0,SUSPENSION,SUSP BALL JOINT O/F,SEG-P1,2590,SUSP. BALL JOINT O/F FR BH - SEG-P1,Mechanical
SUSP. BALL JOINT O/F FR BH,998729,0,2440.68,,9,9,0,SUSPENSION,SUSP BALL JOINT O/F,SEG-P2,2880,SUSP. BALL JOINT O/F FR BH - SEG-P2,Mechanical
SUSP. BALL JOINT O/F FR BH,998729,0,3652.54,,9,9,0,SUSPENSION,SUSP BALL JOINT O/F,SEG-P3,4310,SUSP. BALL JOINT O/F FR BH - SEG-P3,Mechanical
SUSP. BALL JOINT O/F FR BH,998729,0,4872.88,,9,9,0,SUSPENSION,SUSP BALL JOINT O/F,SEG-P4,5750,SUSP. BALL JOINT O/F FR BH - SEG-P4,Mechanical
SUSP. BALL JOINT O/F FR LH,998729,0,1101.7,,9,9,0,SUSPENSION,SUSP BALL JOINT O/F,SEG-P1,1300,SUSP. BALL JOINT O/F FR LH - SEG-P1,Mechanical
SUSP. BALL JOINT O/F FR LH,998729,0,1220.34,,9,9,0,SUSPENSION,SUSP BALL JOINT O/F,SEG-P2,1440,SUSP. BALL JOINT O/F FR LH - SEG-P2,Mechanical
SUSP. BALL JOINT O/F FR LH,998729,0,1830.51,,9,9,0,SUSPENSION,SUSP BALL JOINT O/F,SEG-P3,2160,SUSP. BALL JOINT O/F FR LH - SEG-P3,Mechanical
SUSP. BALL JOINT O/F FR LH,998729,0,2440.68,,9,9,0,SUSPENSION,SUSP BALL JOINT O/F,SEG-P4,2880,SUSP. BALL JOINT O/F FR LH - SEG-P4,Mechanical
SUSP. BALL JOINT O/F FR RH,998729,0,1101.7,,9,9,0,SUSPENSION,SUSP BALL JOINT O/F,SEG-P1,1300,SUSP. BALL JOINT O/F FR RH - SEG-P1,Mechanical
SUSP. BALL JOINT O/F FR RH,998729,0,1220.34,,9,9,0,SUSPENSION,SUSP BALL JOINT O/F,SEG-P2,1440,SUSP. BALL JOINT O/F FR RH - SEG-P2,Mechanical
SUSP. BALL JOINT O/F FR RH,998729,0,1830.51,,9,9,0,SUSPENSION,SUSP BALL JOINT O/F,SEG-P3,2160,SUSP. BALL JOINT O/F FR RH - SEG-P3,Mechanical
SUSP. BALL JOINT O/F FR RH,998729,0,2440.68,,9,9,0,SUSPENSION,SUSP BALL JOINT O/F,SEG-P4,2880,SUSP. BALL JOINT O/F FR RH - SEG-P4,Mechanical
SUSP. UPPER ARM O/F FR BH,998729,0,5601.7,,9,9,0,SUSPENSION,SUSP. ARM O/F,SEG-P3,6610,SUSP. UPPER ARM O/F FR BH - SEG-P3,Mechanical
SUSPENSION CHECK,998729,0,1694.92,,9,9,0,SUSPENSION,SUSPENSION CROSS,COMMON,2000,SUSPENSION CHECK - COMMON,Mechanical
SUSPENSION CROSS O/F,998729,0,644.07,,9,9,0,SUSPENSION,SUSPENSION CROSS O/F,SEG-B,760,SUSPENSION CROSS O/F - SEG-B,Mechanical
SUSPENSION CROSS O/F RR,998729,0,1440.68,,9,9,0,SUSPENSION,SUSPENSION CROSS O/F,SEG-SUV,1700,SUSPENSION CROSS O/F RR - SEG-SUV,Mechanical
SUSPENSION EDC WIRING INSTALLATION,998729,0,5000,,9,9,0,SUSPENSION,STRUT BEARING O/F,,5900,SUSPENSION EDC WIRING INSTALLATION - ,Mechanical
SUSPENSION FRAME PAINTING,998729,0,1500,,9,9,0,PAINTING SERVICE,APRON PAINT,,1770,SUSPENSION FRAME PAINTING - ,Bodyshop
SUSPENSION FRAME REPAIR,998729,1,1440.68,,9,9,0,BODY PARTS,CROSS MEMBER,SEG-P1,1700,SUSPENSION FRAME REPAIR - SEG-P1,Bodyshop
SUSPENSION NUT/BOLT/WASHER SET O/F,998729,1,1711.86,,9,9,0,SUSPENSION,LOWER ARM BOLT,,2020,SUSPENSION NUT/BOLT/WASHER SET O/F - ,Mechanical
SUSPENSION O/F FR,998729,0,9745.76,,9,9,0,SUSPENSION,SUSPENSION O/H,SEG-P3,11500,SUSPENSION O/F FR - SEG-P3,Mechanical
SUSPENSION O/F RR,998729,0,0,,9,9,0,SUSPENSION,SUSPENSION O/H,SEG-C,0,SUSPENSION O/F RR - SEG-C,Mechanical
SUSPENSION OVERHAUL FR BH,998729,0,7067.8,,9,9,0,SUSPENSION,SUSPENSION O/H,SEG-E,8340,SUSPENSION OVERHAUL FR BH - SEG-E,Mechanical
SUSPENSION OVERHAUL FR BH,998729,0,48728.81,,9,9,0,SUSPENSION,SUSPENSION O/H,SEG-P4,57500,SUSPENSION OVERHAUL FR BH - SEG-P4,Mechanical
SUSPENSION OVERHAUL FR BH,998729,0,4322.03,,9,9,0,SUSPENSION,SUSPENSION O/H,SEG-C,5100,SUSPENSION OVERHAUL FR BH - SEG-C,Mechanical
SUSPENSION OVERHAUL FR BH,998729,0,3169.49,,9,9,0,SUSPENSION,SUSPENSION O/H,SEG-A,3740,SUSPENSION OVERHAUL FR BH - SEG-A,Mechanical
SUSPENSION OVERHAUL FR BH,998729,0,4322.03,,9,9,0,SUSPENSION,SUSPENSION O/H,SEG-B,5100,SUSPENSION OVERHAUL FR BH - SEG-B,Mechanical
SUSPENSION OVERHAUL FR BH,998729,0,7923.73,,9,9,0,SUSPENSION,SUSPENSION O/H,SEG-D,9350,SUSPENSION OVERHAUL FR BH - SEG-D,Mechanical
SUSPENSION OVERHAUL FR BH,998729,0,10364.41,,9,9,0,SUSPENSION,SUSPENSION O/H,SEG-F,12230,SUSPENSION OVERHAUL FR BH - SEG-F,Mechanical
SUSPENSION OVERHAUL FR BH,998729,0,14372.88,,9,9,0,SUSPENSION,SUSPENSION O/H,SEG-P1,16960,SUSPENSION OVERHAUL FR BH - SEG-P1,Mechanical
SUSPENSION OVERHAUL FR BH,998729,0,29237.29,,9,9,0,SUSPENSION,SUSPENSION O/H,SEG-P2,34500,SUSPENSION OVERHAUL FR BH - SEG-P2,Mechanical
SUSPENSION OVERHAUL FR BH,998729,0,36550.85,,9,9,0,SUSPENSION,SUSPENSION O/H,SEG-P3,43130,SUSPENSION OVERHAUL FR BH - SEG-P3,Mechanical
SUSPENSION OVERHAUL FR LH,998729,0,1084.75,,9,9,0,SUSPENSION,SUSPENSION O/H,SEG-A,1280,SUSPENSION OVERHAUL FR LH - SEG-A,Mechanical
SUSPENSION OVERHAUL FR LH,998729,0,1440.68,,9,9,0,SUSPENSION,SUSPENSION O/H,SEG-B,1700,SUSPENSION OVERHAUL FR LH - SEG-B,Mechanical
SUSPENSION OVERHAUL FR LH,998729,0,1940.68,,9,9,0,SUSPENSION,SUSPENSION O/H,SEG-C,2290,SUSPENSION OVERHAUL FR LH - SEG-C,Mechanical
SUSPENSION OVERHAUL FR LH,998729,0,3169.49,,9,9,0,SUSPENSION,SUSPENSION O/H,SEG-D,3740,SUSPENSION OVERHAUL FR LH - SEG-D,Mechanical
SUSPENSION OVERHAUL FR LH,998729,0,4313.56,,9,9,0,SUSPENSION,SUSPENSION O/H,SEG-SUV,5090,SUSPENSION OVERHAUL FR LH - SEG-SUV,Mechanical
SUSPENSION OVERHAUL FR LH,998729,0,7194.92,,9,9,0,SUSPENSION,SUSPENSION O/H,SEG-P1,8490,SUSPENSION OVERHAUL FR LH - SEG-P1,Mechanical
SUSPENSION OVERHAUL FR LH,998729,0,11508.48,,9,9,0,SUSPENSION,SUSPENSION O/H,SEG-P2,13580,SUSPENSION OVERHAUL FR LH - SEG-P2,Mechanical
SUSPENSION OVERHAUL FR LH,998729,0,14372.88,,9,9,0,SUSPENSION,SUSPENSION O/H,SEG-P3,16960,SUSPENSION OVERHAUL FR LH - SEG-P3,Mechanical
SUSPENSION OVERHAUL FR RH,998729,0,1084.75,,9,9,0,SUSPENSION,SUSPENSION O/H,SEG-A,1280,SUSPENSION OVERHAUL FR RH - SEG-A,Mechanical
SUSPENSION OVERHAUL FR RH,998729,0,1440.68,,9,9,0,SUSPENSION,SUSPENSION O/H,SEG-B,1700,SUSPENSION OVERHAUL FR RH - SEG-B,Mechanical
SUSPENSION OVERHAUL FR RH,998729,0,1940.68,,9,9,0,SUSPENSION,SUSPENSION O/H,SEG-C,2290,SUSPENSION OVERHAUL FR RH - SEG-C,Mechanical
SUSPENSION OVERHAUL FR RH,998729,0,3169.49,,9,9,0,SUSPENSION,SUSPENSION O/H,SEG-D,3740,SUSPENSION OVERHAUL FR RH - SEG-D,Mechanical
SUSPENSION OVERHAUL FR RH,998729,0,4313.56,,9,9,0,SUSPENSION,SUSPENSION O/H,SEG-SUV,5090,SUSPENSION OVERHAUL FR RH - SEG-SUV,Mechanical
SUSPENSION OVERHAUL FR RH,998729,0,7194.92,,9,9,0,SUSPENSION,SUSPENSION O/H,SEG-P1,8490,SUSPENSION OVERHAUL FR RH - SEG-P1,Mechanical
SUSPENSION OVERHAUL FR RH,998729,0,11508.48,,9,9,0,SUSPENSION,SUSPENSION O/H,SEG-P2,13580,SUSPENSION OVERHAUL FR RH - SEG-P2,Mechanical
SUSPENSION OVERHAUL FR RH,998729,0,14372.88,,9,9,0,SUSPENSION,SUSPENSION O/H,SEG-P3,16960,SUSPENSION OVERHAUL FR RH - SEG-P3,Mechanical
SUSPENSION OVERHAUL RR BH,998729,0,618.64,,9,9,0,SUSPENSION,SUSPENSION O/H,SEG-A,730,SUSPENSION OVERHAUL RR BH - SEG-A,Mechanical
SUSPENSION OVERHAUL RR BH,998729,0,855.93,,9,9,0,SUSPENSION,SUSPENSION O/H,SEG-B,1010,SUSPENSION OVERHAUL RR BH - SEG-B,Mechanical
SUSPENSION OVERHAUL RR BH,998729,0,974.58,,9,9,0,SUSPENSION,SUSPENSION O/H,SEG-C,1150,SUSPENSION OVERHAUL RR BH - SEG-C,Mechanical
SUSPENSION OVERHAUL RR BH,998729,0,9500,,9,9,0,SUSPENSION,SUSPENSION O/H,SEG-D,11210,SUSPENSION OVERHAUL RR BH - SEG-D,Mechanical
SUSPENSION OVERHAUL RR BH,998729,0,10898.31,,9,9,0,SUSPENSION,SUSPENSION O/H,SEG-F,12860,SUSPENSION OVERHAUL RR BH - SEG-F,Mechanical
SUSPENSION OVERHAUL RR BH,998729,0,24364.41,,9,9,0,SUSPENSION,SUSPENSION O/H,SEG-P1,28750,SUSPENSION OVERHAUL RR BH - SEG-P1,Mechanical
SUSPENSION OVERHAUL RR BH,998729,0,30457.63,,9,9,0,SUSPENSION,SUSPENSION O/H,SEG-P2,35940,SUSPENSION OVERHAUL RR BH - SEG-P2,Mechanical
SUSPENSION OVERHAUL RR BH,998729,0,42635.59,,9,9,0,SUSPENSION,SUSPENSION O/H,SEG-P3,50310,SUSPENSION OVERHAUL RR BH - SEG-P3,Mechanical
SUSPENSION OVERHAUL RR BH,998729,0,52381.36,,9,9,0,SUSPENSION,SUSPENSION O/H,SEG-P4,61810,SUSPENSION OVERHAUL RR BH - SEG-P4,Mechanical
SUSPENSION OVERHAUL RR LH,998729,0,1440.68,,9,9,0,SUSPENSION,SUSPENSION O/H,SEG-A,1700,SUSPENSION OVERHAUL RR LH - SEG-A,Mechanical
SUSPENSION OVERHAUL RR LH,998729,0,2016.95,,9,9,0,SUSPENSION,SUSPENSION O/H,SEG-B,2380,SUSPENSION OVERHAUL RR LH - SEG-B,Mechanical
SUSPENSION OVERHAUL RR LH,998729,0,2584.75,,9,9,0,SUSPENSION,SUSPENSION O/H,SEG-C,3050,SUSPENSION OVERHAUL RR LH - SEG-C,Mechanical
SUSPENSION OVERHAUL RR LH,998729,0,3593.22,,9,9,0,SUSPENSION,SUSPENSION O/H,SEG-D,4240,SUSPENSION OVERHAUL RR LH - SEG-D,Mechanical
SUSPENSION OVERHAUL RR LH,998729,0,5466.1,,9,9,0,SUSPENSION,SUSPENSION O/H,SEG-SUV,6450,SUSPENSION OVERHAUL RR LH - SEG-SUV,Mechanical
SUSPENSION OVERHAUL RR LH,998729,0,8627.12,,9,9,0,SUSPENSION,SUSPENSION O/H,SEG-P1,10180,SUSPENSION OVERHAUL RR LH - SEG-P1,Mechanical
SUSPENSION OVERHAUL RR LH,998729,0,12932.2,,9,9,0,SUSPENSION,SUSPENSION O/H,SEG-P2,15260,SUSPENSION OVERHAUL RR LH - SEG-P2,Mechanical
SUSPENSION OVERHAUL RR LH,998729,0,17245.76,,9,9,0,SUSPENSION,SUSPENSION O/H,SEG-P3,20350,SUSPENSION OVERHAUL RR LH - SEG-P3,Mechanical
SUSPENSION OVERHAUL RR RH,998729,0,1440.68,,9,9,0,SUSPENSION,SUSPENSION O/H,SEG-A,1700,SUSPENSION OVERHAUL RR RH - SEG-A,Mechanical
SUSPENSION OVERHAUL RR RH,998729,0,2016.95,,9,9,0,SUSPENSION,SUSPENSION O/H,SEG-B,2380,SUSPENSION OVERHAUL RR RH - SEG-B,Mechanical
SUSPENSION OVERHAUL RR RH,998729,0,2584.75,,9,9,0,SUSPENSION,SUSPENSION O/H,SEG-C,3050,SUSPENSION OVERHAUL RR RH - SEG-C,Mechanical
SUSPENSION OVERHAUL RR RH,998729,0,3593.22,,9,9,0,SUSPENSION,SUSPENSION O/H,SEG-D,4240,SUSPENSION OVERHAUL RR RH - SEG-D,Mechanical
SUSPENSION OVERHAUL RR RH,998729,0,5466.1,,9,9,0,SUSPENSION,SUSPENSION O/H,SEG-SUV,6450,SUSPENSION OVERHAUL RR RH - SEG-SUV,Mechanical
SUSPENSION OVERHAUL RR RH,998729,0,8627.12,,9,9,0,SUSPENSION,SUSPENSION O/H,SEG-P1,10180,SUSPENSION OVERHAUL RR RH - SEG-P1,Mechanical
SUSPENSION OVERHAUL RR RH,998729,0,12932.2,,9,9,0,SUSPENSION,SUSPENSION O/H,SEG-P2,15260,SUSPENSION OVERHAUL RR RH - SEG-P2,Mechanical
SUSPENSION OVERHAUL RR RH,998729,0,17245.76,,9,9,0,SUSPENSION,SUSPENSION O/H,SEG-P3,20350,SUSPENSION OVERHAUL RR RH - SEG-P3,Mechanical
SUSPENSION PROGRAMMING,998729,0,21567.8,,9,9,0,SCANNING SERVICE,CALIBRATION,SEG-P3,25450,SUSPENSION PROGRAMMING - SEG-P3,Mechanical
SWIRL FLAP MOTOR O/F,998729,0,2000,,9,9,0,ELECTRICAL,ACTUATOR,,2360,SWIRL FLAP MOTOR O/F - ,Mechanical
SWITCH HARNESS REFURBISH,998729,1,27169.49,,9,9,0,ELECTRICAL,POWER WINDOW SWITCH O/F,SEG-P3,32060,SWITCH HARNESS REFURBISH - SEG-P3,Mechanical
SWITCH RESTORED,998729,1,1694.92,,9,9,0,UPHOLSTERY,DOOR TRIM PADDING,,2000,SWITCH RESTORED - ,Mechanical
SWITCH/BUTTON CLEANING,998729,1,3593.22,,9,9,0,GENERAL SERVICE,DEWATERING,SEG-P1,4240,SWITCH/BUTTON CLEANING - SEG-P1,Mechanical
TAIL GATE FLOOR REPAIR,998729,1,0,,9,9,0,BODY PARTS,FLOOR PANEL REPAIR,SEG-C,0,TAIL GATE FLOOR REPAIR - SEG-C,Bodyshop
TAIL GATE GRILL O/F LH,998729,0,720.34,,9,9,0,BODY PARTS,AIR DUCT,SEG-P3,850,TAIL GATE GRILL O/F LH - SEG-P3,Bodyshop
TAIL GATE GRILL O/F RH,998729,0,720.34,,9,9,0,BODY PARTS,SHOW GRILLE,SEG-P3,850,TAIL GATE GRILL O/F RH - SEG-P3,Bodyshop
TAIL GATE GRILL PAINTING,998729,0,3593.22,,9,9,0,PAINTING SERVICE,SHOW GRILLE PAINT,SEG-P3,4240,TAIL GATE GRILL PAINTING - SEG-P3,Bodyshop
TAIL GATE HANDLE O/F,998729,0,432.2,,9,9,0,BODY PARTS,TAILGATE HANDLE,,510,TAIL GATE HANDLE O/F - ,Bodyshop
TAIL GATE HANDLE PAINTING,998729,1,1000,,9,9,0,PAINTING SERVICE,DOOR HANDLE PAINT,,1180,TAIL GATE HANDLE PAINTING - ,Bodyshop
TAIL GATE LATCH REPAIR,998729,1,4855.93,,9,9,0,BODY PARTS,TAILGATE LATCH,SEG-P2,5730,TAIL GATE LATCH REPAIR - SEG-P2,Bodyshop
TAIL GATE LIFTER O/F,998729,0,1152.54,,9,9,0,BODY PARTS,TAILGATE LIFTER,SEG-P2,1360,TAIL GATE LIFTER O/F - SEG-P2,Bodyshop
TAIL GATE LIFTER O/F,998729,0,152.54,,9,9,0,BODY PARTS,TAILGATE LIFTER,SEG-C,180,TAIL GATE LIFTER O/F - SEG-C,Bodyshop
TAIL GATE LIFTER O/F,998729,0,152.54,,9,9,0,BODY PARTS,TAILGATE LIFTER,SEG-B,180,TAIL GATE LIFTER O/F - SEG-B,Bodyshop
TAIL GATE MOULDING O/F,998729,1,576.27,,9,9,0,BODY PARTS,TAILGATE MOULDING,,680,TAIL GATE MOULDING O/F - ,Bodyshop
TAIL GATE MOULDING PAINTING ,998729,1,2923.73,,9,9,0,PAINTING SERVICE,MOULDING PAINT,SEG-P1,3450,TAIL GATE MOULDING PAINTING  - SEG-P1,Bodyshop
TAIL GATE O/F,998729,1,618.64,,9,9,0,BODY PARTS,TAILGATE O/F,SEG-SUV,730,TAIL GATE O/F - SEG-SUV,Bodyshop
TAIL GATE O/F,998729,1,432.2,,9,9,0,BODY PARTS,TAILGATE O/F,SEG-D,510,TAIL GATE O/F - SEG-D,Bodyshop
TAIL GATE O/F,998729,1,432.2,,9,9,0,BODY PARTS,TAILGATE O/F,SEG-C,510,TAIL GATE O/F - SEG-C,Bodyshop
TAIL GATE O/F ,998729,1,432.2,,9,9,0,BODY PARTS,TAILGATE O/F,SEG-B,510,TAIL GATE O/F  - SEG-B,Bodyshop
TAIL GATE PAINTING,998729,1,0,,9,9,0,PAINTING SERVICE,TAILGATE PAINT,SEG;-B,0,TAIL GATE PAINTING - SEG;-B,Bodyshop
TAIL GATE PAINTING,998729,1,0,,9,9,0,PAINTING SERVICE,TAILGATE PAINT,SEG-D,0,TAIL GATE PAINTING - SEG-D,Bodyshop
TAIL GATE PAINTING,998729,1,508.48,,9,9,0,PAINTING SERVICE,TAILGATE PAINT,SEG-P1,600,TAIL GATE PAINTING - SEG-P1,Bodyshop
TAIL GATE PAINTING,998729,1,0,,9,9,0,PAINTING SERVICE,TAILGATE PAINT,SEG-P2,0,TAIL GATE PAINTING - SEG-P2,Bodyshop
TAIL GATE PAINTING,998729,1,7906.78,,9,9,0,PAINTING SERVICE,TAILGATE PAINT,SEG-C,9330,TAIL GATE PAINTING - SEG-C,Bodyshop
TAIL GATE PAINTING,998729,1,7906.78,,9,9,0,PAINTING SERVICE,TAILGATE PAINT,SEG-SUV,9330,TAIL GATE PAINTING - SEG-SUV,Bodyshop
TAIL GATE REPAIR ,998729,1,796.61,,9,9,0,BODY PARTS,TAILGATE REPAIR,SEG-P1,940,TAIL GATE REPAIR  - SEG-P1,Bodyshop
TAIL GATE REPAIR,998729,1,1152.54,,9,9,0,BODY PARTS,TAILGATE REPAIR,SEG-C,1360,TAIL GATE REPAIR - SEG-C,Bodyshop
TAIL GATE REPAIR ,998729,1,1152.54,,9,9,0,BODY PARTS,TAILGATE REPAIR,SEG-P2,1360,TAIL GATE REPAIR  - SEG-P2,Bodyshop
TAIL GATE REPAIR,998729,1,1364.41,,9,9,0,BODY PARTS,TAILGATE REPAIR,SEG-A,1610,TAIL GATE REPAIR - SEG-A,Bodyshop
TAIL GATE REPAIR,998729,1,1220.34,,9,9,0,BODY PARTS,TAILGATE REPAIR,SEG-D,1440,TAIL GATE REPAIR - SEG-D,Bodyshop
TAIL GATE REPAIR,998729,1,288.14,,9,9,0,BODY PARTS,TAILGATE REPAIR,SEG-SUV,340,TAIL GATE REPAIR - SEG-SUV,Bodyshop
TAIL GATE REPAIR,998729,1,1008.48,,9,9,0,BODY PARTS,TAILGATE REPAIR,SEG-B,1190,TAIL GATE REPAIR - SEG-B,Bodyshop
TAIL GATE SPOILER O/F,998729,0,720.34,,9,9,0,BODY PARTS,TAILGATE SPOILER,SEG-B,850,TAIL GATE SPOILER O/F - SEG-B,Bodyshop
TAIL GATE SPOILER PAINTING,998729,1,957.63,,9,9,0,PAINTING SERVICE,SPOILER PAINT,SEG-B,1130,TAIL GATE SPOILER PAINTING - SEG-B,Bodyshop
TAIL GATE SPOILER PAINTING,998729,1,2161.02,,9,9,0,PAINTING SERVICE,SPOILER PAINT,SEG-SUV,2550,TAIL GATE SPOILER PAINTING - SEG-SUV,Bodyshop
TAIL GATE SPOILER REPAIR,998729,1,2440.68,,9,9,0,BODY PARTS,TAILGATE SPOILER,SEG-P2,2880,TAIL GATE SPOILER REPAIR - SEG-P2,Bodyshop
TAIL GATE TRIM O/F,998729,1,152.54,,9,9,0,BODY PARTS,TRIM O/F,SEG-C,180,TAIL GATE TRIM O/F - SEG-C,Bodyshop
TAIL GATE TRIM O/F,998729,1,432.2,,9,9,0,BODY PARTS,TRIM O/F,SEG-B,510,TAIL GATE TRIM O/F - SEG-B,Bodyshop
TAIL GATE TRIM O/F,998729,1,618.64,,9,9,0,BODY PARTS,TRIM O/F,SEG-SUV,730,TAIL GATE TRIM O/F - SEG-SUV,Bodyshop
TAIL GATE TRIM PAINTING,998729,1,1466.1,,9,9,0,PAINTING SERVICE,TRIM PAINT,SEG-F,1730,TAIL GATE TRIM PAINTING - SEG-F,Bodyshop
TAIL LIGHT BEZEL O/F LH,998729,1,152.54,,9,9,0,BODY PARTS,TAIL LIGHT O/F,SEG-D,180,TAIL LIGHT BEZEL O/F LH - SEG-D,Bodyshop
TAIL LIGHT BEZEL O/F RH,998729,1,152.54,,9,9,0,BODY PARTS,TAIL LIGHT O/F,SEG-D,180,TAIL LIGHT BEZEL O/F RH - SEG-D,Bodyshop
TAIL LIGHT BEZEL PAINTING LH,998729,1,720.34,,9,9,0,PAINTING SERVICE,FOG LIGHT BEZEL PAINT,SEG-D,850,TAIL LIGHT BEZEL PAINTING LH - SEG-D,Bodyshop
TAIL LIGHT BEZEL PAINTING RH,998729,1,720.34,,9,9,0,PAINTING SERVICE,FOG LIGHT BEZEL PAINT,SEG-D,850,TAIL LIGHT BEZEL PAINTING RH - SEG-D,Bodyshop
TAIL LIGHT FITTING,998729,1,1186.44,,9,9,0,ELECTRICAL,TAIL LIGHT O/F,,1400,TAIL LIGHT FITTING - ,Bodyshop
TAIL LIGHT GARNISH O/F LH,998729,0,211.86,,9,9,0,BODY PARTS,BODY CLADDING,SEG-P1,250,TAIL LIGHT GARNISH O/F LH - SEG-P1,Bodyshop
TAIL LIGHT GARNISH O/F RH,998729,1,211.86,,9,9,0,BODY PARTS,BODY CLADDING,SEG-P1,250,TAIL LIGHT GARNISH O/F RH - SEG-P1,Bodyshop
TAIL LIGHT HOUSE PAINTING RH,998729,1,2161.02,,9,9,0,PAINTING SERVICE,HOUSING PANEL PAINT,VOLVO-V40,2550,TAIL LIGHT HOUSE PAINTING RH - VOLVO-V40,Bodyshop
TAIL LIGHT HOUSING INNER PANEL REPAIR RH,998729,0,364.41,,9,9,0,BODY PARTS,QTR PANEL REPAIR,SEG-SUV,430,TAIL LIGHT HOUSING INNER PANEL REPAIR RH - SEG-SUV,Bodyshop
TAIL LIGHT HOUSING O/F LH,998729,1,364.41,,9,9,0,BODY PARTS,TAIL LIGHT HOUSE,SEG-C,430,TAIL LIGHT HOUSING O/F LH - SEG-C,Bodyshop
TAIL LIGHT HOUSING O/F RH,998729,1,796.61,,9,9,0,BODY PARTS,TAIL LIGHT HOUSE,SEG-SUV,940,TAIL LIGHT HOUSING O/F RH - SEG-SUV,Bodyshop
TAIL LIGHT HOUSING O/F RH,998729,1,644.07,,9,9,0,BODY PARTS,TAIL LIGHT HOUSING REPAIR,SEG-C,760,TAIL LIGHT HOUSING O/F RH - SEG-C,Bodyshop
TAIL LIGHT HOUSING O/F RH,998729,1,364.41,,9,9,0,BODY PARTS,TAIL LIGHT HOUSING REPAIR,SEG-D,430,TAIL LIGHT HOUSING O/F RH - SEG-D,Bodyshop
TAIL LIGHT HOUSING REPAIR LH,998729,1,576.27,,9,9,0,BODY PARTS,TAIL LIGHT HOUSING REPAIR,SEG-B,680,TAIL LIGHT HOUSING REPAIR LH - SEG-B,Bodyshop
TAIL LIGHT HOUSING REPAIR LH,998729,1,508.48,,9,9,0,BODY PARTS,TAIL LIGHT HOUSING REPAIR,SEG-C,600,TAIL LIGHT HOUSING REPAIR LH - SEG-C,Bodyshop
TAIL LIGHT HOUSING REPAIR RH,998729,1,364.41,,9,9,0,BODY PARTS,TAIL LIGHT HOUSING REPAIR,SEG-B,430,TAIL LIGHT HOUSING REPAIR RH - SEG-B,Bodyshop
TAIL LIGHT MODULE O/F,998729,0,1220.34,,9,9,0,ELECTRICAL,HEAD LIGHT MODULE,SEG-P2,1440,TAIL LIGHT MODULE O/F - SEG-P2,Mechanical
TAIL LIGHT O/F  RH,998729,1,42.37,,9,9,0,BODY PARTS,TAIL LIGHT O/F,SEG-A,50,TAIL LIGHT O/F  RH - SEG-A,Bodyshop
TAIL LIGHT O/F LH,998729,1,423.73,TAILGATE TRIM O/F EXTRA,9,9,0,ELECTRICAL,TAIL LIGHT O/F,SEG-P1,500,TAIL LIGHT O/F LH - SEG-P1,Bodyshop
TAIL LIGHT O/F LH,998729,1,305.09,TAILGATE TRIM O/F EXTRA,9,9,0,ELECTRICAL,TAIL LIGHT O/F,SEG-D,360,TAIL LIGHT O/F LH - SEG-D,Bodyshop
TAIL LIGHT O/F LH,998729,1,177.97,TAILGATE TRIM O/F EXTRA,9,9,0,ELECTRICAL,TAIL LIGHT O/F,SEG-A,210,TAIL LIGHT O/F LH - SEG-A,Bodyshop
TAIL LIGHT O/F LH,998729,1,177.97,TAILGATE TRIM O/F EXTRA,9,9,0,ELECTRICAL,TAIL LIGHT O/F,SEG-E,210,TAIL LIGHT O/F LH - SEG-E,Bodyshop
TAIL LIGHT O/F LH,998729,0,423.73,TAILGATE TRIM O/F EXTRA,9,9,0,ELECTRICAL,TAIL LIGHT O/F,SEG-P3,500,TAIL LIGHT O/F LH - SEG-P3,Bodyshop
TAIL LIGHT O/F LH,998729,0,669.49,TAILGATE TRIM O/F EXTRA,9,9,0,ELECTRICAL,TAIL LIGHT O/F,SEG-P4,790,TAIL LIGHT O/F LH - SEG-P4,Bodyshop
TAIL LIGHT O/F LH,998729,1,177.97,TAILGATE TRIM O/F EXTRA,9,9,0,ELECTRICAL,TAIL LIGHT O/F,SEG-B,210,TAIL LIGHT O/F LH - SEG-B,Bodyshop
TAIL LIGHT O/F LH,998729,1,177.97,TAILGATE TRIM O/F EXTRA,9,9,0,ELECTRICAL,TAIL LIGHT O/F,SEG-C,210,TAIL LIGHT O/F LH - SEG-C,Bodyshop
TAIL LIGHT O/F LH ,998729,1,423.73,TAILGATE TRIM O/F EXTRA,9,9,0,ELECTRICAL,TAIL LIGHT O/F,SEG-P2,500,TAIL LIGHT O/F LH  - SEG-P2,Bodyshop
TAIL LIGHT O/F LH,998729,1,305.09,TAILGATE TRIM O/F EXTRA,9,9,0,ELECTRICAL,TAIL LIGHT O/F,SEG-F,360,TAIL LIGHT O/F LH - SEG-F,Bodyshop
TAIL LIGHT O/F RH,998729,1,177.97,TAILGATE TRIM O/F EXTRA,9,9,0,ELECTRICAL,TAIL LIGHT O/F,SEG-A,210,TAIL LIGHT O/F RH - SEG-A,Bodyshop
TAIL LIGHT O/F RH,998729,1,423.73,TAILGATE TRIM O/F EXTRA,9,9,0,ELECTRICAL,TAIL LIGHT O/F,SEG-P3,500,TAIL LIGHT O/F RH - SEG-P3,Bodyshop
TAIL LIGHT O/F RH,998729,1,669.49,TAILGATE TRIM O/F EXTRA,9,9,0,ELECTRICAL,TAIL LIGHT O/F,SEG-P4,790,TAIL LIGHT O/F RH - SEG-P4,Bodyshop
TAIL LIGHT O/F RH,998729,1,177.97,TAILGATE TRIM O/F EXTRA,9,9,0,BODY PARTS,TAIL LIGHT O/F,SEG-E,210,TAIL LIGHT O/F RH - SEG-E,Bodyshop
TAIL LIGHT O/F RH,998729,1,305.09,TAILGATE TRIM O/F EXTRA,9,9,0,ELECTRICAL,TAIL LIGHT O/F,SEG-F,360,TAIL LIGHT O/F RH - SEG-F,Bodyshop
TAIL LIGHT O/F RH,998729,1,177.97,TAILGATE TRIM O/F EXTRA,9,9,0,ELECTRICAL,TAIL LIGHT O/F,SEG-C,210,TAIL LIGHT O/F RH - SEG-C,Bodyshop
TAIL LIGHT O/F RH,998729,1,177.97,TAILGATE TRIM O/F EXTRA,9,9,0,ELECTRICAL,TAIL LIGHT O/F,SEG-B,210,TAIL LIGHT O/F RH - SEG-B,Bodyshop
TAIL LIGHT O/F RH,998729,1,423.73,TAILGATE TRIM O/F EXTRA,9,9,0,ELECTRICAL,TAIL LIGHT O/F,SEG-P2,500,TAIL LIGHT O/F RH - SEG-P2,Bodyshop
TAIL LIGHT O/F RH,998729,1,423.73,TAILGATE TRIM O/F EXTRA,9,9,0,ELECTRICAL,TAIL LIGHT O/F,SEG-P1,500,TAIL LIGHT O/F RH - SEG-P1,Bodyshop
TAIL LIGHT O/F RH,998729,1,305.09,TAILGATE TRIM O/F EXTRA,9,9,0,ELECTRICAL,TAIL LIGHT O/F,SEG-D,360,TAIL LIGHT O/F RH - SEG-D,Bodyshop
TAIL LIGHT O/F RR BOTH,998729,1,1559.32,,9,9,0,ELECTRICAL,TAIL LIGHT,,1840,TAIL LIGHT O/F RR BOTH - ,Bodyshop
TAIL LIGHT O/F RR CTR,998729,1,1000,,9,9,0,ELECTRICAL,TAIL LIGHT O/F,,1180,TAIL LIGHT O/F RR CTR - ,Bodyshop
TAIL LIGHT REPAIR RH,998729,0,1347.46,,9,9,0,ELECTRICAL,TAIL LIGHT,SEG-P1,1590,TAIL LIGHT REPAIR RH - SEG-P1,Mechanical
TAIL LIGHT WIRING,998729,0,432.2,,9,9,0,ELECTRICAL,WIRING REPAIR,SEG-P1,510,TAIL LIGHT WIRING - SEG-P1,Mechanical
TAILGATE FLOOR REPAIR,998729,1,1576.27,,9,9,0,BODY PARTS,FLOOR PANEL REPAIR,SEG-C,1860,TAILGATE FLOOR REPAIR - SEG-C,Bodyshop
TAILGATE FRAME O/F,998729,1,576.27,,9,9,0,BODY PARTS,TAILGATE,SEG-F,680,TAILGATE FRAME O/F - SEG-F,Bodyshop
TAILGATE LATCH O/F,998729,0,245.76,,9,9,0,BODY PARTS,TAILGATE LATCH O/F,SEG-C,290,TAILGATE LATCH O/F - SEG-C,Bodyshop
TAILGATE LATCH O/F,998729,0,245.76,,9,9,0,BODY PARTS,TAILGATE LATCH O/F,SEG-A,290,TAILGATE LATCH O/F - SEG-A,Bodyshop
TAILGATE LATCH O/F,998729,0,245.76,,9,9,0,BODY PARTS,TAILGATE LATCH O/F,SEG-B,290,TAILGATE LATCH O/F - SEG-B,Bodyshop
TAILGATE LATCH O/F,998729,0,491.53,,9,9,0,BODY PARTS,TAILGATE LATCH O/F,SEG-D,580,TAILGATE LATCH O/F - SEG-D,Bodyshop
TAILGATE LATCH O/F,998729,0,305.09,,9,9,0,BODY PARTS,TAILGATE LATCH O/F,SEG-E,360,TAILGATE LATCH O/F - SEG-E,Bodyshop
TAILGATE LATCH O/F,998729,0,491.53,,9,9,0,BODY PARTS,TAILGATE LATCH O/F,SEG-F,580,TAILGATE LATCH O/F - SEG-F,Bodyshop
TAILGATE LATCH O/F,998729,0,915.25,,9,9,0,BODY PARTS,TAILGATE LATCH O/F,SEG-P1,1080,TAILGATE LATCH O/F - SEG-P1,Bodyshop
TAILGATE LATCH O/F,998729,0,1042.37,,9,9,0,BODY PARTS,TAILGATE LATCH O/F,SEG-P2,1230,TAILGATE LATCH O/F - SEG-P2,Bodyshop
TAILGATE LATCH O/F,998729,0,1220.34,,9,9,0,BODY PARTS,TAILGATE LATCH O/F,SEG-P3,1440,TAILGATE LATCH O/F - SEG-P3,Bodyshop
TAILGATE LATCH O/F,998729,0,1466.1,,9,9,0,BODY PARTS,TAILGATE LATCH O/F,SEG-P4,1730,TAILGATE LATCH O/F - SEG-P4,Bodyshop
TAILGATE LIFT KIT INSTALLATION CHARGES,998729,1,5000,,9,9,0,BODY PARTS,TAILGATE O/F,,5900,TAILGATE LIFT KIT INSTALLATION CHARGES - ,Bodyshop
TAILGATE LOCK O/F,998729,0,796.61,,9,9,0,BODY PARTS,TAILGATE LOCK O/F,SEG-P2,940,TAILGATE LOCK O/F - SEG-P2,Bodyshop
TAILGATE PANEL & FLOOR REPAIR,998729,0,4313.56,,9,9,0,BODY PARTS,TAILGATE LOCK PANEL,SEG-P3,5090,TAILGATE PANEL & FLOOR REPAIR - SEG-P3,Bodyshop
TAILGATE SWITCH O/F,998729,0,550.85,,9,9,0,ELECTRICAL,TAILGATE SWITCH O/F,SEG-F,650,TAILGATE SWITCH O/F - SEG-F,Mechanical
TAILGATE SWITCH O/F,998729,0,1042.37,,9,9,0,ELECTRICAL,TAILGATE SWITCH O/F,SEG-P2,1230,TAILGATE SWITCH O/F - SEG-P2,Mechanical
TAILGATE SWITCH O/F,998729,0,372.88,,9,9,0,ELECTRICAL,TAILGATE SWITCH O/F,SEG-B,440,TAILGATE SWITCH O/F - SEG-B,Mechanical
TAILGATE SWITCH O/F,998729,0,372.88,,9,9,0,ELECTRICAL,TAILGATE SWITCH O/F,SEG-C,440,TAILGATE SWITCH O/F - SEG-C,Mechanical
TAILGATE SWITCH O/F,998729,0,550.85,,9,9,0,ELECTRICAL,TAILGATE SWITCH O/F,SEG-D,650,TAILGATE SWITCH O/F - SEG-D,Mechanical
TAILGATE SWITCH O/F,998729,0,915.25,,9,9,0,ELECTRICAL,TAILGATE SWITCH O/F,SEG-P1,1080,TAILGATE SWITCH O/F - SEG-P1,Mechanical
TAILGATE SWITCH O/F,998729,0,1220.34,,9,9,0,ELECTRICAL,TAILGATE SWITCH O/F,SEG-P3,1440,TAILGATE SWITCH O/F - SEG-P3,Mechanical
TAILGATE SWITCH O/F,998729,0,1220.34,,9,9,0,ELECTRICAL,TAILGATE SWITCH O/F,SEG-P4,1440,TAILGATE SWITCH O/F - SEG-P4,Mechanical
TAILGATE SWITCH O/F,998729,0,372.88,,9,9,0,ELECTRICAL,TAILGATE SWITCH O/F,SEG-E,440,TAILGATE SWITCH O/F - SEG-E,Mechanical
TAILGATE TRIM PADDING,998729,1,4313.56,,9,9,0,UPHOLSTERY,TAILGATE TRIM PADDING,COMMON,5090,TAILGATE TRIM PADDING - COMMON,Mechanical
TAPE O/F,998729,0,618.64,,9,9,0,ACCESSORIES,MUSIC PLAYER,,730,TAPE O/F - ,Accessories
TAPPET COVER O/F,998729,0,618.64,,9,9,0,ENGINE,TAPPET COVER O/F,SEG-A,730,TAPPET COVER O/F - SEG-A,Mechanical
TAPPET COVER O/F,998729,0,1466.1,,9,9,0,ENGINE,TAPPET COVER O/F,SEG-C,1730,TAPPET COVER O/F - SEG-C,Mechanical
TAPPET COVER O/F,998729,0,1466.1,,9,9,0,ENGINE,TAPPET COVER O/F,SEG-D,1730,TAPPET COVER O/F - SEG-D,Mechanical
TAPPET COVER O/F,998729,0,1703.39,,9,9,0,ENGINE,TAPPET COVER O/F,SEG-E,2010,TAPPET COVER O/F - SEG-E,Mechanical
TAPPET COVER O/F,998729,0,3050.85,,9,9,0,ENGINE,TAPPET COVER O/F,SEG-F,3600,TAPPET COVER O/F - SEG-F,Mechanical
TAPPET COVER O/F,998729,0,3652.54,,9,9,0,ENGINE,TAPPET COVER O/F,SEG-P1,4310,TAPPET COVER O/F - SEG-P1,Mechanical
TAPPET COVER O/F,998729,0,4271.19,,9,9,0,ENGINE,TAPPET COVER O/F,SEG-P2,5040,TAPPET COVER O/F - SEG-P2,Mechanical
TAPPET COVER O/F,998729,0,7313.56,,9,9,0,ENGINE,TAPPET COVER O/F,SEG-P4,8630,TAPPET COVER O/F - SEG-P4,Mechanical
TAPPET COVER O/F,998729,0,1466.1,,9,9,0,ENGINE,TAPPET COVER O/F,SEG-B,1730,TAPPET COVER O/F - SEG-B,Mechanical
TAPPET COVER O/F,998729,0,4872.88,,9,9,0,ENGINE,TAPPET COVER O/F,SEG-P3,5750,TAPPET COVER O/F - SEG-P3,Mechanical
TAPPET COVER PKG O/F,998729,0,423.73,,9,9,0,ENGINE,TAPPET COVER PKG,SEG-B,500,TAPPET COVER PKG O/F - SEG-B,Mechanical
TAPPET COVER REPAIR,998729,0,9347.46,,9,9,0,ENGINE,TAPPET COVER,SEG-D,11030,TAPPET COVER REPAIR - SEG-D,Mechanical
TAPPET SETTING,998729,0,728.81,,9,9,0,ENGINE,TAPPET COVER O/F,SEG-B,860,TAPPET SETTING - SEG-B,Mechanical
TEMPERATURE SENSOR O/F,998729,0,2872.88,,9,9,0,ENGINE,AIR MASS SENSOR,SEG-P3,3390,TEMPERATURE SENSOR O/F - SEG-P3,Mechanical
TEMPERATURE SWITCH O/F,998729,0,508.48,,9,9,0,AIR CONDITIONER,AC SWITCH,SEG-D,600,TEMPERATURE SWITCH O/F - SEG-D,Mechanical
TEST LABOUR1,998729,0,100,TEST,9,9,0,AIR CONDITIONER,AC ACTUATOR,SEG-B,118,TEST LABOUR1 - SEG-B,Mechanical
TFE (HYBRID PRESSURE REFUELING ELECTRONIC CONTROL UNIT) CADING,998729,0,5000,,9,9,0,SCANNING SERVICE,CALIBRATION,,5900,TFE (HYBRID PRESSURE REFUELING ELECTRONIC CONTROL UNIT) CADING - ,Mechanical
THERMOSTATE O/F,998729,0,1152.54,,9,9,0,ENGINE COOLING,THERMOSTATE O/F,SEG-F,1360,THERMOSTATE O/F - SEG-F,Mechanical
THERMOSTATE O/F,998729,0,1830.51,,9,9,0,ENGINE COOLING,THERMOSTATE O/F,SEG-P2,2160,THERMOSTATE O/F - SEG-P2,Mechanical
THERMOSTATE O/F,998729,0,1440.68,,9,9,0,ENGINE COOLING,THERMOSTATE O/F,SEG-P1,1700,THERMOSTATE O/F - SEG-P1,Mechanical
THERMOSTATE O/F,998729,0,1830.51,,9,9,0,ENGINE COOLING,THERMOSTATE O/F,SEG-P3,2160,THERMOSTATE O/F - SEG-P3,Mechanical
THERMOSTATE O/F,998729,0,245.76,,9,9,0,ENGINE COOLING,THERMOSTATE O/F,SEG-A,290,THERMOSTATE O/F - SEG-A,Mechanical
THERMOSTATE O/F,998729,0,550.85,,9,9,0,ENGINE COOLING,THERMOSTATE O/F,SEG-C,650,THERMOSTATE O/F - SEG-C,Mechanical
THERMOSTATE O/F,998729,0,974.58,,9,9,0,ENGINE COOLING,THERMOSTATE O/F,SEG-D,1150,THERMOSTATE O/F - SEG-D,Mechanical
THERMOSTATE O/F,998729,0,3474.58,,9,9,0,ENGINE COOLING,THERMOSTATE O/F,SEG-P4,4100,THERMOSTATE O/F - SEG-P4,Mechanical
THERMOSTATE O/F,998729,0,550.85,,9,9,0,ENGINE COOLING,THERMOSTATE O/F,SEG-B,650,THERMOSTATE O/F - SEG-B,Mechanical
THERMOSTATE O/F,998729,0,796.61,,9,9,0,ENGINE COOLING,THERMOSTATE O/F,SEG-E,940,THERMOSTATE O/F - SEG-E,Mechanical
THERMOSTATE SWITCH FITTING,998729,0,618.64,,9,9,0,ENGINE COOLING,THERMOSTATE O/F,SEG-A,730,THERMOSTATE SWITCH FITTING - SEG-A,Mechanical
THERMOSTATE SWITCH O/F,998729,0,720.34,,9,9,0,ENGINE COOLING,THERMOSTATE O/F,SEG-B,850,THERMOSTATE SWITCH O/F - SEG-B,Mechanical
THERMOSTATE VALVE O/F,998729,0,1728.81,,9,9,0,ENGINE COOLING,THERMOSTATE VALVE,SEG-B,2040,THERMOSTATE VALVE O/F - SEG-B,Mechanical
THERMOSTATE WIRING REPAIR ,998729,0,2440.68,,9,9,0,ELECTRICAL,WIRING REPAIR,SEG-B,2880,THERMOSTATE WIRING REPAIR  - SEG-B,Mechanical
THIRD STOP LAMP O/F,998729,0,720.34,,9,9,0,ELECTRICAL,BULB O/F,,850,THIRD STOP LAMP O/F - ,Mechanical
THROTTLE BODY CLEAN,998729,0,796.61,,9,9,0,ENGINE,THROTTLE BODY SERVICE,SEG-E,940,THROTTLE BODY CLEAN - SEG-E,Mechanical
THROTTLE BODY CLEAN,998729,0,618.64,,9,9,0,ENGINE,THROTTLE BODY SERVICE,SEG-A,730,THROTTLE BODY CLEAN - SEG-A,Mechanical
THROTTLE BODY CLEAN,998729,0,669.49,,9,9,0,ENGINE,THROTTLE BODY SERVICE,SEG-B,790,THROTTLE BODY CLEAN - SEG-B,Mechanical
THROTTLE BODY CLEAN,998729,0,669.49,,9,9,0,ENGINE,THROTTLE BODY SERVICE,SEG-C,790,THROTTLE BODY CLEAN - SEG-C,Mechanical
THROTTLE BODY CLEAN,998729,0,796.61,,9,9,0,ENGINE,THROTTLE BODY SERVICE,SEG-D,940,THROTTLE BODY CLEAN - SEG-D,Mechanical
THROTTLE BODY CLEAN,998729,0,1152.54,,9,9,0,ENGINE,THROTTLE BODY SERVICE,SEG-F,1360,THROTTLE BODY CLEAN - SEG-F,Mechanical
THROTTLE BODY CLEAN,998729,0,0,,9,9,0,ENGINE,THROTTLE BODY SERVICE,SEG-P1,0,THROTTLE BODY CLEAN - SEG-P1,Mechanical
THROTTLE BODY CLEAN,998729,0,0,,9,9,0,ENGINE,THROTTLE BODY SERVICE,SEG-P2,0,THROTTLE BODY CLEAN - SEG-P2,Mechanical
THROTTLE BODY CLEAN,998729,0,0,,9,9,0,ENGINE,THROTTLE BODY SERVICE,SEG-P3,0,THROTTLE BODY CLEAN - SEG-P3,Mechanical
THROTTLE BODY O/F,998729,0,432.2,,9,9,0,ENGINE,THROTTLE BODY SERVICE,SEG-B,510,THROTTLE BODY O/F - SEG-B,Mechanical
THROTTLE BODY O/F,998729,0,432.2,,9,9,0,ENGINE,MANIFOLD,SEG-B,510,THROTTLE BODY O/F - SEG-B,Mechanical
TIE ROD END O/F FR BH,998729,0,728.81,,9,9,0,STEERING SYSTEM,TIE ROD END O/F,SEG-A,860,TIE ROD END O/F FR BH - SEG-A,Mechanical
TIE ROD END O/F FR BH,998729,0,728.81,,9,9,0,STEERING SYSTEM,TIE ROD END O/F,SEG-B,860,TIE ROD END O/F FR BH - SEG-B,Mechanical
TIE ROD END O/F FR BH,998729,0,974.58,,9,9,0,STEERING SYSTEM,TIE ROD END O/F,SEG-D,1150,TIE ROD END O/F FR BH - SEG-D,Mechanical
TIE ROD END O/F FR BH,998729,0,974.58,,9,9,0,STEERING SYSTEM,TIE ROD END O/F,SEG-F,1150,TIE ROD END O/F FR BH - SEG-F,Mechanical
TIE ROD END O/F FR BH,998729,0,1466.1,,9,9,0,STEERING SYSTEM,TIE ROD END O/F,SEG-P1,1730,TIE ROD END O/F FR BH - SEG-P1,Mechanical
TIE ROD END O/F FR BH,998729,0,1949.15,,9,9,0,STEERING SYSTEM,TIE ROD END O/F,SEG-P2,2300,TIE ROD END O/F FR BH - SEG-P2,Mechanical
TIE ROD END O/F FR BH,998729,0,2440.68,,9,9,0,STEERING SYSTEM,TIE ROD END O/F,SEG-P3,2880,TIE ROD END O/F FR BH - SEG-P3,Mechanical
TIE ROD END O/F FR BH,998729,0,974.58,,9,9,0,STEERING SYSTEM,TIE ROD END O/F,SEG-E,1150,TIE ROD END O/F FR BH - SEG-E,Mechanical
TIE ROD END O/F FR BH,998729,0,2923.73,,9,9,0,STEERING SYSTEM,TIE ROD END O/F,SEG-P4,3450,TIE ROD END O/F FR BH - SEG-P4,Mechanical
TIE ROD END O/F FR BH,998729,0,728.81,,9,9,0,STEERING SYSTEM,TIE ROD END O/F,SEG-C,860,TIE ROD END O/F FR BH - SEG-C,Mechanical
TIE ROD END O/F FR LH,998729,0,491.53,,9,9,0,STEERING SYSTEM,TIE ROD END O/F,SEG-E,580,TIE ROD END O/F FR LH - SEG-E,Mechanical
TIE ROD END O/F FR LH,998729,0,1466.1,,9,9,0,STEERING SYSTEM,TIE ROD END O/F,SEG-P4,1730,TIE ROD END O/F FR LH - SEG-P4,Mechanical
TIE ROD END O/F FR LH,998729,0,372.88,,9,9,0,STEERING SYSTEM,TIE ROD END O/F,SEG-A,440,TIE ROD END O/F FR LH - SEG-A,Mechanical
TIE ROD END O/F FR LH,998729,0,372.88,,9,9,0,STEERING SYSTEM,TIE ROD END O/F,SEG-B,440,TIE ROD END O/F FR LH - SEG-B,Mechanical
TIE ROD END O/F FR LH,998729,0,372.88,,9,9,0,STEERING SYSTEM,TIE ROD END O/F,SEG-C,440,TIE ROD END O/F FR LH - SEG-C,Mechanical
TIE ROD END O/F FR LH,998729,0,491.53,,9,9,0,STEERING SYSTEM,TIE ROD END O/F,SEG-D,580,TIE ROD END O/F FR LH - SEG-D,Mechanical
TIE ROD END O/F FR LH,998729,0,491.53,,9,9,0,STEERING SYSTEM,TIE ROD END O/F,SEG-F,580,TIE ROD END O/F FR LH - SEG-F,Mechanical
TIE ROD END O/F FR LH,998729,0,728.81,,9,9,0,STEERING SYSTEM,TIE ROD END O/F,SEG-P1,860,TIE ROD END O/F FR LH - SEG-P1,Mechanical
TIE ROD END O/F FR LH,998729,0,974.58,,9,9,0,STEERING SYSTEM,TIE ROD END O/F,SEG-P2,1150,TIE ROD END O/F FR LH - SEG-P2,Mechanical
TIE ROD END O/F FR LH,998729,0,1220.34,,9,9,0,STEERING SYSTEM,TIE ROD END O/F,SEG-P3,1440,TIE ROD END O/F FR LH - SEG-P3,Mechanical
TIE ROD END O/F FR RH,998729,0,372.88,,9,9,0,STEERING SYSTEM,TIE ROD END O/F,SEG-A,440,TIE ROD END O/F FR RH - SEG-A,Mechanical
TIE ROD END O/F FR RH,998729,0,372.88,,9,9,0,STEERING SYSTEM,TIE ROD END O/F,SEG-B,440,TIE ROD END O/F FR RH - SEG-B,Mechanical
TIE ROD END O/F FR RH,998729,0,372.88,,9,9,0,STEERING SYSTEM,TIE ROD END O/F,SEG-C,440,TIE ROD END O/F FR RH - SEG-C,Mechanical
TIE ROD END O/F FR RH,998729,0,491.53,,9,9,0,STEERING SYSTEM,TIE ROD END O/F,SEG-D,580,TIE ROD END O/F FR RH - SEG-D,Mechanical
TIE ROD END O/F FR RH,998729,0,491.53,,9,9,0,STEERING SYSTEM,TIE ROD END O/F,SEG-F,580,TIE ROD END O/F FR RH - SEG-F,Mechanical
TIE ROD END O/F FR RH,998729,0,728.81,,9,9,0,STEERING SYSTEM,TIE ROD END O/F,SEG-P1,860,TIE ROD END O/F FR RH - SEG-P1,Mechanical
TIE ROD END O/F FR RH,998729,0,974.58,,9,9,0,STEERING SYSTEM,TIE ROD END O/F,SEG-P2,1150,TIE ROD END O/F FR RH - SEG-P2,Mechanical
TIE ROD END O/F FR RH,998729,0,1220.34,,9,9,0,STEERING SYSTEM,TIE ROD END O/F,SEG-P3,1440,TIE ROD END O/F FR RH - SEG-P3,Mechanical
TIE ROD END O/F FR RH,998729,0,491.53,,9,9,0,STEERING SYSTEM,TIE ROD END O/F,SEG-E,580,TIE ROD END O/F FR RH - SEG-E,Mechanical
TIE ROD END O/F FR RH,998729,0,1466.1,,9,9,0,STEERING SYSTEM,TIE ROD END O/F,SEG-P4,1730,TIE ROD END O/F FR RH - SEG-P4,Mechanical
TIE ROD END O/F RR BH,998729,0,7076.27,SEGMENT 2000+TAX,9,9,0,STEERING SYSTEM,TIE ROD END,SEG-P3,8350,TIE ROD END O/F RR BH - SEG-P3,Mechanical
TIMING BELT O/F,998729,0,3050.85,,9,9,0,TIMING,TIMING BELT,SEG-P2,3600,TIMING BELT O/F - SEG-P2,Mechanical
TIMING COVER O/F,998729,0,1042.37,,9,9,0,TIMING,TIMING COVER,SEG-B,1230,TIMING COVER O/F - SEG-B,Mechanical
TIMING O/F,998729,0,4000,,9,9,0,TIMING,TIMING O/H,,4720,TIMING O/F - ,Mechanical
TIMING OVERHAUL,998729,0,3050.85,ENGINE O/F EXTRA,9,9,0,TIMING,TIMING O/H,SEG-B-DSL,3600,TIMING OVERHAUL - SEG-B-DSL,Mechanical
TIMING OVERHAUL,998729,0,3652.54,ENGINE O/F EXTRA,9,9,0,TIMING,TIMING O/H,SEG-C-DSL,4310,TIMING OVERHAUL - SEG-C-DSL,Mechanical
TIMING OVERHAUL,998729,0,4271.19,ENGINE O/F EXTRA,9,9,0,TIMING,TIMING O/H,SEG-E-DSL,5040,TIMING OVERHAUL - SEG-E-DSL,Mechanical
TIMING OVERHAUL,998729,0,5491.53,ENGINE O/F EXTRA,9,9,0,TIMING,TIMING O/H,SEG-F-DSL,6480,TIMING OVERHAUL - SEG-F-DSL,Mechanical
TIMING OVERHAUL,998729,0,3898.31,ENGINE O/F EXTRA,9,9,0,TIMING,TIMING O/H,SEG-E-PTL,4600,TIMING OVERHAUL - SEG-E-PTL,Mechanical
TIMING OVERHAUL,998729,0,974.58,ENGINE O/F EXTRA,9,9,0,TIMING,TIMING O/H,SEG-A-PTL/DSL,1150,TIMING OVERHAUL - SEG-A-PTL/DSL,Mechanical
TIMING OVERHAUL,998729,0,1949.15,ENGINE O/F EXTRA,9,9,0,TIMING,TIMING O/H,SEG-B-PTL,2300,TIMING OVERHAUL - SEG-B-PTL,Mechanical
TIMING OVERHAUL,998729,0,2194.92,ENGINE O/F EXTRA,9,9,0,TIMING,TIMING O/H,SEG-C-PTL,2590,TIMING OVERHAUL - SEG-C-PTL,Mechanical
TIMING OVERHAUL,998729,0,5754.24,ENGINE O/F EXTRA,9,9,0,TIMING,TIMING O/H,SEG-D-PTL/DSL,6790,TIMING OVERHAUL - SEG-D-PTL/DSL,Mechanical
TIMING OVERHAUL,998729,0,4872.88,ENGINE O/F EXTRA,9,9,0,TIMING,TIMING O/H,SEG-F-PTL,5750,TIMING OVERHAUL - SEG-F-PTL,Mechanical
TIMING OVERHAUL,998729,0,6093.22,ENGINE O/F EXTRA,9,9,0,TIMING,TIMING O/H,SEG-P1-PTL/DSL,7190,TIMING OVERHAUL - SEG-P1-PTL/DSL,Mechanical
TIMING OVERHAUL,998729,0,9144.07,ENGINE O/F EXTRA,9,9,0,TIMING,TIMING O/H,SEG-P2-P3-PTL/DSL,10790,TIMING OVERHAUL - SEG-P2-P3-PTL/DSL,Mechanical
TIMING OVERHAUL,998729,0,11576.27,ENGINE O/F EXTRA,9,9,0,TIMING,TIMING O/H,SEG-P4-PTL/DSL,13660,TIMING OVERHAUL - SEG-P4-PTL/DSL,Mechanical
TIMING PUMP SERVICE,998729,0,4669.49,,9,9,0,TIMING,,SEG-B,5510,TIMING PUMP SERVICE - SEG-B,Mechanical
TORQUE ROD O/F,998729,0,796.61,,9,9,0,ENGINE,TORQUE ROD,SEG-P2,940,TORQUE ROD O/F - SEG-P2,Mechanical
TOWING HOOK O/F RR,998729,1,500,,9,9,0,BODY PARTS,BUMPER O/F,SEG-F,590,TOWING HOOK O/F RR - SEG-F,Bodyshop
TOWING SERVICE,998729,1,3000,,9,9,0,PICKUP & DROP,TOWING SERVICE,COMMON,3540,TOWING SERVICE - COMMON,Mechanical
TPMS MODULE O/F,998729,0,728.81,,9,9,0,ELECTRICAL,SENSOR O/F,SEG-P3,860,TPMS MODULE O/F - SEG-P3,Mechanical
TRANSFER CASE O/F,998729,0,12228.81,,9,9,0,TRANSMISSION,GEAR BOX,,14430,TRANSFER CASE O/F - ,Mechanical
TRANSFER CASE OIL REPLACE,998729,0,800,,9,9,0,TRANSMISSION,GEAR OIL COOLER O/F,,944,TRANSFER CASE OIL REPLACE - ,Mechanical
TRANSFER CASE REPAIR,998729,1,143754.24,,9,9,0,TRANSMISSION,GEAR BOX,,169630,TRANSFER CASE REPAIR - ,Mechanical
TRANSMISSION CALIBRATION,998729,0,5000,,9,9,0,SCANNING SERVICE,CALIBRATION,SEG-P2,5900,TRANSMISSION CALIBRATION - SEG-P2,Mechanical
TRANSMISSION COADING ,998729,0,0,,9,9,0,TRANSMISSION,GEAR BOX O/F,,0,TRANSMISSION COADING  - ,Mechanical
TRANSMISSION CODING,998729,1,3593.22,,9,9,0,SCANNING SERVICE,CODING,,4240,TRANSMISSION CODING - ,Mechanical
TRANSMISSION CONTROL UNIT COADING,998729,0,15000,,9,9,NULL,SCANNING SERVICE,CODING,,17700,TRANSMISSION CONTROL UNIT COADING - ,Mechanical
TRANSMISSION CONTROL UNIT O/F,998729,0,7000,,9,9,0,TRANSMISSION,GEAR BOX O/F,,8260,TRANSMISSION CONTROL UNIT O/F - ,Mechanical
TRANSMISSION DISASSEMBLING,998729,1,7313.56,,9,9,0,TRANSMISSION,GEAR BOX O/F,SEG-P2,8630,TRANSMISSION DISASSEMBLING - SEG-P2,Mechanical
TRANSMISSION INTERCOOLER SERVICE,998729,0,4313.56,,9,9,0,ENGINE COOLING,INTERCOOLER,SEG-P1,5090,TRANSMISSION INTERCOOLER SERVICE - SEG-P1,Mechanical
TRANSMISSION O/F,998729,0,28754.24,,9,9,0,TRANSMISSION,GEAR BOX,SEG-P3,33930,TRANSMISSION O/F - SEG-P3,Mechanical
TRANSMISSION OIL CHAMBER O/F,998729,0,2161.02,,9,9,0,ENGINE,OIL CHAMBER,SEG-P2,2550,TRANSMISSION OIL CHAMBER O/F - SEG-P2,Mechanical
TRANSMISSION OIL PIPE O/F,998729,0,2500,,9,9,0,TRANSMISSION,DIFFERENTIAL O/F,,2950,TRANSMISSION OIL PIPE O/F - ,Mechanical
TRANSMISSION OIL PUMP O/F,998729,0,2500,,9,9,0,TRANSMISSION,GEAR CHANGER,,2950,TRANSMISSION OIL PUMP O/F - ,Mechanical
TRANSMISSION OIL REPLACE,998729,0,5491.53,,9,9,0,LUBRICANT,OIL CHANGE,SEG-P2,6480,TRANSMISSION OIL REPLACE - SEG-P2,Mechanical
TRANSMISSION OIL REPLACE,998729,0,1042.37,,9,9,0,LUBRICANT,OIL CHANGE,SEG-A,1230,TRANSMISSION OIL REPLACE - SEG-A,Mechanical
TRANSMISSION OIL REPLACE,998729,0,1042.37,,9,9,0,LUBRICANT,OIL CHANGE,SEG-B,1230,TRANSMISSION OIL REPLACE - SEG-B,Mechanical
TRANSMISSION OIL REPLACE,998729,0,1220.34,,9,9,0,LUBRICANT,OIL CHANGE,SEG-C,1440,TRANSMISSION OIL REPLACE - SEG-C,Mechanical
TRANSMISSION OIL REPLACE,998729,0,1220.34,,9,9,0,LUBRICANT,OIL CHANGE,SEG-D,1440,TRANSMISSION OIL REPLACE - SEG-D,Mechanical
TRANSMISSION OIL REPLACE,998729,0,1220.34,,9,9,0,LUBRICANT,OIL CHANGE,SEG-E,1440,TRANSMISSION OIL REPLACE - SEG-E,Mechanical
TRANSMISSION OIL REPLACE,998729,0,1466.1,,9,9,0,LUBRICANT,OIL CHANGE,SEG-F,1730,TRANSMISSION OIL REPLACE - SEG-F,Mechanical
TRANSMISSION OIL REPLACE,998729,0,4271.19,,9,9,0,LUBRICANT,OIL CHANGE,SEG-P1,5040,TRANSMISSION OIL REPLACE - SEG-P1,Mechanical
TRANSMISSION OIL REPLACE,998729,0,6703.39,,9,9,0,LUBRICANT,OIL CHANGE,SEG-P3,7910,TRANSMISSION OIL REPLACE - SEG-P3,Mechanical
TRANSMISSION OIL REPLACE,998729,0,7923.73,,9,9,0,LUBRICANT,OIL CHANGE,SEG-P4,9350,TRANSMISSION OIL REPLACE - SEG-P4,Mechanical
TRANSMISSION PROGRAMMING,998729,0,15500,,9,9,0,TRANSMISSION,GEAR CHANGER,,18290,TRANSMISSION PROGRAMMING - ,Mechanical
TRANSMISSION REPAIR,998729,1,553084.75,,9,9,0,TRANSMISSION,GEAR BOX,SEG-P3,652640,TRANSMISSION REPAIR - SEG-P3,Mechanical
TRIM O/F,998729,1,400,,9,9,0,BODY PARTS,TRIM O/F,,472,TRIM O/F - ,Bodyshop
TRIM PADDING,998729,1,593.22,,9,9,0,UPHOLSTERY,DOOR TRIM PADDING,,700,TRIM PADDING - ,Value Addition
TRUNK LID COVER O/F,998729,0,4313.56,,9,9,0,BODY PARTS,FENDER BRACKET,SEG-P3,5090,TRUNK LID COVER O/F - SEG-P3,Bodyshop
TRUNK LID COVER PAINTING LH,998729,1,3593.22,,9,9,0,PAINTING SERVICE,TAILGATE PAINT,SEG-P3,4240,TRUNK LID COVER PAINTING LH - SEG-P3,Bodyshop
TRUNK LID COVER PAINTING RH,998729,1,3593.22,,9,9,0,PAINTING SERVICE,TAILGATE PAINT,SEG-P3,4240,TRUNK LID COVER PAINTING RH - SEG-P3,Bodyshop
TRUNK LID PAINTING RR,998729,1,6474.58,,9,9,0,PAINTING SERVICE,LID PAINT,SEG-B,7640,TRUNK LID PAINTING RR - SEG-B,Bodyshop
TRUNK LID REPAIR ,998729,1,211.86,,9,9,0,BODY PARTS,TAILGATE REPAIR,SEG-D,250,TRUNK LID REPAIR  - SEG-D,Bodyshop
TRUNK LID REPAIR RR,998729,1,1084.75,,9,9,0,BODY PARTS,TAILGATE REPAIR,SEG-B,1280,TRUNK LID REPAIR RR - SEG-B,Bodyshop
TUBELESS VALVE FITTING,998729,0,211.86,,9,9,0,WHEELS & TYRES,TUBELESS VALVE,SEG-P1,250,TUBELESS VALVE FITTING - SEG-P1,Tyre
TURBO ACTUATOR REPAIR,998729,1,7906.78,,9,9,0,ENGINE,TURBO CHARGER O/F,SEG-P2,9330,TURBO ACTUATOR REPAIR - SEG-P2,Mechanical
TURBO CHARGER HOSE COCK O/F,998729,0,644.07,,9,9,0,ENGINE,TURBO PIPE O/F,SEG-C,760,TURBO CHARGER HOSE COCK O/F - SEG-C,Mechanical
TURBO CHARGER HOSE O/F,998729,0,550.85,,9,9,0,ENGINE,TURBO PIPE O/F,SEG-B,650,TURBO CHARGER HOSE O/F - SEG-B,Mechanical
TURBO CHARGER HOSE O/F,998729,0,550.85,,9,9,0,ENGINE,TURBO PIPE O/F,SEG-C,650,TURBO CHARGER HOSE O/F - SEG-C,Mechanical
TURBO CHARGER HOSE O/F,998729,0,796.61,,9,9,0,ENGINE,TURBO PIPE O/F,SEG-F,940,TURBO CHARGER HOSE O/F - SEG-F,Mechanical
TURBO CHARGER HOSE O/F,998729,0,1466.1,,9,9,0,ENGINE,TURBO PIPE O/F,SEG-P1,1730,TURBO CHARGER HOSE O/F - SEG-P1,Mechanical
TURBO CHARGER HOSE O/F,998729,0,2440.68,,9,9,0,ENGINE,TURBO PIPE O/F,SEG-P2,2880,TURBO CHARGER HOSE O/F - SEG-P2,Mechanical
TURBO CHARGER HOSE O/F,998729,0,2805.09,,9,9,0,ENGINE,TURBO PIPE O/F,SEG-P3,3310,TURBO CHARGER HOSE O/F - SEG-P3,Mechanical
TURBO CHARGER HOSE O/F,998729,0,3652.54,,9,9,0,ENGINE,TURBO PIPE O/F,SEG-P4,4310,TURBO CHARGER HOSE O/F - SEG-P4,Mechanical
TURBO CHARGER HOSE O/F,998729,0,550.85,,9,9,0,ENGINE,TURBO PIPE O/F,SEG-E,650,TURBO CHARGER HOSE O/F - SEG-E,Mechanical
TURBO CHARGER HOSE O/F,998729,0,796.61,,9,9,0,ENGINE,TURBO PIPE O/F,SEG-D,940,TURBO CHARGER HOSE O/F - SEG-D,Mechanical
TURBO CHARGER HOSE REPAIR,998729,1,9347.46,,9,9,0,ENGINE,TURBO PIPE REPAIR,SEG-C,11030,TURBO CHARGER HOSE REPAIR - SEG-C,Mechanical
TURBO CHARGER HOSE REPAIR,998729,0,1864.41,,9,9,0,ENGINE,TURBO PIPE REPAIR,SEG-B,2200,TURBO CHARGER HOSE REPAIR - SEG-B,Mechanical
TURBO CHARGER O/F,998729,0,4271.19,,9,9,0,ENGINE,TURBO CHARGER O/F,SEG-D,5040,TURBO CHARGER O/F - SEG-D,Mechanical
TURBO CHARGER O/F,998729,0,7313.56,,9,9,0,ENGINE,TURBO CHARGER O/F,SEG-P2,8630,TURBO CHARGER O/F - SEG-P2,Mechanical
TURBO CHARGER O/F,998729,0,3652.54,,9,9,0,ENGINE,TURBO CHARGER O/F,SEG-B,4310,TURBO CHARGER O/F - SEG-B,Mechanical
TURBO CHARGER O/F,998729,0,3652.54,,9,9,0,ENGINE,TURBO CHARGER O/F,SEG-C,4310,TURBO CHARGER O/F - SEG-C,Mechanical
TURBO CHARGER O/F,998729,0,3898.31,,9,9,0,ENGINE,TURBO CHARGER O/F,SEG-E,4600,TURBO CHARGER O/F - SEG-E,Mechanical
TURBO CHARGER O/F,998729,0,4872.88,,9,9,0,ENGINE,TURBO CHARGER O/F,SEG-F,5750,TURBO CHARGER O/F - SEG-F,Mechanical
TURBO CHARGER O/F,998729,0,6703.39,,9,9,0,ENGINE,TURBO CHARGER O/F,SEG-P1,7910,TURBO CHARGER O/F - SEG-P1,Mechanical
TURBO CHARGER O/F,998729,0,10966.1,,9,9,0,ENGINE,TURBO CHARGER O/F,SEG-P3,12940,TURBO CHARGER O/F - SEG-P3,Mechanical
TURBO CHARGER O/F,998729,0,12186.44,,9,9,0,ENGINE,TURBO CHARGER O/F,SEG-P4,14380,TURBO CHARGER O/F - SEG-P4,Mechanical
TURBO CHARGER SERVICE,998729,1,3228.81,,9,9,0,ENGINE,TURBO CHARGER,SEG-C,3810,TURBO CHARGER SERVICE - SEG-C,Mechanical
TURBO REPAIR AND OVERHAULING,998729,0,4872.88,,9,9,0,ENGINE,TURBO CHARGER,,5750,TURBO REPAIR AND OVERHAULING - ,Mechanical
TURBO SERVICE,998729,1,2254.24,,9,9,0,ENGINE,TURBO CHARGER,SEG-C,2660,TURBO SERVICE - SEG-C,Mechanical
TURBO SERVICE,998729,1,5033.9,,9,9,0,ENGINE,TURBO CHARGER,SEG-D,5940,TURBO SERVICE - SEG-D,Mechanical
TURBO SERVICE,998729,1,3593.22,,9,9,0,ENGINE,TURBO CHARGER,SEG-P1,4240,TURBO SERVICE - SEG-P1,Mechanical
TURBO SERVICE,998729,1,2542.37,,9,9,0,ENGINE,TURBO CHARGER,SEG-B,3000,TURBO SERVICE - SEG-B,Mechanical
TURBO VALVE O/F,998729,0,576.27,,9,9,0,ENGINE,TURBO CHARGER O/F,SEG-D,680,TURBO VALVE O/F - SEG-D,Mechanical
TURTLE CERAMIC HYDRO + 10H,998729,1,17254.24,,9,9,0,CAR CARE,CERAMIC COATING,HATCHBACK,20360,TURTLE CERAMIC HYDRO + 10H - HATCHBACK,Value Addition
TURTLE CERAMIC HYDRO + 10H,998729,1,19550.85,,9,9,0,CAR CARE,CERAMIC COATING,SEDAN,23070,TURTLE CERAMIC HYDRO + 10H - SEDAN,Value Addition
TURTLE CERAMIC HYDRO + 10H,998729,1,23000,,9,9,0,CAR CARE,CERAMIC COATING,"MPV, SUV",27140,"TURTLE CERAMIC HYDRO + 10H - MPV, SUV",Value Addition
TURTLE CERAMIC HYDRO + 10H,998729,1,26449.15,,9,9,0,CAR CARE,CERAMIC COATING,PREMIUM,31210,TURTLE CERAMIC HYDRO + 10H - PREMIUM,Value Addition
TYRE O/F,998729,0,177.97,EACH,9,9,0,WHEELS & TYRES,TYRE O/F,SEG-D,210,TYRE O/F - SEG-D,Tyre
TYRE O/F,998729,0,423.73,EACH,9,9,0,WHEELS & TYRES,TYRE O/F,SEG-P4,500,TYRE O/F - SEG-P4,Tyre
TYRE O/F,998729,0,177.97,EACH,9,9,0,WHEELS & TYRES,TYRE O/F,SEG-F,210,TYRE O/F - SEG-F,Tyre
TYRE O/F,998729,0,305.09,EACH,9,9,0,WHEELS & TYRES,TYRE O/F,SEG-P2,360,TYRE O/F - SEG-P2,Tyre
TYRE O/F,998729,0,245.76,EACH,9,9,0,WHEELS & TYRES,TYRE O/F,SEG-P1,290,TYRE O/F - SEG-P1,Tyre
TYRE O/F,998729,0,127.12,EACH,9,9,0,WHEELS & TYRES,TYRE O/F,SEG-A,150,TYRE O/F - SEG-A,Tyre
TYRE O/F,998729,0,127.12,EACH,9,9,0,WHEELS & TYRES,TYRE O/F,SEG-B,150,TYRE O/F - SEG-B,Tyre
TYRE O/F,998729,0,177.97,EACH,9,9,0,WHEELS & TYRES,TYRE O/F,SEG-C,210,TYRE O/F - SEG-C,Tyre
TYRE O/F,998729,0,372.88,EACH,9,9,0,WHEELS & TYRES,TYRE O/F,SEG-P3,440,TYRE O/F - SEG-P3,Tyre
TYRE O/F,998729,0,177.97,EACH,9,9,0,WHEELS & TYRES,TYRE O/F,SEG-E,210,TYRE O/F - SEG-E,Tyre
TYRE PATCHING,998729,0,508.48,,9,9,0,WHEELS & TYRES,PUNCTURE PATCH,SEG-SUV,600,TYRE PATCHING - SEG-SUV,Tyre
TYRE PRESSURE SENSOR O/F,998729,0,457.63,,9,9,0,WHEELS & TYRES,TUBELESS VALVE,SEG-F,540,TYRE PRESSURE SENSOR O/F - SEG-F,Mechanical
TYRE PUNCTURE REPAIR MUSHROOM,998729,0,423.73,INCL W/B + WEIGHT,9,9,0,WHEELS & TYRES,PUNCTURE RPEAIR,"WR-12""",500,"TYRE PUNCTURE REPAIR MUSHROOM - WR-12""",Tyre
TYRE PUNCTURE REPAIR MUSHROOM,998729,0,423.73,INCL W/B + WEIGHT,9,9,0,WHEELS & TYRES,PUNCTURE RPEAIR,"WR-13""",500,"TYRE PUNCTURE REPAIR MUSHROOM - WR-13""",Tyre
TYRE PUNCTURE REPAIR MUSHROOM,998729,0,423.73,INCL W/B + WEIGHT,9,9,0,WHEELS & TYRES,PUNCTURE RPEAIR,"WR-14""",500,"TYRE PUNCTURE REPAIR MUSHROOM - WR-14""",Tyre
TYRE PUNCTURE REPAIR MUSHROOM,998729,0,423.73,INCL W/B + WEIGHT,9,9,0,WHEELS & TYRES,PUNCTURE RPEAIR,"WR-15""",500,"TYRE PUNCTURE REPAIR MUSHROOM - WR-15""",Tyre
TYRE PUNCTURE REPAIR MUSHROOM,998729,0,423.73,INCL W/B + WEIGHT,9,9,0,WHEELS & TYRES,PUNCTURE RPEAIR,"WR-16""",500,"TYRE PUNCTURE REPAIR MUSHROOM - WR-16""",Tyre
TYRE PUNCTURE REPAIR MUSHROOM,998729,0,550.85,INCL W/B + WEIGHT,9,9,0,WHEELS & TYRES,PUNCTURE RPEAIR,"WR-17-18""",650,"TYRE PUNCTURE REPAIR MUSHROOM - WR-17-18""",Tyre
TYRE PUNCTURE REPAIR MUSHROOM,998729,0,618.64,INCL W/B + WEIGHT,9,9,0,WHEELS & TYRES,PUNCTURE RPEAIR,"WR-19-20""",730,"TYRE PUNCTURE REPAIR MUSHROOM - WR-19-20""",Tyre
TYRE PUNCTURE REPAIR MUSHROOM,998729,0,728.81,INCL W/B + WEIGHT,9,9,0,WHEELS & TYRES,PUNCTURE RPEAIR,"WR-21-22""",860,"TYRE PUNCTURE REPAIR MUSHROOM - WR-21-22""",Tyre
TYRE PUNCTURE REPAIR NITROGEN,998729,0,0,N/A,9,9,0,WHEELS & TYRES,PUNCTURE RPEAIR,SEG-C,0,TYRE PUNCTURE REPAIR NITROGEN - SEG-C,Tyre
TYRE PUNCTURE REPAIR NITROGEN,998729,0,0,N/A,9,9,0,WHEELS & TYRES,PUNCTURE RPEAIR,SEG-A,0,TYRE PUNCTURE REPAIR NITROGEN - SEG-A,Tyre
TYRE PUNCTURE REPAIR NITROGEN,998729,0,0,N/A,9,9,0,WHEELS & TYRES,PUNCTURE RPEAIR,SEG-B,0,TYRE PUNCTURE REPAIR NITROGEN - SEG-B,Tyre
TYRE PUNCTURE REPAIR NITROGEN,998729,0,0,N/A,9,9,0,WHEELS & TYRES,PUNCTURE RPEAIR,SEG-D,0,TYRE PUNCTURE REPAIR NITROGEN - SEG-D,Tyre
TYRE PUNCTURE REPAIR NITROGEN,998729,0,0,N/A,9,9,0,WHEELS & TYRES,PUNCTURE RPEAIR,SEG-SUV,0,TYRE PUNCTURE REPAIR NITROGEN - SEG-SUV,Tyre
TYRE PUNCTURE REPAIR NITROGEN,998729,0,0,N/A,9,9,0,WHEELS & TYRES,PUNCTURE RPEAIR,SEG-P1,0,TYRE PUNCTURE REPAIR NITROGEN - SEG-P1,Tyre
TYRE PUNCTURE REPAIR NITROGEN,998729,0,0,N/A,9,9,0,WHEELS & TYRES,PUNCTURE RPEAIR,SEG-P2,0,TYRE PUNCTURE REPAIR NITROGEN - SEG-P2,Tyre
TYRE PUNCTURE REPAIR NITROGEN,998729,0,0,N/A,9,9,0,WHEELS & TYRES,PUNCTURE RPEAIR,SEG-P3,0,TYRE PUNCTURE REPAIR NITROGEN - SEG-P3,Tyre
TYRE ROTATION,998729,0,245.76,,9,9,0,WHEELS & TYRES,TYRE ROTATION,SEG-A,290,TYRE ROTATION - SEG-A,Tyre
TYRE ROTATION,998729,0,245.76,,9,9,0,WHEELS & TYRES,TYRE ROTATION,SEG-B,290,TYRE ROTATION - SEG-B,Tyre
TYRE ROTATION,998729,0,245.76,,9,9,0,WHEELS & TYRES,TYRE ROTATION,SEG-C,290,TYRE ROTATION - SEG-C,Tyre
TYRE ROTATION,998729,0,245.76,,9,9,0,WHEELS & TYRES,TYRE ROTATION,SEG-D,290,TYRE ROTATION - SEG-D,Tyre
TYRE ROTATION,998729,0,372.88,,9,9,0,WHEELS & TYRES,TYRE ROTATION,SEG-F,440,TYRE ROTATION - SEG-F,Tyre
TYRE ROTATION,998729,0,372.88,,9,9,0,WHEELS & TYRES,TYRE ROTATION,SEG-P1,440,TYRE ROTATION - SEG-P1,Tyre
TYRE ROTATION,998729,0,372.88,,9,9,0,WHEELS & TYRES,TYRE ROTATION,SEG-P2,440,TYRE ROTATION - SEG-P2,Tyre
TYRE ROTATION,998729,0,372.88,,9,9,0,WHEELS & TYRES,TYRE ROTATION,SEG-P3,440,TYRE ROTATION - SEG-P3,Tyre
TYRE ROTATION,998729,0,372.88,,9,9,0,WHEELS & TYRES,TYRE ROTATION,SEG-E,440,TYRE ROTATION - SEG-E,Tyre
TYRE ROTATION,998729,0,372.88,,9,9,0,WHEELS & TYRES,TYRE ROTATION,SEG-P4,440,TYRE ROTATION - SEG-P4,Tyre
TYRE SPACER O/F,998729,0,93.22,,9,9,0,WHEELS & TYRES,TYRE,,110,TYRE SPACER O/F - ,Tyre
U.J. CROSS O/F,998729,0,1440.68,,9,9,0,TRANSMISSION,U.J. JOINT ,SEG-SUV,1700,U.J. CROSS O/F - SEG-SUV,Mechanical
UNDER BODY COVER O/F,998729,0,150,,9,9,0,BODY PARTS,ENGINE COVER,,177,UNDER BODY COVER O/F - ,Bodyshop
UNDER BODY COVER O/F ALL,998729,0,1440.68,,9,9,0,BODY PARTS,ENGINE COVER,,1700,UNDER BODY COVER O/F ALL - ,Bodyshop
UNDERBODY PROTECTION PLATE O/F,998729,1,855.93,,9,9,0,BODY PARTS,ENGINE COVER O/F,SEG-F,1010,UNDERBODY PROTECTION PLATE O/F - SEG-F,Bodyshop
UPPER GRILL PAINTING,998729,1,0,,9,9,0,PAINTING SERVICE,SHOW GRILLE PAINT,SEG-SUV,0,UPPER GRILL PAINTING - SEG-SUV,Bodyshop
UPPER TAILGATE REPAIR,998729,1,1000,,9,9,0,BODY PARTS,AIR DUCT,SEG-P2,1180,UPPER TAILGATE REPAIR - SEG-P2,Bodyshop
USB PORT WIRING,998729,1,423.73,,9,9,0,ELECTRICAL,WIRING REPAIR,,500,USB PORT WIRING - ,Mechanical
VACUUM CLEAN,998729,0,288.14,,9,9,0,CAR CARE,INTERIOR CLEANING,COMMON,340,VACUUM CLEAN - COMMON,Value Addition
VACUUM CONTROL VALVE O/F,998729,0,1440.68,,9,9,0,ENGINE,EGR VALVE,,1700,VACUUM CONTROL VALVE O/F - ,Mechanical
VACUUM PIPE O/F,998729,0,245.76,,9,9,0,ENGINE COOLING,HOSE PIPE,SEG-C,290,VACUUM PIPE O/F - SEG-C,Mechanical
VACUUM PUMP O/F,998729,0,432.2,,9,9,0,ENGINE COOLING,HOSE PIPE,SEG-C,510,VACUUM PUMP O/F - SEG-C,Mechanical
VALVE BODY O/F,998729,0,7000,,9,9,0,ENGINE,ENGINE VALVE,,8260,VALVE BODY O/F - ,Mechanical
VALVE REFACING,998729,0,288.14,,9,9,0,LATHE WORK,HEAD REPOWERING,SEG-D,340,VALVE REFACING - SEG-D,Mechanical
VDC MODULE O/F,998729,0,2161.02,,9,9,0,SUSPENSION,STRUT,SUSPENSION,2550,VDC MODULE O/F - SUSPENSION,Mechanical
VENT LINE O/F,998729,0,1440.68,,9,9,0,ENGINE COOLING,HOSE PIPE,SEG-P2,1700,VENT LINE O/F - SEG-P2,Mechanical
VOLTAGE CONVERTER O/F,998729,0,1152.54,,9,9,0,ELECTRICAL,AUXILIARY BATTERY,SEG-P1,1360,VOLTAGE CONVERTER O/F - SEG-P1,Mechanical
VOLUME AIR FLOW SENSOR O/F,998729,0,372.88,,9,9,0,ELECTRICAL,SENSOR O/F,SEG-B,440,VOLUME AIR FLOW SENSOR O/F - SEG-B,Mechanical
WASHING & CLEANING,998729,1,966.1,,9,9,0,CAR CARE,WASHING & CLEANING,SEG-E,1140,WASHING & CLEANING - SEG-E,Value Addition
WASHING & CLEANING,998729,1,1610.17,,9,9,0,CAR CARE,WASHING & CLEANING,SEG-P4,1900,WASHING & CLEANING - SEG-P4,Value Addition
WASHING & CLEANING,998729,1,1076.27,,9,9,0,CAR CARE,WASHING & CLEANING,SEG-F,1270,WASHING & CLEANING - SEG-F,Value Addition
WASHING & CLEANING,998729,1,644.07,,9,9,0,CAR CARE,WASHING & CLEANING,SEG-B,760,WASHING & CLEANING - SEG-B,Value Addition
WASHING & CLEANING,998729,1,754.24,,9,9,0,CAR CARE,WASHING & CLEANING,SEG-C,890,WASHING & CLEANING - SEG-C,Value Addition
WASHING & CLEANING,998729,1,855.93,,9,9,0,CAR CARE,WASHING & CLEANING,SEG-D,1010,WASHING & CLEANING - SEG-D,Value Addition
WASHING & CLEANING,998729,1,1186.44,,9,9,0,CAR CARE,WASHING & CLEANING,SEG-P1,1400,WASHING & CLEANING - SEG-P1,Value Addition
WASHING & CLEANING,998729,1,1186.44,,9,9,0,CAR CARE,WASHING & CLEANING,SEG-P2,1400,WASHING & CLEANING - SEG-P2,Value Addition
WASHING & CLEANING,998729,1,1398.31,,9,9,0,CAR CARE,WASHING & CLEANING,SEG-P3,1650,WASHING & CLEANING - SEG-P3,Value Addition
WASHING & CLEANING,998729,1,542.37,,9,9,0,CAR CARE,WASHING & CLEANING,SEG-A,640,WASHING & CLEANING - SEG-A,Value Addition
WATER DIFLECTOR O/F LH,998729,1,1042.37,,9,9,0,BODY PARTS,WATER DEFLECTOR,,1230,WATER DIFLECTOR O/F LH - ,Bodyshop
WATER DIFLECTOR O/F RH,998729,1,1042.37,,9,9,0,BODY PARTS,WATER DEFLECTOR,,1230,WATER DIFLECTOR O/F RH - ,Bodyshop
WATER LEAKAGE CHECK & REPAIR,998729,0,1728.81,,9,9,0,GENERAL SERVICE,DEWATERING,COMMON,2040,WATER LEAKAGE CHECK & REPAIR - COMMON,Mechanical
WATER PUMP BELT O/F,998729,0,796.61,,9,9,0,ENGINE,FAN BELT O/F,SEG-E,940,WATER PUMP BELT O/F - SEG-E,Mechanical
WATER PUMP BELT O/F,998729,0,1703.39,,9,9,0,ENGINE,FAN BELT O/F,SEG-P4,2010,WATER PUMP BELT O/F - SEG-P4,Mechanical
WATER PUMP BELT O/F,998729,0,245.76,,9,9,0,ENGINE,FAN BELT O/F,SEG-A,290,WATER PUMP BELT O/F - SEG-A,Mechanical
WATER PUMP BELT O/F,998729,0,550.85,,9,9,0,ENGINE,FAN BELT O/F,SEG-B,650,WATER PUMP BELT O/F - SEG-B,Mechanical
WATER PUMP BELT O/F,998729,0,550.85,,9,9,0,ENGINE,FAN BELT O/F,SEG-C,650,WATER PUMP BELT O/F - SEG-C,Mechanical
WATER PUMP BELT O/F,998729,0,796.61,,9,9,0,ENGINE,FAN BELT O/F,SEG-D,940,WATER PUMP BELT O/F - SEG-D,Mechanical
WATER PUMP BELT O/F,998729,0,974.58,,9,9,0,ENGINE,FAN BELT O/F,SEG-F,1150,WATER PUMP BELT O/F - SEG-F,Mechanical
WATER PUMP BELT O/F,998729,0,1466.1,,9,9,0,ENGINE,FAN BELT O/F,SEG-P1,1730,WATER PUMP BELT O/F - SEG-P1,Mechanical
WATER PUMP BELT O/F,998729,0,1593.22,,9,9,0,ENGINE,FAN BELT O/F,SEG-P2,1880,WATER PUMP BELT O/F - SEG-P2,Mechanical
WATER PUMP BELT O/F,998729,0,1593.22,,9,9,0,ENGINE,FAN BELT O/F,SEG-P3,1880,WATER PUMP BELT O/F - SEG-P3,Mechanical
WATER PUMP O/F,998729,0,728.81,TIMING O/F EXTRA,9,9,0,ENGINE COOLING,WATER PUMP O/F,SEG-A,860,WATER PUMP O/F - SEG-A,Mechanical
WATER PUMP O/F,998729,0,4271.19,TIMING O/F EXTRA,9,9,0,ENGINE COOLING,WATER PUMP O/F,SEG-F,5040,WATER PUMP O/F - SEG-F,Mechanical
WATER PUMP O/F,998729,0,2194.92,TIMING O/F EXTRA,9,9,0,ENGINE COOLING,WATER PUMP O/F,SEG-E,2590,WATER PUMP O/F - SEG-E,Mechanical
WATER PUMP O/F,998729,0,7313.56,TIMING O/F EXTRA,9,9,0,ENGINE COOLING,WATER PUMP O/F,SEG-P4,8630,WATER PUMP O/F - SEG-P4,Mechanical
WATER PUMP O/F,998729,0,1830.51,TIMING O/F EXTRA,9,9,0,ENGINE COOLING,WATER PUMP O/F,SEG-B,2160,WATER PUMP O/F - SEG-B,Mechanical
WATER PUMP O/F,998729,0,5491.53,TIMING O/F EXTRA,9,9,0,ENGINE COOLING,WATER PUMP O/F,SEG-P2,6480,WATER PUMP O/F - SEG-P2,Mechanical
WATER PUMP O/F,998729,0,6093.22,TIMING O/F EXTRA,9,9,0,ENGINE COOLING,WATER PUMP O/F,SEG-P3,7190,WATER PUMP O/F - SEG-P3,Mechanical
WATER PUMP O/F,998729,0,1830.51,TIMING O/F EXTRA,9,9,0,ENGINE COOLING,WATER PUMP O/F,SEG-C,2160,WATER PUMP O/F - SEG-C,Mechanical
WATER PUMP O/F,998729,0,2440.68,TIMING O/F EXTRA,9,9,0,ENGINE COOLING,WATER PUMP O/F,SEG-D,2880,WATER PUMP O/F - SEG-D,Mechanical
WATER PUMP O/F,998729,0,4872.88,TIMING O/F EXTRA,9,9,0,ENGINE COOLING,WATER PUMP O/F,SEG-P1,5750,WATER PUMP O/F - SEG-P1,Mechanical
WATER PUMP PULLEY ALIGNMENT,998729,1,3016.95,,9,9,0,ENGINE COOLING,WATER PUMP O/F,,3560,WATER PUMP PULLEY ALIGNMENT - ,Mechanical
WATER REPELLENT TREATMENT ,998729,1,576.27,,9,9,0,CAR CARE,WATER REPELLENT TREATMENT,SEG-SUV,680,WATER REPELLENT TREATMENT  - SEG-SUV,Value Addition
WAX POLISHING,998729,0,2194.92,BY HAND,9,9,0,CAR CARE,WAX POLISH,SEG-E,2590,WAX POLISHING - SEG-E,Value Addition
WAX POLISHING,998729,0,3652.54,BY HAND,9,9,0,CAR CARE,WAX POLISH,SEG-P4,4310,WAX POLISHING - SEG-P4,Value Addition
WAX POLISHING,998729,1,1220.34,BY HAND,9,9,0,CAR CARE,WAX POLISH,SEG-A,1440,WAX POLISHING - SEG-A,Value Addition
WAX POLISHING,998729,1,1466.1,BY HAND,9,9,0,CAR CARE,WAX POLISH,SEG-B,1730,WAX POLISHING - SEG-B,Value Addition
WAX POLISHING,998729,1,1703.39,BY HAND,9,9,0,CAR CARE,WAX POLISH,SEG-C,2010,WAX POLISHING - SEG-C,Value Addition
WAX POLISHING,998729,1,1949.15,BY HAND,9,9,0,CAR CARE,WAX POLISH,SEG-D,2300,WAX POLISHING - SEG-D,Value Addition
WAX POLISHING,998729,1,2440.68,BY HAND,9,9,0,CAR CARE,WAX POLISH,SEG-F,2880,WAX POLISHING - SEG-F,Value Addition
WAX POLISHING,998729,1,2677.97,BY HAND,9,9,0,CAR CARE,WAX POLISH,SEG-P1,3160,WAX POLISHING - SEG-P1,Value Addition
WAX POLISHING,998729,1,2677.97,BY HAND,9,9,0,CAR CARE,WAX POLISH,SEG-P2,3160,WAX POLISHING - SEG-P2,Value Addition
WAX POLISHING,998729,1,3169.49,BY HAND,9,9,0,CAR CARE,WAX POLISH,SEG-P3,3740,WAX POLISHING - SEG-P3,Value Addition
WEIGHT WHEEL BALANCE NORMAL 15G,998729,0,33.9,,9,9,0,WHEELS & TYRES,BALANCING WEIGHT,COMMON,40,WEIGHT WHEEL BALANCE NORMAL 15G - COMMON,Tyre
WELDING CHARGES,998729,1,1440.68,,9,9,0,BODY PARTS,DENTING CHARGE,COMMON,1700,WELDING CHARGES - COMMON,Bodyshop
WELDING WORK,998729,1,288.14,,9,9,0,BODY PARTS,DENTING CHARGE,COMMON,340,WELDING WORK - COMMON,Bodyshop
WELLCOME LIGHT FITTING,998729,1,1000,,9,9,0,ACCESSORIES,LED LIGHT FITTING,,1180,WELLCOME LIGHT FITTING - ,Accessories
WHEEL ACCELERATION SENSOR FR LH O/F,998729,0,9347.46,,9,9,0,BRAKE,BRAKE SENSOR,SEG-P1,11030,WHEEL ACCELERATION SENSOR FR LH O/F - SEG-P1,Mechanical
WHEEL ALIGNMENT,998729,0,728.81,,9,9,0,WHEELS & TYRES,WHEEL ALIGNMENT,SEG-E,860,WHEEL ALIGNMENT - SEG-E,Tyre
WHEEL ALIGNMENT,998729,0,4872.88,,9,9,0,WHEELS & TYRES,WHEEL ALIGNMENT,SEG-P4,5750,WHEEL ALIGNMENT - SEG-P4,Tyre
WHEEL ALIGNMENT,998729,0,974.58,,9,9,0,WHEELS & TYRES,WHEEL ALIGNMENT,SEG-D,1150,WHEEL ALIGNMENT - SEG-D,Tyre
WHEEL ALIGNMENT,998729,0,491.53,,9,9,0,WHEELS & TYRES,WHEEL ALIGNMENT,SEG-A,580,WHEEL ALIGNMENT - SEG-A,Tyre
WHEEL ALIGNMENT,998729,0,618.64,,9,9,0,WHEELS & TYRES,WHEEL ALIGNMENT,SEG-B,730,WHEEL ALIGNMENT - SEG-B,Tyre
WHEEL ALIGNMENT,998729,0,728.81,,9,9,0,WHEELS & TYRES,WHEEL ALIGNMENT,SEG-C,860,WHEEL ALIGNMENT - SEG-C,Tyre
WHEEL ALIGNMENT,998729,0,1042.37,,9,9,0,WHEELS & TYRES,WHEEL ALIGNMENT,SEG-F,1230,WHEEL ALIGNMENT - SEG-F,Tyre
WHEEL ALIGNMENT,998729,0,1830.51,,9,9,0,WHEELS & TYRES,WHEEL ALIGNMENT,SEG-P1,2160,WHEEL ALIGNMENT - SEG-P1,Tyre
WHEEL ALIGNMENT,998729,0,2440.68,,9,9,0,WHEELS & TYRES,WHEEL ALIGNMENT,SEG-P2,2880,WHEEL ALIGNMENT - SEG-P2,Tyre
WHEEL ALIGNMENT,998729,0,3415.25,,9,9,0,WHEELS & TYRES,WHEEL ALIGNMENT,SEG-P3,4030,WHEEL ALIGNMENT - SEG-P3,Tyre
WHEEL ARCH CLADDING O/F,998729,1,211.86,,9,9,0,BODY PARTS,BODY CLADDING,SEG-B,250,WHEEL ARCH CLADDING O/F - SEG-B,Bodyshop
WHEEL ARCH CLADDING PAINTING LH,998729,1,1500,,9,9,0,PAINTING SERVICE,BODY PILLAR PAINT,SEG-P2,1770,WHEEL ARCH CLADDING PAINTING LH - SEG-P2,Bodyshop
WHEEL ARCH CLADDING PAINTING RH,998729,1,0,,9,9,0,PAINTING SERVICE,BODY PILLAR PAINT,SEG-P2,0,WHEEL ARCH CLADDING PAINTING RH - SEG-P2,Bodyshop
WHEEL BALANCING,998729,0,728.81,,9,9,0,WHEELS & TYRES,WHEEL BALANCING,SEG-D-S/R,860,WHEEL BALANCING - SEG-D-S/R,Tyre
WHEEL BALANCING,998729,0,796.61,,9,9,0,WHEELS & TYRES,WHEEL BALANCING,SEG-E-A/R,940,WHEEL BALANCING - SEG-E-A/R,Tyre
WHEEL BALANCING,998729,0,1830.51,,9,9,0,WHEELS & TYRES,WHEEL BALANCING,SEG-P4-A/R,2160,WHEEL BALANCING - SEG-P4-A/R,Tyre
WHEEL BALANCING,998729,0,584.75,,9,9,0,WHEELS & TYRES,WHEEL BALANCING,SEG-A-S/R,690,WHEEL BALANCING - SEG-A-S/R,Tyre
WHEEL BALANCING,998729,0,584.75,,9,9,0,WHEELS & TYRES,WHEEL BALANCING,SEG-B-S/R,690,WHEEL BALANCING - SEG-B-S/R,Tyre
WHEEL BALANCING,998729,0,669.49,,9,9,0,WHEELS & TYRES,WHEEL BALANCING,SEG-E-S/R,790,WHEEL BALANCING - SEG-E-S/R,Tyre
WHEEL BALANCING,998729,0,728.81,,9,9,0,WHEELS & TYRES,WHEEL BALANCING,SEG-F-S/R,860,WHEEL BALANCING - SEG-F-S/R,Tyre
WHEEL BALANCING,998729,0,1593.22,,9,9,0,WHEELS & TYRES,WHEEL BALANCING,SEG-P1-A/R,1880,WHEEL BALANCING - SEG-P1-A/R,Tyre
WHEEL BALANCING,998729,0,1593.22,,9,9,0,WHEELS & TYRES,WHEEL BALANCING,SEG-P2-A/R,1880,WHEEL BALANCING - SEG-P2-A/R,Tyre
WHEEL BALANCING,998729,0,1830.51,,9,9,0,WHEELS & TYRES,WHEEL BALANCING,SEG-P3-A/R,2160,WHEEL BALANCING - SEG-P3-A/R,Tyre
WHEEL BALANCING,998729,0,855.93,,9,9,0,WHEELS & TYRES,WHEEL BALANCING,SEG-F-A/R,1010,WHEEL BALANCING - SEG-F-A/R,Tyre
WHEEL BALANCING,998729,0,728.81,,9,9,0,WHEELS & TYRES,WHEEL BALANCING,SEG-A-A/R,860,WHEEL BALANCING - SEG-A-A/R,Tyre
WHEEL BALANCING,998729,0,728.81,,9,9,0,WHEELS & TYRES,WHEEL BALANCING,SEG-B-A/R,860,WHEEL BALANCING - SEG-B-A/R,Tyre
WHEEL BALANCING,998729,0,855.93,,9,9,0,WHEELS & TYRES,WHEEL BALANCING,SEG-D-A/R,1010,WHEEL BALANCING - SEG-D-A/R,Tyre
WHEEL BALANCING,998729,0,796.61,,9,9,0,WHEELS & TYRES,WHEEL BALANCING,SEG-C-A/R,940,WHEEL BALANCING - SEG-C-A/R,Tyre
WHEEL BALANCING,998729,0,669.49,,9,9,0,WHEELS & TYRES,WHEEL BALANCING,SEG-C-S/R,790,WHEEL BALANCING - SEG-C-S/R,Tyre
WHEEL BEARING O/F FR BH,998729,0,1949.15,,9,9,0,BRAKE,WHEEL BEARING O/F,SEG-C,2300,WHEEL BEARING O/F FR BH - SEG-C,Mechanical
WHEEL BEARING O/F FR BH,998729,0,2440.68,,9,9,0,BRAKE,WHEEL BEARING O/F,SEG-E,2880,WHEEL BEARING O/F FR BH - SEG-E,Mechanical
WHEEL BEARING O/F FR BH,998729,0,17059.32,,9,9,0,BRAKE,WHEEL BEARING O/F,SEG-P4,20130,WHEEL BEARING O/F FR BH - SEG-P4,Mechanical
WHEEL BEARING O/F FR BH,998729,0,974.58,,9,9,0,BRAKE,WHEEL BEARING O/F,SEG-A,1150,WHEEL BEARING O/F FR BH - SEG-A,Mechanical
WHEEL BEARING O/F FR BH,998729,0,1949.15,,9,9,0,BRAKE,WHEEL BEARING O/F,SEG-B,2300,WHEEL BEARING O/F FR BH - SEG-B,Mechanical
WHEEL BEARING O/F FR BH,998729,0,3652.54,,9,9,0,BRAKE,WHEEL BEARING O/F,SEG-D,4310,WHEEL BEARING O/F FR BH - SEG-D,Mechanical
WHEEL BEARING O/F FR BH,998729,0,2923.73,,9,9,0,BRAKE,WHEEL BEARING O/F,SEG-F,3450,WHEEL BEARING O/F FR BH - SEG-F,Mechanical
WHEEL BEARING O/F FR BH,998729,0,7796.61,,9,9,0,BRAKE,WHEEL BEARING O/F,SEG-P1,9200,WHEEL BEARING O/F FR BH - SEG-P1,Mechanical
WHEEL BEARING O/F FR BH,998729,0,9144.07,,9,9,0,BRAKE,WHEEL BEARING O/F,SEG-P2,10790,WHEEL BEARING O/F FR BH - SEG-P2,Mechanical
WHEEL BEARING O/F FR BH,998729,0,12796.61,,9,9,0,BRAKE,WHEEL BEARING O/F,SEG-P3,15100,WHEEL BEARING O/F FR BH - SEG-P3,Mechanical
WHEEL BEARING O/F FR LH,998729,0,491.53,,9,9,0,BRAKE,WHEEL BEARING O/F,SEG-A,580,WHEEL BEARING O/F FR LH - SEG-A,Mechanical
WHEEL BEARING O/F FR LH,998729,0,974.58,,9,9,0,BRAKE,WHEEL BEARING O/F,SEG-B,1150,WHEEL BEARING O/F FR LH - SEG-B,Mechanical
WHEEL BEARING O/F FR LH,998729,0,974.58,,9,9,0,BRAKE,WHEEL BEARING O/F,SEG-C,1150,WHEEL BEARING O/F FR LH - SEG-C,Mechanical
WHEEL BEARING O/F FR LH,998729,0,1830.51,,9,9,0,BRAKE,WHEEL BEARING O/F,SEG-D,2160,WHEEL BEARING O/F FR LH - SEG-D,Mechanical
WHEEL BEARING O/F FR LH,998729,0,1466.1,,9,9,0,BRAKE,WHEEL BEARING O/F,SEG-F,1730,WHEEL BEARING O/F FR LH - SEG-F,Mechanical
WHEEL BEARING O/F FR LH,998729,0,3898.31,,9,9,0,BRAKE,WHEEL BEARING O/F,SEG-P1,4600,WHEEL BEARING O/F FR LH - SEG-P1,Mechanical
WHEEL BEARING O/F FR LH,998729,0,6398.31,,9,9,0,BRAKE,WHEEL BEARING O/F,SEG-P2,7550,WHEEL BEARING O/F FR LH - SEG-P2,Mechanical
WHEEL BEARING O/F FR LH,998729,0,0,,9,9,0,BRAKE,WHEEL BEARING O/F,SEG-P3,0,WHEEL BEARING O/F FR LH - SEG-P3,Mechanical
WHEEL BEARING O/F FR LH,998729,0,1220.34,,9,9,0,BRAKE,WHEEL BEARING O/F,SEG-E,1440,WHEEL BEARING O/F FR LH - SEG-E,Mechanical
WHEEL BEARING O/F FR LH,998729,0,8525.42,,9,9,0,BRAKE,WHEEL BEARING O/F,SEG-P4,10060,WHEEL BEARING O/F FR LH - SEG-P4,Mechanical
WHEEL BEARING O/F FR RH,998729,0,1220.34,,9,9,0,BRAKE,WHEEL BEARING O/F,SEG-E,1440,WHEEL BEARING O/F FR RH - SEG-E,Mechanical
WHEEL BEARING O/F FR RH,998729,0,8525.42,,9,9,0,BRAKE,WHEEL BEARING O/F,SEG-P4,10060,WHEEL BEARING O/F FR RH - SEG-P4,Mechanical
WHEEL BEARING O/F FR RH,998729,0,491.53,,9,9,0,BRAKE,WHEEL BEARING O/F,SEG-A,580,WHEEL BEARING O/F FR RH - SEG-A,Mechanical
WHEEL BEARING O/F FR RH,998729,0,974.58,,9,9,0,BRAKE,WHEEL BEARING O/F,SEG-B,1150,WHEEL BEARING O/F FR RH - SEG-B,Mechanical
WHEEL BEARING O/F FR RH,998729,0,974.58,,9,9,0,BRAKE,WHEEL BEARING O/F,SEG-C,1150,WHEEL BEARING O/F FR RH - SEG-C,Mechanical
WHEEL BEARING O/F FR RH,998729,0,1830.51,,9,9,0,BRAKE,WHEEL BEARING O/F,SEG-D,2160,WHEEL BEARING O/F FR RH - SEG-D,Mechanical
WHEEL BEARING O/F FR RH,998729,0,1466.1,,9,9,0,BRAKE,WHEEL BEARING O/F,SEG-F,1730,WHEEL BEARING O/F FR RH - SEG-F,Mechanical
WHEEL BEARING O/F FR RH,998729,0,3898.31,,9,9,0,BRAKE,WHEEL BEARING O/F,SEG-P1,4600,WHEEL BEARING O/F FR RH - SEG-P1,Mechanical
WHEEL BEARING O/F FR RH,998729,0,4567.8,,9,9,0,BRAKE,WHEEL BEARING O/F,SEG-P2,5390,WHEEL BEARING O/F FR RH - SEG-P2,Mechanical
WHEEL BEARING O/F FR RH,998729,0,6398.31,,9,9,0,BRAKE,WHEEL BEARING O/F,SEG-P3,7550,WHEEL BEARING O/F FR RH - SEG-P3,Mechanical
WHEEL BEARING O/F RR BH,998729,0,728.81,,9,9,0,BRAKE,WHEEL BEARING O/F,SEG-A,860,WHEEL BEARING O/F RR BH - SEG-A,Mechanical
WHEEL BEARING O/F RR BH,998729,0,974.58,,9,9,0,BRAKE,WHEEL BEARING O/F,SEG-B,1150,WHEEL BEARING O/F RR BH - SEG-B,Mechanical
WHEEL BEARING O/F RR BH,998729,0,974.58,,9,9,0,BRAKE,WHEEL BEARING O/F,SEG-C,1150,WHEEL BEARING O/F RR BH - SEG-C,Mechanical
WHEEL BEARING O/F RR BH,998729,0,2440.68,,9,9,0,BRAKE,WHEEL BEARING O/F,SEG-D,2880,WHEEL BEARING O/F RR BH - SEG-D,Mechanical
WHEEL BEARING O/F RR BH,998729,0,3296.61,,9,9,0,BRAKE,WHEEL BEARING O/F,SEG-F,3890,WHEEL BEARING O/F RR BH - SEG-F,Mechanical
WHEEL BEARING O/F RR BH,998729,0,8525.42,,9,9,0,BRAKE,WHEEL BEARING O/F,SEG-P1,10060,WHEEL BEARING O/F RR BH - SEG-P1,Mechanical
WHEEL BEARING O/F RR BH,998729,0,9745.76,,9,9,0,BRAKE,WHEEL BEARING O/F,SEG-P2,11500,WHEEL BEARING O/F RR BH - SEG-P2,Mechanical
WHEEL BEARING O/F RR BH,998729,0,13398.31,,9,9,0,BRAKE,WHEEL BEARING O/F,SEG-P3,15810,WHEEL BEARING O/F RR BH - SEG-P3,Mechanical
WHEEL BEARING O/F RR BH,998729,0,1593.22,,9,9,0,BRAKE,WHEEL BEARING O/F,SEG-E,1880,WHEEL BEARING O/F RR BH - SEG-E,Mechanical
WHEEL BEARING O/F RR BH,998729,0,19491.53,,9,9,0,BRAKE,WHEEL BEARING O/F,SEG-P4,23000,WHEEL BEARING O/F RR BH - SEG-P4,Mechanical
WHEEL BEARING O/F RR LH,998729,0,796.61,,9,9,0,BRAKE,WHEEL BEARING O/F,SEG-E,940,WHEEL BEARING O/F RR LH - SEG-E,Mechanical
WHEEL BEARING O/F RR LH,998729,0,9745.76,,9,9,0,BRAKE,WHEEL BEARING O/F,SEG-P4,11500,WHEEL BEARING O/F RR LH - SEG-P4,Mechanical
WHEEL BEARING O/F RR LH,998729,0,372.88,,9,9,0,BRAKE,WHEEL BEARING O/F,SEG-A,440,WHEEL BEARING O/F RR LH - SEG-A,Mechanical
WHEEL BEARING O/F RR LH,998729,0,491.53,,9,9,0,BRAKE,WHEEL BEARING O/F,SEG-B,580,WHEEL BEARING O/F RR LH - SEG-B,Mechanical
WHEEL BEARING O/F RR LH,998729,0,491.53,,9,9,0,BRAKE,WHEEL BEARING O/F,SEG-C,580,WHEEL BEARING O/F RR LH - SEG-C,Mechanical
WHEEL BEARING O/F RR LH,998729,0,1220.34,,9,9,0,BRAKE,WHEEL BEARING O/F,SEG-D,1440,WHEEL BEARING O/F RR LH - SEG-D,Mechanical
WHEEL BEARING O/F RR LH,998729,0,1644.07,,9,9,0,BRAKE,WHEEL BEARING O/F,SEG-SUV,1940,WHEEL BEARING O/F RR LH - SEG-SUV,Mechanical
WHEEL BEARING O/F RR LH,998729,0,4271.19,,9,9,0,BRAKE,WHEEL BEARING O/F,SEG-P1,5040,WHEEL BEARING O/F RR LH - SEG-P1,Mechanical
WHEEL BEARING O/F RR LH,998729,0,4872.88,,9,9,0,BRAKE,WHEEL BEARING O/F,SEG-P2,5750,WHEEL BEARING O/F RR LH - SEG-P2,Mechanical
WHEEL BEARING O/F RR LH,998729,0,6703.39,,9,9,0,BRAKE,WHEEL BEARING O/F,SEG-P3,7910,WHEEL BEARING O/F RR LH - SEG-P3,Mechanical
WHEEL BEARING O/F RR RH,998729,0,372.88,,9,9,0,BRAKE,WHEEL BEARING O/F,SEG-A,440,WHEEL BEARING O/F RR RH - SEG-A,Mechanical
WHEEL BEARING O/F RR RH,998729,0,491.53,,9,9,0,BRAKE,WHEEL BEARING O/F,SEG-B,580,WHEEL BEARING O/F RR RH - SEG-B,Mechanical
WHEEL BEARING O/F RR RH,998729,0,491.53,,9,9,0,BRAKE,WHEEL BEARING O/F,SEG-C,580,WHEEL BEARING O/F RR RH - SEG-C,Mechanical
WHEEL BEARING O/F RR RH,998729,0,1220.34,,9,9,0,BRAKE,WHEEL BEARING O/F,SEG-D,1440,WHEEL BEARING O/F RR RH - SEG-D,Mechanical
WHEEL BEARING O/F RR RH,998729,0,1644.07,,9,9,0,BRAKE,WHEEL BEARING O/F,SEG-F,1940,WHEEL BEARING O/F RR RH - SEG-F,Mechanical
WHEEL BEARING O/F RR RH,998729,0,4271.19,,9,9,0,BRAKE,WHEEL BEARING O/F,SEG-P1,5040,WHEEL BEARING O/F RR RH - SEG-P1,Mechanical
WHEEL BEARING O/F RR RH,998729,0,4872.88,,9,9,0,BRAKE,WHEEL BEARING O/F,SEG-P2,5750,WHEEL BEARING O/F RR RH - SEG-P2,Mechanical
WHEEL BEARING O/F RR RH,998729,0,6703.39,,9,9,0,BRAKE,WHEEL BEARING O/F,SEG-P3,7910,WHEEL BEARING O/F RR RH - SEG-P3,Mechanical
WHEEL BEARING O/F RR RH,998729,0,796.61,,9,9,0,BRAKE,WHEEL BEARING O/F,SEG-E,940,WHEEL BEARING O/F RR RH - SEG-E,Mechanical
WHEEL BEARING O/F RR RH,998729,0,9745.76,,9,9,0,BRAKE,WHEEL BEARING O/F,SEG-P4,11500,WHEEL BEARING O/F RR RH - SEG-P4,Mechanical
WHEEL CAP O/F,998729,1,271.19,,9,9,0,WHEELS & TYRES,WHEEL CAP,,320,WHEEL CAP O/F - ,Tyre
WHEEL CAP PAINTING,998729,1,1084.75,,9,9,0,PAINTING SERVICE,ALLOY WHEEL PAINT,COMMON,1280,WHEEL CAP PAINTING - COMMON,Bodyshop
WHEEL CYLINDER O/F LH/RH,998729,0,974.58,,9,9,0,BRAKE,WHEEL CYLINDER,SEG-F,1150,WHEEL CYLINDER O/F LH/RH - SEG-F,Mechanical
WHEEL CYLINDER O/F RR BH,998729,0,1466.1,,9,9,0,BRAKE,WHEEL CYLINDER O/F,SEG-E,1730,WHEEL CYLINDER O/F RR BH - SEG-E,Mechanical
WHEEL CYLINDER O/F RR BH,998729,0,4872.88,,9,9,0,BRAKE,WHEEL CYLINDER O/F,SEG-P4,5750,WHEEL CYLINDER O/F RR BH - SEG-P4,Mechanical
WHEEL CYLINDER O/F RR BH,998729,0,974.58,,9,9,0,BRAKE,WHEEL CYLINDER O/F,SEG-A,1150,WHEEL CYLINDER O/F RR BH - SEG-A,Mechanical
WHEEL CYLINDER O/F RR BH,998729,0,1101.7,,9,9,0,BRAKE,WHEEL CYLINDER O/F,SEG-B,1300,WHEEL CYLINDER O/F RR BH - SEG-B,Mechanical
WHEEL CYLINDER O/F RR BH,998729,0,1347.46,,9,9,0,BRAKE,WHEEL CYLINDER O/F,SEG-C,1590,WHEEL CYLINDER O/F RR BH - SEG-C,Mechanical
WHEEL CYLINDER O/F RR BH,998729,0,1703.39,,9,9,0,BRAKE,WHEEL CYLINDER O/F,SEG-D,2010,WHEEL CYLINDER O/F RR BH - SEG-D,Mechanical
WHEEL CYLINDER O/F RR BH,998729,0,1830.51,,9,9,0,BRAKE,WHEEL CYLINDER O/F,SEG-F,2160,WHEEL CYLINDER O/F RR BH - SEG-F,Mechanical
WHEEL CYLINDER O/F RR BH,998729,0,2805.09,,9,9,0,BRAKE,WHEEL CYLINDER O/F,SEG-P1,3310,WHEEL CYLINDER O/F RR BH - SEG-P1,Mechanical
WHEEL CYLINDER O/F RR BH,998729,0,3296.61,,9,9,0,BRAKE,WHEEL CYLINDER O/F,SEG-P2,3890,WHEEL CYLINDER O/F RR BH - SEG-P2,Mechanical
WHEEL CYLINDER O/F RR BH,998729,0,4271.19,,9,9,0,BRAKE,WHEEL CYLINDER O/F,SEG-P3,5040,WHEEL CYLINDER O/F RR BH - SEG-P3,Mechanical
WHEEL CYLINDER O/F RR LH,998729,0,0,,9,9,0,BRAKE,BRAKE AIR DUCT,SEG-A,0,WHEEL CYLINDER O/F RR LH - SEG-A,Mechanical
WHEEL CYLINDER O/F RR LH,998729,0,0,,9,9,0,BRAKE,BRAKE AIR DUCT,SEG-B,0,WHEEL CYLINDER O/F RR LH - SEG-B,Mechanical
WHEEL CYLINDER O/F RR LH,998729,0,0,,9,9,0,BRAKE,BRAKE AIR DUCT,SEG-C,0,WHEEL CYLINDER O/F RR LH - SEG-C,Mechanical
WHEEL CYLINDER O/F RR LH,998729,0,0,,9,9,0,BRAKE,BRAKE AIR DUCT,SEG-D,0,WHEEL CYLINDER O/F RR LH - SEG-D,Mechanical
WHEEL CYLINDER O/F RR LH,998729,0,0,,9,9,0,BRAKE,BRAKE AIR DUCT,SEG-SUV,0,WHEEL CYLINDER O/F RR LH - SEG-SUV,Mechanical
WHEEL CYLINDER O/F RR LH,998729,0,0,,9,9,0,BRAKE,BRAKE AIR DUCT,SEG-P1,0,WHEEL CYLINDER O/F RR LH - SEG-P1,Mechanical
WHEEL CYLINDER O/F RR LH,998729,0,0,,9,9,0,BRAKE,BRAKE AIR DUCT,SEG-P2,0,WHEEL CYLINDER O/F RR LH - SEG-P2,Mechanical
WHEEL CYLINDER O/F RR LH,998729,0,0,,9,9,0,BRAKE,BRAKE AIR DUCT,SEG-P3,0,WHEEL CYLINDER O/F RR LH - SEG-P3,Mechanical
WHEEL CYLINDER O/F RR RH,998729,0,0,,9,9,0,BRAKE,BRAKE AIR DUCT,SEG-A,0,WHEEL CYLINDER O/F RR RH - SEG-A,Mechanical
WHEEL CYLINDER O/F RR RH,998729,0,0,,9,9,0,BRAKE,BRAKE AIR DUCT,SEG-B,0,WHEEL CYLINDER O/F RR RH - SEG-B,Mechanical
WHEEL CYLINDER O/F RR RH,998729,0,0,,9,9,0,BRAKE,BRAKE AIR DUCT,SEG-C,0,WHEEL CYLINDER O/F RR RH - SEG-C,Mechanical
WHEEL CYLINDER O/F RR RH,998729,0,0,,9,9,0,BRAKE,BRAKE AIR DUCT,SEG-D,0,WHEEL CYLINDER O/F RR RH - SEG-D,Mechanical
WHEEL CYLINDER O/F RR RH,998729,0,0,,9,9,0,BRAKE,BRAKE AIR DUCT,SEG-SUV,0,WHEEL CYLINDER O/F RR RH - SEG-SUV,Mechanical
WHEEL CYLINDER O/F RR RH,998729,0,0,,9,9,0,BRAKE,BRAKE AIR DUCT,SEG-P1,0,WHEEL CYLINDER O/F RR RH - SEG-P1,Mechanical
WHEEL CYLINDER O/F RR RH,998729,0,0,,9,9,0,BRAKE,BRAKE AIR DUCT,SEG-P2,0,WHEEL CYLINDER O/F RR RH - SEG-P2,Mechanical
WHEEL CYLINDER O/F RR RH,998729,0,0,,9,9,0,BRAKE,BRAKE AIR DUCT,SEG-P3,0,WHEEL CYLINDER O/F RR RH - SEG-P3,Mechanical
WHEEL DRUM O/F RR,998729,0,788.14,,9,9,0,BRAKE,WHEEL DRUM O/F,SEG-C,930,WHEEL DRUM O/F RR - SEG-C,Mechanical
WHEEL DRUM PAINTING,998729,1,728.81,,9,9,0,PAINTING SERVICE,WHEEL DRUM PAINTING,SEG-C,860,WHEEL DRUM PAINTING - SEG-C,Bodyshop
WHEEL HOUSING INNER REPAIR RH,998729,1,1296.61,,9,9,0,BODY PARTS,WHEEL HOUSING REPAIR,SEG-C,1530,WHEEL HOUSING INNER REPAIR RH - SEG-C,Bodyshop
WHEEL HOUSING O/F INNER LH,998729,1,720.34,,9,9,0,BODY PARTS,WHEEL HOUSING REPAIR,SEG-B,850,WHEEL HOUSING O/F INNER LH - SEG-B,Bodyshop
WHEEL HOUSING O/F O/S LH,998729,1,720.34,,9,9,0,BODY PARTS,TAIL LIGHT HOUSING REPAIR,SEG-B,850,WHEEL HOUSING O/F O/S LH - SEG-B,Bodyshop
WHEEL HOUSING OUTER O/F RH,998729,1,1728.81,,9,9,0,BODY PARTS,WHEEL HOUSING REPAIR,SEG-C,2040,WHEEL HOUSING OUTER O/F RH - SEG-C,Bodyshop
WHEEL HOUSING PAINTING LH,998729,1,5000,,9,9,0,PAINTING SERVICE,HOUSING PANEL PAINT,,5900,WHEEL HOUSING PAINTING LH - ,Bodyshop
WHEEL HOUSING REPAIR INNER LH,998729,1,1220.34,,9,9,0,BODY PARTS,WHEEL HOUSING,SEG-B,1440,WHEEL HOUSING REPAIR INNER LH - SEG-B,Bodyshop
WHEEL HOUSING REPAIR OUTER LH,998729,1,1220.34,,9,9,0,BODY PARTS,WHEEL HOUSING,SEG-B,1440,WHEEL HOUSING REPAIR OUTER LH - SEG-B,Bodyshop
WHEEL HOUSING REPAIR RR LH,998729,0,1152.54,,9,9,0,BODY PARTS,WHEEL HOUSING,,1360,WHEEL HOUSING REPAIR RR LH - ,Bodyshop
WHEEL HOUSING REPAIR RR RH,998729,1,932.2,,9,9,0,BODY PARTS,WHEEL HOUSING REPAIR,SEG-B,1100,WHEEL HOUSING REPAIR RR RH - SEG-B,Bodyshop
WHEEL NUT COATING,998729,0,796.61,,9,9,0,PAINTING SERVICE,ALLOY WHEEL PAINT,COMMON,940,WHEEL NUT COATING - COMMON,Bodyshop
WHEEL RIM COATING - EACH,998729,1,375,,9,9,NULL,CAR CARE,WHEEL CLEAN,SEG-A,442.5,WHEEL RIM COATING - EACH - SEG-A,Value Addition
WHEEL RIM O/F,998729,0,127.12,EACH,9,9,0,WHEELS & TYRES,WHEEL RIM O/F,SEG-A,150,WHEEL RIM O/F - SEG-A,Tyre
WHEEL RIM O/F,998729,0,127.12,EACH,9,9,0,WHEELS & TYRES,WHEEL RIM O/F,SEG-B,150,WHEEL RIM O/F - SEG-B,Tyre
WHEEL RIM O/F,998729,0,177.97,EACH,9,9,0,WHEELS & TYRES,WHEEL RIM O/F,SEG-D,210,WHEEL RIM O/F - SEG-D,Tyre
WHEEL RIM O/F,998729,0,177.97,EACH,9,9,0,WHEELS & TYRES,WHEEL RIM O/F,SEG-E,210,WHEEL RIM O/F - SEG-E,Tyre
WHEEL RIM O/F,998729,0,177.97,EACH,9,9,0,WHEELS & TYRES,WHEEL RIM O/F,SEG-F,210,WHEEL RIM O/F - SEG-F,Tyre
WHEEL RIM O/F,998729,0,305.09,EACH,9,9,0,WHEELS & TYRES,WHEEL RIM O/F,SEG-P2,360,WHEEL RIM O/F - SEG-P2,Tyre
WHEEL RIM O/F,998729,0,372.88,EACH,9,9,0,WHEELS & TYRES,WHEEL RIM O/F,SEG-P3,440,WHEEL RIM O/F - SEG-P3,Tyre
WHEEL RIM O/F,998729,0,423.73,EACH,9,9,0,WHEELS & TYRES,WHEEL RIM O/F,SEG-P4,500,WHEEL RIM O/F - SEG-P4,Tyre
WHEEL RIM O/F,998729,0,245.76,,9,9,0,WHEELS & TYRES,WHEEL RIM O/F,SEG-P1,290,WHEEL RIM O/F - SEG-P1,Tyre
WHEEL RIM O/F,998729,0,177.97,,9,9,0,WHEELS & TYRES,WHEEL RIM O/F,SEG-C,210,WHEEL RIM O/F - SEG-C,Tyre
WHEEL RIM PAINTING,998729,1,0,,9,9,0,PAINTING SERVICE,ALLOY WHEEL PAINT,COMMON,0,WHEEL RIM PAINTING - COMMON,Bodyshop
WHEEL RIM RESTORATION,998729,1,110.17,EACH,9,9,0,CAR CARE,WHEEL RIM RESTORATION,SEG-A,130,WHEEL RIM RESTORATION - SEG-A,Value Addition
WHEEL RIM RESTORATION,998729,1,110.17,EACH,9,9,0,CAR CARE,WHEEL RIM RESTORATION,SEG-B,130,WHEEL RIM RESTORATION - SEG-B,Value Addition
WHEEL RIM RESTORATION,998729,1,161.02,EACH,9,9,0,CAR CARE,WHEEL RIM RESTORATION,SEG-C,190,WHEEL RIM RESTORATION - SEG-C,Value Addition
WHEEL RIM RESTORATION,998729,1,211.86,EACH,9,9,0,CAR CARE,WHEEL RIM RESTORATION,SEG-D,250,WHEEL RIM RESTORATION - SEG-D,Value Addition
WHEEL RIM RESTORATION,998729,1,211.86,EACH,9,9,0,CAR CARE,WHEEL RIM RESTORATION,SEG-E,250,WHEEL RIM RESTORATION - SEG-E,Value Addition
WHEEL RIM RESTORATION,998729,1,271.19,EACH,9,9,0,CAR CARE,WHEEL RIM RESTORATION,SEG-F,320,WHEEL RIM RESTORATION - SEG-F,Value Addition
WHEEL RIM RESTORATION,998729,1,330.51,EACH,9,9,0,CAR CARE,WHEEL RIM RESTORATION,SEG-P1,390,WHEEL RIM RESTORATION - SEG-P1,Value Addition
WHEEL RIM RESTORATION,998729,1,330.51,EACH,9,9,0,CAR CARE,WHEEL RIM RESTORATION,SEG-P2,390,WHEEL RIM RESTORATION - SEG-P2,Value Addition
WHEEL RIM RESTORATION,998729,1,432.2,EACH,9,9,0,CAR CARE,WHEEL RIM RESTORATION,SEG-P3,510,WHEEL RIM RESTORATION - SEG-P3,Value Addition
WHEEL RIM RESTORATION,998729,1,542.37,EACH,9,9,0,CAR CARE,WHEEL RIM RESTORATION,SEG-P4,640,WHEEL RIM RESTORATION - SEG-P4,Value Addition
WHEEL RIM STRAIGHTNING,998714,1,1728.81,,9,9,0,WHEELS & TYRES,WHEEL RIM STRAIGHTING,COMMON,2040,WHEEL RIM STRAIGHTNING - COMMON,Tyre
WHEEL SERVICE FR LH,998729,1,1440.68,,9,9,0,WHEELS & TYRES,WHEEL RIM STRAIGHTING,SEG-F,1700,WHEEL SERVICE FR LH - SEG-F,Tyre
WHEEL SPEED SENSOR O/F ALL,998729,0,2923.73,,9,9,0,BRAKE,ABS SENSOR O/F,SEG-P2,3450,WHEEL SPEED SENSOR O/F ALL - SEG-P2,Mechanical
WHEEL SPEED SENSOR O/F FR LH,998729,0,177.97,,9,9,0,BRAKE,ABS SENSOR O/F,SEG-A,210,WHEEL SPEED SENSOR O/F FR LH - SEG-A,Mechanical
WHEEL SPEED SENSOR O/F FR LH,998729,0,245.76,,9,9,0,BRAKE,ABS SENSOR O/F,SEG-B,290,WHEEL SPEED SENSOR O/F FR LH - SEG-B,Mechanical
WHEEL SPEED SENSOR O/F FR LH,998729,0,305.09,,9,9,0,BRAKE,ABS SENSOR O/F,SEG-C,360,WHEEL SPEED SENSOR O/F FR LH - SEG-C,Mechanical
WHEEL SPEED SENSOR O/F FR LH,998729,0,305.09,,9,9,0,BRAKE,ABS SENSOR O/F,SEG-E,360,WHEEL SPEED SENSOR O/F FR LH - SEG-E,Mechanical
WHEEL SPEED SENSOR O/F FR LH,998729,0,372.88,,9,9,0,BRAKE,ABS SENSOR O/F,SEG-F,440,WHEEL SPEED SENSOR O/F FR LH - SEG-F,Mechanical
WHEEL SPEED SENSOR O/F FR LH,998729,0,728.81,,9,9,0,BRAKE,ABS SENSOR O/F,SEG-P2,860,WHEEL SPEED SENSOR O/F FR LH - SEG-P2,Mechanical
WHEEL SPEED SENSOR O/F FR LH,998729,0,974.58,,9,9,0,BRAKE,ABS SENSOR O/F,SEG-P3,1150,WHEEL SPEED SENSOR O/F FR LH - SEG-P3,Mechanical
WHEEL SPEED SENSOR O/F FR LH,998729,0,1220.34,,9,9,0,BRAKE,ABS SENSOR O/F,SEG-P4,1440,WHEEL SPEED SENSOR O/F FR LH - SEG-P4,Mechanical
WHEEL SPEED SENSOR O/F FR LH,998729,0,305.09,,9,9,0,BRAKE,ABS SENSOR O/F,SEG-D,360,WHEEL SPEED SENSOR O/F FR LH - SEG-D,Mechanical
WHEEL SPEED SENSOR O/F FR LH,998729,0,728.81,,9,9,0,BRAKE,ABS SENSOR O/F,SEG-P1,860,WHEEL SPEED SENSOR O/F FR LH - SEG-P1,Mechanical
WHEEL SPEED SENSOR O/F FR RH,998729,0,305.09,,9,9,0,BRAKE,ABS SENSOR O/F,SEG-C,360,WHEEL SPEED SENSOR O/F FR RH - SEG-C,Mechanical
WHEEL SPEED SENSOR O/F FR RH,998729,0,305.09,,9,9,0,BRAKE,ABS SENSOR O/F,SEG-D,360,WHEEL SPEED SENSOR O/F FR RH - SEG-D,Mechanical
WHEEL SPEED SENSOR O/F FR RH,998729,0,728.81,,9,9,0,BRAKE,ABS SENSOR O/F,SEG-P1,860,WHEEL SPEED SENSOR O/F FR RH - SEG-P1,Mechanical
WHEEL SPEED SENSOR O/F FR RH,998729,0,177.97,,9,9,0,BRAKE,ABS SENSOR O/F,SEG-A,210,WHEEL SPEED SENSOR O/F FR RH - SEG-A,Mechanical
WHEEL SPEED SENSOR O/F FR RH,998729,0,245.76,,9,9,0,BRAKE,ABS SENSOR O/F,SEG-B,290,WHEEL SPEED SENSOR O/F FR RH - SEG-B,Mechanical
WHEEL SPEED SENSOR O/F FR RH,998729,0,305.09,,9,9,0,BRAKE,ABS SENSOR O/F,SEG-E,360,WHEEL SPEED SENSOR O/F FR RH - SEG-E,Mechanical
WHEEL SPEED SENSOR O/F FR RH,998729,0,372.88,,9,9,0,BRAKE,ABS SENSOR O/F,SEG-F,440,WHEEL SPEED SENSOR O/F FR RH - SEG-F,Mechanical
WHEEL SPEED SENSOR O/F FR RH,998729,0,728.81,,9,9,0,BRAKE,ABS SENSOR O/F,SEG-P2,860,WHEEL SPEED SENSOR O/F FR RH - SEG-P2,Mechanical
WHEEL SPEED SENSOR O/F FR RH,998729,0,974.58,,9,9,0,BRAKE,ABS SENSOR O/F,SEG-P3,1150,WHEEL SPEED SENSOR O/F FR RH - SEG-P3,Mechanical
WHEEL SPEED SENSOR O/F FR RH,998729,0,1220.34,,9,9,0,BRAKE,ABS SENSOR O/F,SEG-P4,1440,WHEEL SPEED SENSOR O/F FR RH - SEG-P4,Mechanical
WHEEL SPEED SENSOR O/F RR LH,998729,0,177.97,,9,9,0,BRAKE,ABS SENSOR O/F,SEG-A,210,WHEEL SPEED SENSOR O/F RR LH - SEG-A,Mechanical
WHEEL SPEED SENSOR O/F RR LH,998729,0,245.76,,9,9,0,BRAKE,ABS SENSOR O/F,SEG-B,290,WHEEL SPEED SENSOR O/F RR LH - SEG-B,Mechanical
WHEEL SPEED SENSOR O/F RR LH,998729,0,305.09,,9,9,0,BRAKE,ABS SENSOR O/F,SEG-E,360,WHEEL SPEED SENSOR O/F RR LH - SEG-E,Mechanical
WHEEL SPEED SENSOR O/F RR LH,998729,0,728.81,,9,9,0,BRAKE,ABS SENSOR O/F,SEG-P1,860,WHEEL SPEED SENSOR O/F RR LH - SEG-P1,Mechanical
WHEEL SPEED SENSOR O/F RR LH,998729,0,728.81,,9,9,0,BRAKE,ABS SENSOR O/F,SEG-P2,860,WHEEL SPEED SENSOR O/F RR LH - SEG-P2,Mechanical
WHEEL SPEED SENSOR O/F RR LH,998729,0,974.58,,9,9,0,BRAKE,ABS SENSOR O/F,SEG-P3,1150,WHEEL SPEED SENSOR O/F RR LH - SEG-P3,Mechanical
WHEEL SPEED SENSOR O/F RR LH,998729,0,1220.34,,9,9,0,BRAKE,ABS SENSOR O/F,SEG-P4,1440,WHEEL SPEED SENSOR O/F RR LH - SEG-P4,Mechanical
WHEEL SPEED SENSOR O/F RR LH,998729,0,305.09,,9,9,0,BRAKE,ABS SENSOR O/F,SEG-D,360,WHEEL SPEED SENSOR O/F RR LH - SEG-D,Mechanical
WHEEL SPEED SENSOR O/F RR LH,998729,0,305.09,,9,9,0,BRAKE,ABS SENSOR O/F,SEG-C,360,WHEEL SPEED SENSOR O/F RR LH - SEG-C,Mechanical
WHEEL SPEED SENSOR O/F RR LH,998729,0,372.88,,9,9,0,BRAKE,ABS SENSOR O/F,SEG-F,440,WHEEL SPEED SENSOR O/F RR LH - SEG-F,Mechanical
WHEEL SPEED SENSOR O/F RR RH,998729,0,305.09,,9,9,0,BRAKE,ABS SENSOR O/F,SEG-D,360,WHEEL SPEED SENSOR O/F RR RH - SEG-D,Mechanical
WHEEL SPEED SENSOR O/F RR RH,998729,0,177.97,,9,9,0,BRAKE,ABS SENSOR O/F,SEG-A,210,WHEEL SPEED SENSOR O/F RR RH - SEG-A,Mechanical
WHEEL SPEED SENSOR O/F RR RH,998729,0,245.76,,9,9,0,BRAKE,ABS SENSOR O/F,SEG-B,290,WHEEL SPEED SENSOR O/F RR RH - SEG-B,Mechanical
WHEEL SPEED SENSOR O/F RR RH,998729,0,305.09,,9,9,0,BRAKE,ABS SENSOR O/F,SEG-C,360,WHEEL SPEED SENSOR O/F RR RH - SEG-C,Mechanical
WHEEL SPEED SENSOR O/F RR RH,998729,0,305.09,,9,9,0,BRAKE,ABS SENSOR O/F,SEG-E,360,WHEEL SPEED SENSOR O/F RR RH - SEG-E,Mechanical
WHEEL SPEED SENSOR O/F RR RH,998729,0,372.88,,9,9,0,BRAKE,ABS SENSOR O/F,SEG-F,440,WHEEL SPEED SENSOR O/F RR RH - SEG-F,Mechanical
WHEEL SPEED SENSOR O/F RR RH,998729,0,728.81,,9,9,0,BRAKE,ABS SENSOR O/F,SEG-P1,860,WHEEL SPEED SENSOR O/F RR RH - SEG-P1,Mechanical
WHEEL SPEED SENSOR O/F RR RH,998729,0,728.81,,9,9,0,BRAKE,ABS SENSOR O/F,SEG-P2,860,WHEEL SPEED SENSOR O/F RR RH - SEG-P2,Mechanical
WHEEL SPEED SENSOR O/F RR RH,998729,0,974.58,,9,9,0,BRAKE,ABS SENSOR O/F,SEG-P3,1150,WHEEL SPEED SENSOR O/F RR RH - SEG-P3,Mechanical
WHEEL SPEED SENSOR O/F RR RH,998729,0,1220.34,,9,9,0,BRAKE,ABS SENSOR O/F,SEG-P4,1440,WHEEL SPEED SENSOR O/F RR RH - SEG-P4,Mechanical
WHEEL SPEED SENSOR WIRING CHECK,998729,0,2161.02,,9,9,0,BRAKE,ABS SENSOR,SEG-P2,2550,WHEEL SPEED SENSOR WIRING CHECK - SEG-P2,Mechanical
WHEEL STUD O/F,998729,1,762.71,,9,9,0,BRAKE,WHEEL STUD/NUT O/F,,900,WHEEL STUD O/F - ,Mechanical
WHEEL STUD O/F ALL,998729,1,1440.68,,9,9,0,BRAKE,WHEEL STUD/NUT O/F,,1700,WHEEL STUD O/F ALL - ,Mechanical
WHEEL STUD O/F FR LH,998729,1,245.76,INCL KNUCKLE O/F,9,9,0,BRAKE,WHEEL STUD/NUT O/F,SEG-A,290,WHEEL STUD O/F FR LH - SEG-A,Mechanical
WHEEL STUD O/F FR LH,998729,1,618.64,INCL KNUCKLE O/F,9,9,0,BRAKE,WHEEL STUD/NUT O/F,SEG-D,730,WHEEL STUD O/F FR LH - SEG-D,Mechanical
WHEEL STUD O/F FR LH,998729,1,491.53,INCL KNUCKLE O/F,9,9,0,BRAKE,WHEEL STUD/NUT O/F,SEG-E,580,WHEEL STUD O/F FR LH - SEG-E,Mechanical
WHEEL STUD O/F FR LH,998729,0,796.61,INCL KNUCKLE O/F,9,9,0,BRAKE,WHEEL STUD/NUT O/F,SEG-F,940,WHEEL STUD O/F FR LH - SEG-F,Mechanical
WHEEL STUD O/F FR LH,998729,0,491.53,INCL KNUCKLE O/F,9,9,0,BRAKE,WHEEL STUD/NUT O/F,SEG-C,580,WHEEL STUD O/F FR LH - SEG-C,Mechanical
WHEEL STUD O/F FR LH,998729,0,491.53,INCL KNUCKLE O/F,9,9,0,BRAKE,WHEEL STUD/NUT O/F,SEG-B,580,WHEEL STUD O/F FR LH - SEG-B,Mechanical
WHEEL STUD O/F FR RH,998729,0,491.53,INCL KNUCKLE O/F,9,9,0,BRAKE,WHEEL STUD/NUT O/F,SEG-B,580,WHEEL STUD O/F FR RH - SEG-B,Mechanical
WHEEL STUD O/F FR RH,998729,0,245.76,INCL KNUCKLE O/F,9,9,0,BRAKE,WHEEL STUD/NUT O/F,SEG-A,290,WHEEL STUD O/F FR RH - SEG-A,Mechanical
WHEEL STUD O/F FR RH,998729,0,491.53,INCL KNUCKLE O/F,9,9,0,BRAKE,WHEEL STUD/NUT O/F,SEG-C,580,WHEEL STUD O/F FR RH - SEG-C,Mechanical
WHEEL STUD O/F FR RH,998729,0,618.64,INCL KNUCKLE O/F,9,9,0,BRAKE,WHEEL STUD/NUT O/F,SEG-D,730,WHEEL STUD O/F FR RH - SEG-D,Mechanical
WHEEL STUD O/F FR RH,998729,0,491.53,INCL KNUCKLE O/F,9,9,0,BRAKE,WHEEL STUD/NUT O/F,SEG-E,580,WHEEL STUD O/F FR RH - SEG-E,Mechanical
WHEEL STUD O/F FR RH,998729,0,796.61,INCL KNUCKLE O/F,9,9,0,BRAKE,WHEEL STUD/NUT O/F,SEG-F,940,WHEEL STUD O/F FR RH - SEG-F,Mechanical
WHEEL STUD O/F RR LH,998729,1,245.76,INCL KNUCKLE O/F,9,9,0,BRAKE,WHEEL STUD/NUT O/F,SEG-A,290,WHEEL STUD O/F RR LH - SEG-A,Mechanical
WHEEL STUD O/F RR LH,998729,1,491.53,INCL KNUCKLE O/F,9,9,0,BRAKE,WHEEL STUD/NUT O/F,SEG-B,580,WHEEL STUD O/F RR LH - SEG-B,Mechanical
WHEEL STUD O/F RR LH,998729,1,491.53,INCL KNUCKLE O/F,9,9,0,BRAKE,WHEEL STUD/NUT O/F,SEG-E,580,WHEEL STUD O/F RR LH - SEG-E,Mechanical
WHEEL STUD O/F RR LH,998729,1,796.61,INCL KNUCKLE O/F,9,9,0,BRAKE,WHEEL STUD/NUT O/F,SEG-F,940,WHEEL STUD O/F RR LH - SEG-F,Mechanical
WHEEL STUD O/F RR LH,998729,0,618.64,INCL KNUCKLE O/F,9,9,0,BRAKE,WHEEL STUD/NUT O/F,SEG-D,730,WHEEL STUD O/F RR LH - SEG-D,Mechanical
WHEEL STUD O/F RR LH,998729,0,491.53,INCL KNUCKLE O/F,9,9,0,BRAKE,WHEEL STUD/NUT O/F,SEG-C,580,WHEEL STUD O/F RR LH - SEG-C,Mechanical
WHEEL STUD O/F RR RH,998729,0,491.53,INCL KNUCKLE O/F,9,9,0,BRAKE,WHEEL STUD/NUT O/F,SEG-C,580,WHEEL STUD O/F RR RH - SEG-C,Mechanical
WHEEL STUD O/F RR RH,998729,1,245.76,INCL KNUCKLE O/F,9,9,0,BRAKE,WHEEL STUD/NUT O/F,SEG-A,290,WHEEL STUD O/F RR RH - SEG-A,Mechanical
WHEEL STUD O/F RR RH,998729,1,491.53,INCL KNUCKLE O/F,9,9,0,BRAKE,WHEEL STUD/NUT O/F,SEG-B,580,WHEEL STUD O/F RR RH - SEG-B,Mechanical
WHEEL STUD O/F RR RH,998729,1,618.64,INCL KNUCKLE O/F,9,9,0,BRAKE,WHEEL STUD/NUT O/F,SEG-D,730,WHEEL STUD O/F RR RH - SEG-D,Mechanical
WHEEL STUD O/F RR RH,998729,1,491.53,INCL KNUCKLE O/F,9,9,0,BRAKE,WHEEL STUD/NUT O/F,SEG-E,580,WHEEL STUD O/F RR RH - SEG-E,Mechanical
WHEEL STUD O/F RR RH,998729,1,796.61,INCL KNUCKLE O/F,9,9,0,BRAKE,WHEEL STUD/NUT O/F,SEG-F,940,WHEEL STUD O/F RR RH - SEG-F,Mechanical
WHEEP SPEED SENSOR O/F RR RH,998729,0,372.88,,9,9,0,BRAKE,ABS SENSOR O/F,SEG-D,440,WHEEP SPEED SENSOR O/F RR RH - SEG-D,Mechanical
WHITE OPAK,998729,1,76.27,,9,9,0,ACCESSORIES,GLASS FILM,COMMON,90,WHITE OPAK - COMMON,Accessories
WINCH ROPE O/F,998729,0,720.34,,9,9,0,BODY PARTS,BONET LATCH,COMMON,850,WINCH ROPE O/F - COMMON,Bodyshop
WINDOW CURTAIN FITTING,998729,1,5491.53,,9,9,0,ACCESSORIES,WINDOW CURTAIN,,6480,WINDOW CURTAIN FITTING - ,Accessories
WINDOW CURTAIN MOTOR RR LH O/F,998729,1,2500,,9,9,0,BODY PARTS,DOOR LATCH,,2950,WINDOW CURTAIN MOTOR RR LH O/F - ,Bodyshop
WINDOW CURTAIN O/F,998729,1,1338.98,,0,0,0,ACCESSORIES,WINDOW CURTAIN,SEG-P2,1580,WINDOW CURTAIN O/F - SEG-P2,Accessories
WINDOW CURTAIN O/F RR,998729,1,3593.22,,9,9,0,ACCESSORIES,WINDOW CURTAIN,SEG-P2,4240,WINDOW CURTAIN O/F RR - SEG-P2,Accessories
WINDOW REGULATOR HANDLE O/F ALL,998729,0,400,,9,9,0,BODY PARTS,DOOR HANDLE O/F,,472,WINDOW REGULATOR HANDLE O/F ALL - ,Bodyshop
WINDSHIELD GLASS CLEAN,998729,1,1000,,9,9,0,CAR CARE,GLASS TREATMENT,,1180,WINDSHIELD GLASS CLEAN - ,Value Addition
WINDSHIELD GLASS FR O/F,998729,1,2584.75,,9,9,0,BODY PARTS,GLASS WINDER O/F,SEG-P3,3050,WINDSHIELD GLASS FR O/F - SEG-P3,Bodyshop
WINDSHIELD GLASS O/F FR,998729,1,1728.81,,9,9,0,BODY PARTS,WINDSHIELD GLASS O/F,SEG-C,2040,WINDSHIELD GLASS O/F FR - SEG-C,Bodyshop
WINDSHIELD GLASS O/F FR,998729,1,1440.68,,9,9,0,BODY PARTS,WINDSHIELD GLASS O/F,SEG-B,1700,WINDSHIELD GLASS O/F FR - SEG-B,Bodyshop
WINDSHIELD GLASS O/F FR,998729,1,2161.02,,9,9,0,BODY PARTS,WINDSHIELD GLASS O/F,SEG-SUV,2550,WINDSHIELD GLASS O/F FR - SEG-SUV,Bodyshop
WINDSHIELD GLASS O/F FR,998729,1,3169.49,,9,9,0,BODY PARTS,WINDSHIELD GLASS O/F,SEG-P2,3740,WINDSHIELD GLASS O/F FR - SEG-P2,Bodyshop
WINDSHIELD GLASS O/F FR,998729,1,1364.41,,9,9,0,BODY PARTS,WINDSHIELD GLASS O/F,SEG-C,1610,WINDSHIELD GLASS O/F FR - SEG-C,Bodyshop
WINDSHIELD GLASS O/F FR,998729,1,1220.34,,9,9,0,BODY PARTS,WINDSHIELD GLASS O/F,SEG-B,1440,WINDSHIELD GLASS O/F FR - SEG-B,Bodyshop
WINDSHIELD GLASS O/F FR,998729,1,1516.95,,9,9,0,BODY PARTS,WINDSHIELD GLASS O/F,SEG-D,1790,WINDSHIELD GLASS O/F FR - SEG-D,Bodyshop
WINDSHIELD GLASS O/F FR,998729,1,2872.88,,9,9,0,BODY PARTS,WINDSHIELD GLASS,SEG-P1,3390,WINDSHIELD GLASS O/F FR - SEG-P1,Bodyshop
WINDSHIELD GLASS O/F RR,998729,1,1296.61,,9,9,0,BODY PARTS,WINDSHIELD GLASS O/F,SEG-SUV,1530,WINDSHIELD GLASS O/F RR - SEG-SUV,Bodyshop
WINDSHIELD GLASS O/F RR ,998729,1,1728.81,,9,9,0,BODY PARTS,WINDSHIELD GLASS O/F,SEG-C,2040,WINDSHIELD GLASS O/F RR  - SEG-C,Bodyshop
WINDSHIELD GLASS O/F RR,998729,1,5033.9,,9,9,0,BODY PARTS,WINDSHIELD GLASS O/F,SEG-P2,5940,WINDSHIELD GLASS O/F RR - SEG-P2,Bodyshop
WINDSHIELD GLASS O/F RR,998729,1,1008.48,,9,9,0,BODY PARTS,WINDSHIELD GLASS O/F,SEG-B,1190,WINDSHIELD GLASS O/F RR - SEG-B,Bodyshop
WINDSHIELD GLASS RR O/F,998729,1,1728.81,,9,9,0,BODY PARTS,WINDSHIELD GLASS O/F,SEG-D,2040,WINDSHIELD GLASS RR O/F - SEG-D,Bodyshop
WINDSHIELD GLASS RR O/F,998729,1,1728.81,,9,9,0,BODY PARTS,WINDSHIELD GLASS O/F,SEG-SUV,2040,WINDSHIELD GLASS RR O/F - SEG-SUV,Bodyshop
WINDSHIELD HOSE REPAIR,998729,0,177.97,,9,9,0,WIPING SYSTEM,WIPER PIPE,COMMON,210,WINDSHIELD HOSE REPAIR - COMMON,Mechanical
WINDSHIELD PIPE O/F,998729,0,372.88,,9,9,0,WIPING SYSTEM,WIPER PIPE,SEG-C,440,WINDSHIELD PIPE O/F - SEG-C,Mechanical
WINDSHIELD WASHER HOSE O/F,998729,0,669.49,,9,9,0,WIPING SYSTEM,W/S WASHER TANK O/F,SEG-F,790,WINDSHIELD WASHER HOSE O/F - SEG-F,Mechanical
WINDSHIELD WASHER MOTOR O/F,998729,0,423.73,BUMPER O/F EXTRA,9,9,0,WIPING SYSTEM,W/S WASHER MOTOR O/F,SEG-A,500,WINDSHIELD WASHER MOTOR O/F - SEG-A,Mechanical
WINDSHIELD WASHER MOTOR O/F,998729,0,423.73,BUMPER O/F EXTRA,9,9,0,WIPING SYSTEM,W/S WASHER MOTOR O/F,SEG-B,500,WINDSHIELD WASHER MOTOR O/F - SEG-B,Mechanical
WINDSHIELD WASHER MOTOR O/F,998729,0,423.73,BUMPER O/F EXTRA,9,9,0,WIPING SYSTEM,W/S WASHER MOTOR O/F,SEG-C,500,WINDSHIELD WASHER MOTOR O/F - SEG-C,Mechanical
WINDSHIELD WASHER MOTOR O/F,998729,0,618.64,BUMPER O/F EXTRA,9,9,0,WIPING SYSTEM,W/S WASHER MOTOR O/F,SEG-D,730,WINDSHIELD WASHER MOTOR O/F - SEG-D,Mechanical
WINDSHIELD WASHER MOTOR O/F,998729,0,618.64,BUMPER O/F EXTRA,9,9,0,WIPING SYSTEM,W/S WASHER MOTOR O/F,SEG-E,730,WINDSHIELD WASHER MOTOR O/F - SEG-E,Mechanical
WINDSHIELD WASHER MOTOR O/F,998729,0,669.49,BUMPER O/F EXTRA,9,9,0,WIPING SYSTEM,W/S WASHER MOTOR O/F,SEG-F,790,WINDSHIELD WASHER MOTOR O/F - SEG-F,Mechanical
WINDSHIELD WASHER MOTOR O/F,998729,0,974.58,BUMPER O/F EXTRA,9,9,0,WIPING SYSTEM,W/S WASHER MOTOR O/F,SEG-P2,1150,WINDSHIELD WASHER MOTOR O/F - SEG-P2,Mechanical
WINDSHIELD WASHER MOTOR O/F,998729,0,1220.34,BUMPER O/F EXTRA,9,9,0,WIPING SYSTEM,W/S WASHER MOTOR O/F,SEG-P3,1440,WINDSHIELD WASHER MOTOR O/F - SEG-P3,Mechanical
WINDSHIELD WASHER MOTOR O/F,998729,0,1220.34,BUMPER O/F EXTRA,9,9,0,WIPING SYSTEM,W/S WASHER MOTOR O/F,SEG-P4,1440,WINDSHIELD WASHER MOTOR O/F - SEG-P4,Mechanical
WINDSHIELD WASHER MOTOR O/F,998729,0,855.93,BUMPER O/F EXTRA,9,9,0,WIPING SYSTEM,W/S WASHER MOTOR O/F,SEG-P1,1010,WINDSHIELD WASHER MOTOR O/F - SEG-P1,Mechanical
WINDSHIELD WASHER NOZZLE O/F,998729,0,432.2,,9,9,0,WIPING SYSTEM,WIPING NOZZLE,SEG-P3,510,WINDSHIELD WASHER NOZZLE O/F - SEG-P3,Mechanical
WINDSHIELD WASHER TANK CLEANING,998729,0,1347.46,,9,9,0,WIPING SYSTEM,W/S WASHER TANK O/F,SEG-P1,1590,WINDSHIELD WASHER TANK CLEANING - SEG-P1,Mechanical
WINDSHIELD WASHER TANK O/F,998729,0,423.73,,9,9,0,WIPING SYSTEM,W/S WASHER TANK O/F,SEG-A,500,WINDSHIELD WASHER TANK O/F - SEG-A,Mechanical
WINDSHIELD WASHER TANK O/F,998729,0,423.73,,9,9,0,WIPING SYSTEM,W/S WASHER TANK O/F,SEG-C,500,WINDSHIELD WASHER TANK O/F - SEG-C,Mechanical
WINDSHIELD WASHER TANK O/F,998729,0,618.64,,9,9,0,WIPING SYSTEM,W/S WASHER TANK O/F,SEG-E,730,WINDSHIELD WASHER TANK O/F - SEG-E,Mechanical
WINDSHIELD WASHER TANK O/F,998729,0,669.49,,9,9,0,WIPING SYSTEM,W/S WASHER TANK O/F,SEG-F,790,WINDSHIELD WASHER TANK O/F - SEG-F,Mechanical
WINDSHIELD WASHER TANK O/F,998729,0,1593.22,,9,9,0,WIPING SYSTEM,W/S WASHER TANK O/F,SEG-P2,1880,WINDSHIELD WASHER TANK O/F - SEG-P2,Mechanical
WINDSHIELD WASHER TANK O/F,998729,0,1703.39,,9,9,0,WIPING SYSTEM,W/S WASHER TANK O/F,SEG-P3,2010,WINDSHIELD WASHER TANK O/F - SEG-P3,Mechanical
WINDSHIELD WASHER TANK O/F,998729,0,1830.51,,9,9,0,WIPING SYSTEM,W/S WASHER TANK O/F,SEG-P4,2160,WINDSHIELD WASHER TANK O/F - SEG-P4,Mechanical
WINDSHIELD WASHER TANK O/F,998729,0,423.73,,9,9,0,WIPING SYSTEM,W/S WASHER TANK O/F,SEG-B,500,WINDSHIELD WASHER TANK O/F - SEG-B,Mechanical
WINDSHIELD WASHER TANK O/F,998729,0,1220.34,,9,9,0,WIPING SYSTEM,W/S WASHER TANK O/F,SEG-P1,1440,WINDSHIELD WASHER TANK O/F - SEG-P1,Mechanical
WINDSHIELD WASHER TANK O/F,998729,0,618.64,,9,9,0,WIPING SYSTEM,W/S WASHER TANK O/F,SEG-D,730,WINDSHIELD WASHER TANK O/F - SEG-D,Mechanical
WINDSHIELD WASHER TANK REPAIR,998729,1,1525.42,,9,9,0,WIPING SYSTEM,W/S WASHER TANK O/F,SEG-P1,1800,WINDSHIELD WASHER TANK REPAIR - SEG-P1,Mechanical
WINDSHILD GARNISH PAINTING,998729,1,3754.24,,9,9,0,PAINTING SERVICE,SHOW GRILLE PAINT,,4430,WINDSHILD GARNISH PAINTING - ,Bodyshop
WINDSHILED GLASS RR O/F,998729,1,720.34,,9,9,0,BODY PARTS,WINDSHIELD GLASS O/F,SEG-B,850,WINDSHILED GLASS RR O/F - SEG-B,Bodyshop
WIPER ARM O/F,998729,0,720.34,,9,9,0,WIPING SYSTEM,WIPER ARM,COMMON,850,WIPER ARM O/F - COMMON,Mechanical
WIPER ARM REPAIR FR RH,998729,0,1440.68,,9,9,0,WIPING SYSTEM,WIPER ARM,SEG-SUV,1700,WIPER ARM REPAIR FR RH - SEG-SUV,Mechanical
WIPER BLADE O/F RR,998729,0,127.12,,9,9,0,WIPING SYSTEM,WIPER BLADE,SEG-P1-P2-P3-P4,150,WIPER BLADE O/F RR - SEG-P1-P2-P3-P4,Mechanical
WIPER BLADE SET O/F FR,998729,0,177.97,,9,9,0,WIPING SYSTEM,WIPER BLADE,SEG-P1-P2-P3-P4,210,WIPER BLADE SET O/F FR - SEG-P1-P2-P3-P4,Mechanical
WIPER COWL PANEL CLEAN,998729,0,364.41,,9,9,0,WIPING SYSTEM,WIPER COWL,SEG-A,430,WIPER COWL PANEL CLEAN - SEG-A,Mechanical
WIPER COWL PANEL CLEAN,998729,0,576.27,,9,9,0,WIPING SYSTEM,WIPER COWL,SEG-B,680,WIPER COWL PANEL CLEAN - SEG-B,Mechanical
WIPER COWL PANEL CLEAN,998729,0,720.34,,9,9,0,WIPING SYSTEM,WIPER COWL,SEG-C,850,WIPER COWL PANEL CLEAN - SEG-C,Mechanical
WIPER COWL PANEL CLEAN,998729,0,855.93,,9,9,0,WIPING SYSTEM,WIPER COWL,SEG-D,1010,WIPER COWL PANEL CLEAN - SEG-D,Mechanical
WIPER COWL PANEL CLEAN,998729,0,855.93,,9,9,0,WIPING SYSTEM,WIPER COWL,SEG-SUV,1010,WIPER COWL PANEL CLEAN - SEG-SUV,Mechanical
WIPER COWL PANEL CLEAN,998729,0,1296.61,,9,9,0,WIPING SYSTEM,WIPER COWL,SEG-P1,1530,WIPER COWL PANEL CLEAN - SEG-P1,Mechanical
WIPER COWL PANEL CLEAN,998729,0,1728.81,,9,9,0,WIPING SYSTEM,WIPER COWL,SEG-P2,2040,WIPER COWL PANEL CLEAN - SEG-P2,Mechanical
WIPER COWL PANEL CLEAN,998729,0,2161.02,,9,9,0,WIPING SYSTEM,WIPER COWL,SEG-P3,2550,WIPER COWL PANEL CLEAN - SEG-P3,Mechanical
WIPER COWL PANEL O/F,998729,0,211.86,,9,9,0,WIPING SYSTEM,WIPER COWL,SEG-D,250,WIPER COWL PANEL O/F - SEG-D,Mechanical
WIPER COWL PANEL PAINTING,998729,0,4313.56,,9,9,0,PAINTING SERVICE,COWL PANEL PAINT,SEG-B,5090,WIPER COWL PANEL PAINTING - SEG-B,Bodyshop
WIPER LINK O/F FR,998729,0,1101.7,,9,9,0,WIPING SYSTEM,WIPER LINK O/F,SEG-D,1300,WIPER LINK O/F FR - SEG-D,Mechanical
WIPER LINK O/F FR,998729,0,1101.7,,9,9,0,WIPING SYSTEM,WIPER LINK O/F,SEG-F,1300,WIPER LINK O/F FR - SEG-F,Mechanical
WIPER LINK O/F FR,998729,0,728.81,,9,9,0,WIPING SYSTEM,WIPER LINK O/F,SEG-A,860,WIPER LINK O/F FR - SEG-A,Mechanical
WIPER LINK O/F FR,998729,0,974.58,,9,9,0,WIPING SYSTEM,WIPER LINK O/F,SEG-B,1150,WIPER LINK O/F FR - SEG-B,Mechanical
WIPER LINK O/F FR,998729,0,974.58,,9,9,0,WIPING SYSTEM,WIPER LINK O/F,SEG-C,1150,WIPER LINK O/F FR - SEG-C,Mechanical
WIPER LINK O/F FR,998729,0,974.58,,9,9,0,WIPING SYSTEM,WIPER LINK O/F,SEG-E,1150,WIPER LINK O/F FR - SEG-E,Mechanical
WIPER LINK O/F FR,998729,0,2076.27,,9,9,0,WIPING SYSTEM,WIPER LINK O/F,SEG-P1,2450,WIPER LINK O/F FR - SEG-P1,Mechanical
WIPER LINK O/F FR,998729,0,2440.68,,9,9,0,WIPING SYSTEM,WIPER LINK O/F,SEG-P2,2880,WIPER LINK O/F FR - SEG-P2,Mechanical
WIPER LINK O/F FR,998729,0,2745.76,,9,9,0,WIPING SYSTEM,WIPER LINK O/F,SEG-P3,3240,WIPER LINK O/F FR - SEG-P3,Mechanical
WIPER LINK O/F FR,998729,0,3050.85,,9,9,0,WIPING SYSTEM,WIPER LINK O/F,SEG-P4,3600,WIPER LINK O/F FR - SEG-P4,Mechanical
WIPER LINK O/F RR,998729,0,974.58,,9,9,0,WIPING SYSTEM,WIPER LINK O/F,SEG-P1,1150,WIPER LINK O/F RR - SEG-P1,Mechanical
WIPER LINK O/F RR,998729,0,1152.54,,9,9,0,WIPING SYSTEM,WIPER LINK O/F,SEG-P2,1360,WIPER LINK O/F RR - SEG-P2,Mechanical
WIPER LINK O/F RR,998729,0,1398.31,,9,9,0,WIPING SYSTEM,WIPER LINK O/F,SEG-P3,1650,WIPER LINK O/F RR - SEG-P3,Mechanical
WIPER LINK O/F RR,998729,0,1593.22,,9,9,0,WIPING SYSTEM,WIPER LINK O/F,SEG-P4,1880,WIPER LINK O/F RR - SEG-P4,Mechanical
WIPER LINK REPAIR,998729,1,4313.56,,9,9,0,WIPING SYSTEM,WIPER LINK REPAIR,SEG-P2,5090,WIPER LINK REPAIR - SEG-P2,Mechanical
WIPER LINK SERVICE,998729,0,720.34,,9,9,0,WIPING SYSTEM,WIPER LINK REPAIR,SEG-B,850,WIPER LINK SERVICE - SEG-B,Mechanical
WIPER MOTOR O/F FR,998729,0,974.58,,9,9,0,WIPING SYSTEM,WIPER MOTOR O/F,SEG-E,1150,WIPER MOTOR O/F FR - SEG-E,Mechanical
WIPER MOTOR O/F FR,998729,0,3050.85,,9,9,0,WIPING SYSTEM,WIPER MOTOR O/F,SEG-P4,3600,WIPER MOTOR O/F FR - SEG-P4,Mechanical
WIPER MOTOR O/F FR,998729,0,728.81,,9,9,0,WIPING SYSTEM,WIPER MOTOR O/F,SEG-A,860,WIPER MOTOR O/F FR - SEG-A,Mechanical
WIPER MOTOR O/F FR,998729,0,974.58,,9,9,0,WIPING SYSTEM,WIPER MOTOR O/F,SEG-B,1150,WIPER MOTOR O/F FR - SEG-B,Mechanical
WIPER MOTOR O/F FR,998729,0,974.58,,9,9,0,WIPING SYSTEM,WIPER MOTOR O/F,SEG-C,1150,WIPER MOTOR O/F FR - SEG-C,Mechanical
WIPER MOTOR O/F FR,998729,0,1101.7,,9,9,0,WIPING SYSTEM,WIPER MOTOR O/F,SEG-D,1300,WIPER MOTOR O/F FR - SEG-D,Mechanical
WIPER MOTOR O/F FR,998729,0,1101.7,,9,9,0,WIPING SYSTEM,WIPER MOTOR O/F,SEG-F,1300,WIPER MOTOR O/F FR - SEG-F,Mechanical
WIPER MOTOR O/F FR,998729,0,2076.27,,9,9,0,WIPING SYSTEM,WIPER MOTOR O/F,SEG-P1,2450,WIPER MOTOR O/F FR - SEG-P1,Mechanical
WIPER MOTOR O/F FR,998729,0,2440.68,,9,9,0,WIPING SYSTEM,WIPER MOTOR O/F,SEG-P2,2880,WIPER MOTOR O/F FR - SEG-P2,Mechanical
WIPER MOTOR O/F FR,998729,0,2745.76,,9,9,0,WIPING SYSTEM,WIPER MOTOR O/F,SEG-P3,3240,WIPER MOTOR O/F FR - SEG-P3,Mechanical
WIPER MOTOR O/F RR,998729,0,728.81,,9,9,0,WIPING SYSTEM,WIPER MOTOR O/F,SEG-A,860,WIPER MOTOR O/F RR - SEG-A,Mechanical
WIPER MOTOR O/F RR,998729,0,974.58,,9,9,0,WIPING SYSTEM,WIPER MOTOR O/F,SEG-B,1150,WIPER MOTOR O/F RR - SEG-B,Mechanical
WIPER MOTOR O/F RR,998729,0,974.58,,9,9,0,WIPING SYSTEM,WIPER MOTOR O/F,SEG-C,1150,WIPER MOTOR O/F RR - SEG-C,Mechanical
WIPER MOTOR O/F RR,998729,0,1101.7,,9,9,0,WIPING SYSTEM,WIPER MOTOR O/F,SEG-D,1300,WIPER MOTOR O/F RR - SEG-D,Mechanical
WIPER MOTOR O/F RR,998729,0,974.58,,9,9,0,WIPING SYSTEM,WIPER MOTOR O/F,SEG-E,1150,WIPER MOTOR O/F RR - SEG-E,Mechanical
WIPER MOTOR O/F RR,998729,0,1101.7,,9,9,0,WIPING SYSTEM,WIPER MOTOR O/F,SEG-F,1300,WIPER MOTOR O/F RR - SEG-F,Mechanical
WIPER MOTOR O/F RR,998729,0,2076.27,,9,9,0,WIPING SYSTEM,WIPER MOTOR O/F,SEG-P1,2450,WIPER MOTOR O/F RR - SEG-P1,Mechanical
WIPER MOTOR O/F RR,998729,0,2440.68,,9,9,0,WIPING SYSTEM,WIPER MOTOR O/F,SEG-P2,2880,WIPER MOTOR O/F RR - SEG-P2,Mechanical
WIPER MOTOR O/F RR,998729,0,3050.85,,9,9,0,WIPING SYSTEM,WIPER MOTOR O/F,SEG-P4,3600,WIPER MOTOR O/F RR - SEG-P4,Mechanical
WIPER MOTOR O/F RR,998729,0,2745.76,,9,9,0,WIPING SYSTEM,WIPER MOTOR O/F,SEG-P3,3240,WIPER MOTOR O/F RR - SEG-P3,Mechanical
WIPER PIPE CLEANING,998729,0,211.86,,9,9,0,WIPING SYSTEM,WIPER PIPE,,250,WIPER PIPE CLEANING - ,Mechanical
WIRELESS SET WIRING,998729,1,1008.48,,9,9,0,ELECTRICAL,WIRING REPAIR,,1190,WIRELESS SET WIRING - ,Mechanical
WIRING,998729,1,1830.51,,9,9,0,ELECTRICAL,WIRING REPAIR,SEG-F,2160,WIRING - SEG-F,Mechanical
WIRING CHECK,998729,0,211.86,,9,9,0,ELECTRICAL,WIRING REPAIR,COMMON,250,WIRING CHECK - COMMON,Mechanical
WIRING CHECK & REPAIR,998729,0,11508.48,,9,9,0,ELECTRICAL,WIRING REPAIR,SEG-92,13580,WIRING CHECK & REPAIR - SEG-92,Mechanical
WIRING HARNESS O/F,998729,0,728.81,,9,9,0,ELECTRICAL,WIRING HARNESS,SEG-B,860,WIRING HARNESS O/F - SEG-B,Mechanical
WIRING O/F,998729,0,2872.88,,9,9,0,ELECTRICAL,WIRING REPAIR,SEG-D,3390,WIRING O/F - SEG-D,Mechanical
WIRING RECTIFICATION ,998729,0,8627.12,,9,9,0,ELECTRICAL,WIRING REPAIR,SEG-P3,10180,WIRING RECTIFICATION  - SEG-P3,Mechanical
WIRING REPAIR,998729,0,720.34,,9,9,0,ELECTRICAL,WIRING REPAIR,SEG-D,850,WIRING REPAIR - SEG-D,Mechanical
WIRING REPAIR,998729,0,7194.92,,9,9,0,ELECTRICAL,WIRING REPAIR,SEG-SUV,8490,WIRING REPAIR - SEG-SUV,Mechanical
WIRING REPAIR,998729,0,1440.68,,9,9,0,ELECTRICAL,WIRING REPAIR,SEG-A,1700,WIRING REPAIR - SEG-A,Mechanical
WIRING REPAIR,998729,0,720.34,,9,9,0,ELECTRICAL,WIRING REPAIR,SEG-P3,850,WIRING REPAIR - SEG-P3,Mechanical
WIRING REPAIR,998729,0,1728.81,,9,9,0,ELECTRICAL,WIRING REPAIR,SEG-B,2040,WIRING REPAIR - SEG-B,Mechanical
WIRING REPAIR,998729,0,508.48,,9,9,0,ELECTRICAL,WIRING REPAIR,SEG-C,600,WIRING REPAIR - SEG-C,Mechanical
WIRING REPAIR,998729,0,720.34,,9,9,0,ELECTRICAL,WIRING REPAIR,SEG-P2,850,WIRING REPAIR - SEG-P2,Mechanical
WOODEN TRIM FILM,998729,1,4800,,9,9,0,ACCESSORIES,WOODEN TRIM FILM O/F,,5664,WOODEN TRIM FILM - ,Accessories
WOOFER BOX CARPET PADDING,998729,1,1313.56,,9,9,0,ELECTRICAL,SPEAKER FITTING,SEG-F,1550,WOOFER BOX CARPET PADDING - SEG-F,Mechanical
WOOFER FITTING,998729,0,1525.42,,9,9,0,ACCESSORIES,MUSIC PLAYER,,1800,WOOFER FITTING - ,Accessories
WOOFER WIRING,998729,1,796.61,,9,9,0,ELECTRICAL,WIRING REPAIR,,940,WOOFER WIRING - ,Mechanical
WORKSHOP ON WHEEL SERVICE,998729,0,423.73,,9,9,0,GENERAL SERVICE,SERVICE CHARGE,COMMON,500,WORKSHOP ON WHEEL SERVICE - COMMON,Mechanical
WRAPPING CHARGE,998729,1,2161.02,,9,9,0,UPHOLSTERY,WRAPPING FILM,COMMON,2550,WRAPPING CHARGE - COMMON,Mechanical
WRAPPING CHARGES,998729,1,2161.02,,9,9,0,UPHOLSTERY,WRAPPING FILM,SEG-P3,2550,WRAPPING CHARGES - SEG-P3,Mechanical